hand,high_card_wins,one_pair_wins,two_pair_wins,three_of_a_kind_wins,straight_wins,flush_wins,full_house_wins,four_of_a_kind_wins,straight_flush_wins,tot_wins,tot_sims,tot_win_perc,high_card_win_perc,one_pair_win_perc,two_pair_win_perc,three_of_a_kind_win_perc,straight_win_perc,flush_win_perc,full_house_win_perc,four_of_a_kind_win_perc,straight_flush_win_perc,straight_win_potential,flush_win_potential,value_win_potential,highcard_win_potential
22o,0.0,1487017440.0,2118410928.0,1336752180.0,79210800.0,147734352.0,942474528.0,102694320.0,1044384.0,6215338932.0,12346602360.0,0.5034048032628144,0.0,0.23924961394205108,0.3408359465472188,0.21507309490680565,0.012744405553199846,0.023769315497724815,0.15163686780581187,0.016522722432926847,0.0001680333142610991,0.012912438867460945,0.023937348811985913,0.42008247282499117,0.0
32o,0.0,2088124560.0,2813515524.0,671886168.0,998413704.0,303705876.0,455871744.0,25682580.0,2623344.0,7359823500.0,23628509460.0,0.311480650629242,0.0,0.28371937995523944,0.3822802984337872,0.0912910707709227,0.13565728906406518,0.041265374910145605,0.06194058104790149,0.0034895646614351555,0.00035644115650327755,0.13601373022056845,0.04162181606664888,0.3343567627674767,0.0
32s,0.0,669668760.0,917191548.0,221779452.0,310456956.0,488551716.0,151948008.0,8560764.0,8355048.0,2776512252.0,7904918228.0,0.3512385798205122,0.0,0.24119063746886718,0.33033945639509465,0.07987699382210398,0.11181544607857181,0.17595878269511775,0.054726215557142806,0.0030832797492009773,0.0030091882339008673,0.11482463431247268,0.17896797092901862,0.4314790943699391,0.0
33o,0.0,1676699316.0,2315115000.0,1322448588.0,123431868.0,155642916.0,952437984.0,102692832.0,1578960.0,6650047464.0,12370515516.0,0.5375723796958051,0.0,0.2521334359005411,0.34813510919025226,0.19886302994964608,0.01856105067944219,0.023404782724119215,0.1432227347482884,0.015442420908411128,0.0002374358992996204,0.01879848657874181,0.023642218623418837,0.3999688908085063,0.0
42o,0.0,2163103764.0,2852541672.0,669843000.0,1097583264.0,310927476.0,457961112.0,25694676.0,3157944.0,7580812908.0,23619163524.0,0.3209602617932237,0.0,0.2853392888402886,0.37628440466981117,0.08836031282253616,0.14478437567582297,0.04101505732609224,0.06041055458798034,0.0033894354486554493,0.00041657062881309665,0.14520094630463606,0.041431627954905334,0.33879287711871336,0.0
42s,0.0,693778980.0,929956188.0,221105160.0,341059860.0,490159548.0,152644464.0,8564796.0,8544764.0,2845813760.0,7901795136.0,0.3601477526334087,0.0,0.24378931248122154,0.3267804102542536,0.07769488049702873,0.11984616308833927,0.1722388003352686,0.05363824792245013,0.003009612266404953,0.003002573155033167,0.12284873624337243,0.17524137349030175,0.432432850419558,0.0
43o,0.0,2240074824.0,2869745496.0,667351848.0,1485964800.0,318834024.0,460009368.0,25694676.0,3692520.0,8071367556.0,23620550484.0,0.3417095448925863,0.0,0.27753349211990713,0.355546377499154,0.0826813849536454,0.18410322534443133,0.039501859107257335,0.0569927419124958,0.0031834352508081963,0.000457483812300816,0.18456070915673214,0.039959342919558154,0.3673776141932397,0.0
43s,0.0,718562424.0,935573304.0,220285860.0,462180120.0,486686124.0,153322596.0,8564748.0,12453636.0,2997628812.0,7901204472.0,0.37938884161559006,0.0,0.2397102740417615,0.3121044541121124,0.07348670359657591,0.15418190476079532,0.1623570343505225,0.05114795914231425,0.002857174299137341,0.004154495696780753,0.15833640045757608,0.16651153004730326,0.4523397675429069,0.0
44o,0.0,1862501400.0,2511612792.0,1308135960.0,167836176.0,162864516.0,962362272.0,102699984.0,2113560.0,7080126660.0,12392548212.0,0.5713212923508455,0.0,0.263060463384422,0.35474122323116747,0.18476166074689968,0.0237052504933577,0.023003051191177418,0.13592444291102554,0.014505387958695078,0.00029852008325512077,0.02400377057661282,0.02330157127443254,0.38249683346766566,0.0
52o,33604200.0,2262444060.0,2895581856.0,669146808.0,1183900392.0,317595828.0,460048752.0,25737876.0,3692544.0,7851752316.0,23614887156.0,0.3324916297135492,0.004279834443009957,0.28814511321118447,0.36878160943761484,0.08522260777844944,0.1507816783251674,0.04044903802592135,0.05859185739500854,0.0032779785918045762,0.00047028279183940577,0.1512519611170068,0.04091932081776076,0.33926372570003016,0.004279834443009957
52s,10231200.0,725349516.0,943981512.0,220859016.0,367681236.0,491943660.0,153340344.0,8579196.0,8723484.0,2930689164.0,7900331468.0,0.3709577472629659,0.0034910560033721816,0.24750134709270724,0.32210222892133367,0.07536077817906724,0.12545896730247713,0.16785937793845135,0.052322281695241564,0.0029273646981689935,0.0029765981691806604,0.1284355654716578,0.17083597610763201,0.4298819661517676,0.0034910560033721816
53o,31546800.0,2334382392.0,2912134260.0,666602016.0,1585684080.0,323311176.0,462097008.0,25737876.0,4207512.0,8345703120.0,23605959120.0,0.3535422169281466,0.003780005057261131,0.2797106916499086,0.3489381563335553,0.07987367947495358,0.19000005837734615,0.03873983669814509,0.055369451962964146,0.003083967357803641,0.0005041530880623992,0.19050421146540855,0.03924398978620749,0.3680753000473374,0.003780005057261131
53s,9604800.0,748528512.0,949387776.0,220022232.0,492951684.0,488423436.0,154018476.0,8579148.0,12643364.0,3084159428.0,7897899464.0,0.3905037588865413,0.003114235896108805,0.24270097881593689,0.30782707514431384,0.0713394482796497,0.15983339885891268,0.1583651712572882,0.04993855849400013,0.002781681103159885,0.004099452150629873,0.16393285100954255,0.16246462340791806,0.45045716229427035,0.003114235896108805
54o,30861000.0,2403370056.0,2928451152.0,664110864.0,1974478824.0,332721960.0,464143536.0,25737876.0,4761720.0,8828636988.0,23620108272.0,0.3737763132299329,0.003495556566879653,0.2722243602570467,0.3316991236563911,0.07522235480999709,0.2236448079906035,0.03768667354340654,0.0525725020329718,0.0029152717497597036,0.0005393493929439156,0.2241841573835474,0.038226022936350454,0.39312030891262645,0.003495556566879653
54s,9396000.0,770748360.0,954712896.0,219202932.0,614202408.0,484901028.0,154696032.0,8579100.0,16552236.0,3232990992.0,7900147548.0,0.4092317228706018,0.0029062870955255666,0.23840102304869026,0.2953032960383825,0.06780190001840872,0.1899796224362632,0.1499852703579695,0.04784919982232973,0.002653610857942038,0.005119790324488476,0.19509941276075168,0.15510506068245797,0.46850918414189,0.0029062870955255666
55o,0.0,2044676700.0,2708071488.0,1293814296.0,212240484.0,169532868.0,972247392.0,102726144.0,2648160.0,7505957532.0,12413042868.0,0.6046831233741937,0.0,0.27240717673700793,0.3607896096473678,0.17237165151602674,0.028276270295316666,0.022586441140551874,0.1295300949752296,0.01368594793696203,0.0003528077515373824,0.028629078046854047,0.022939248892089256,0.36715602136716163,0.0
62o,106463520.0,2454500964.0,2988941772.0,674383608.0,782653896.0,324143532.0,462157128.0,25830684.0,3692544.0,7822767648.0,23662387368.0,0.33059925553324243,0.013609444226202843,0.31376375656862665,0.38208239161547447,0.08620780244858936,0.10004820943392029,0.04143591457466742,0.0590784679790607,0.0033019878848893048,0.0004720252685689892,0.10052023470248928,0.04190793984323641,0.291016432858265,0.013609444226202843
62s,32501460.0,786042960.0,974387868.0,222531504.0,242600772.0,497445428.0,154047852.0,8610180.0,4803120.0,2922971144.0,7915161532.0,0.3692876174646337,0.011119322907691354,0.2689191652177323,0.3333552813205603,0.0761319537679295,0.08299800444420671,0.17018485763060273,0.05270248812281809,0.0029456944922888364,0.0016432320961701564,0.08464123654037686,0.17182808972677288,0.3882494626501862,0.011119322907691354
63o,105091920.0,2529998652.0,3005658084.0,671891520.0,1184999832.0,332050080.0,464205384.0,25830684.0,4227120.0,8323953276.0,23656669044.0,0.351864975602353,0.012625241458647515,0.30394195739836827,0.36108541030210367,0.08071783895486632,0.14236022148474156,0.03989091108396558,0.05576741826968419,0.003103175035169431,0.0005078260124534605,0.14286804749719503,0.040398737096419036,0.322855216853334,0.012625241458647515
63s,32083860.0,810367584.0,979846728.0,221712240.0,368018556.0,493925204.0,154725984.0,8610132.0,8723508.0,3078013796.0,7912356856.0,0.3890135204993843,0.01042355951805487,0.26327613770058617,0.31833734120144275,0.07203094420438394,0.11956364733590687,0.16046880772330366,0.050268125568856285,0.0027973013022843515,0.002834135445181091,0.12239778278108795,0.16330294316848476,0.4107970970250972,0.01042355951805487
64o,99967680.0,2596656216.0,3021730752.0,669304224.0,1586783520.0,339269664.0,466251912.0,25830684.0,4761720.0,8810556372.0,23656841292.0,0.372431647287563,0.011346352690926294,0.2947210262739126,0.34296707545088506,0.07596617009648253,0.18010026302570487,0.03850717817074538,0.05291969000751772,0.002931788063020636,0.0005404562208049397,0.18064071924650982,0.03904763439155032,0.35150600180508107,0.011346352690926294
64s,30519420.0,831874488.0,985093584.0,220861936.0,493289004.0,490369996.0,155403540.0,8610084.0,12643388.0,3228665440.0,7911650144.0,0.4080900167771625,0.009452642451551127,0.25765273716312953,0.30510859743956625,0.06840657234525978,0.15278418069851177,0.15188008950224338,0.04813243827455842,0.00266676252464238,0.003915979600537366,0.15670016029904912,0.15579606910278074,0.4317020025462905,0.009452642451551127
65o,115372440.0,2674642080.0,3038249172.0,667230384.0,1975578264.0,345936000.0,468296712.0,25830684.0,5296320.0,9316432056.0,23695077060.0,0.39318006995331545,0.012383757999469062,0.2870886691303102,0.3261172467890534,0.07161866044740679,0.21205309630607797,0.037131811612065496,0.05026567136271937,0.0027725940408017506,0.0005684923120959216,0.21262158861817387,0.03770030392416142,0.37497881839326325,0.012383757999469062
65s,35206140.0,856886568.0,990479796.0,220177876.0,614539728.0,486796856.0,156080520.0,8610036.0,16552260.0,3385329780.0,7922917124.0,0.427283250224239,0.010399619029139311,0.2531176055763761,0.29258000264895906,0.0650388264389415,0.1815302401646672,0.14379599260193787,0.04610496765251627,0.0025433374470241418,0.004889408440438556,0.18641964860510576,0.14868540104237643,0.4487921811859641,0.010399619029139311
66o,0.0,2217127032.0,2897732448.0,1300328820.0,212240484.0,176078556.0,982128120.0,102786720.0,2648160.0,7891070340.0,12438254136.0,0.6344194493631465,0.0,0.28096657822974114,0.3672166541605052,0.16478484717194905,0.02689628590992892,0.022313646744150047,0.12446069768527751,0.013025700642785045,0.00033558945566312113,0.027231875365592042,0.02264923619981317,0.3521523570654168,0.0
72o,214552080.0,2705891940.0,3081283416.0,683539704.0,472098600.0,330440028.0,464263200.0,25991460.0,3692544.0,7981752972.0,23724365760.0,0.33643693798792623,0.026880320745661886,0.3390097325101732,0.3860409394789774,0.08563779239947142,0.05914723265128882,0.04139943057110187,0.05816556859484826,0.003256359861195664,0.0004626231872814718,0.05960985583857029,0.04186205375838334,0.24853163045246895,0.026880320745661886
72s,65582040.0,865057464.0,1004368896.0,225446328.0,145598652.0,502972412.0,154754496.0,8663820.0,1060920.0,2973505028.0,7934519732.0,0.37475551494412745,0.022055466320872824,0.29092180973436715,0.3377727249634232,0.07581837793347763,0.04896532900700378,0.1691513574935176,0.052044470933378224,0.0029136725576103515,0.0003567910563492748,0.049322120063353056,0.16950814854986687,0.3496067900376861,0.022055466320872824
73o,214552080.0,2791489140.0,3099907512.0,681698136.0,864567576.0,338346576.0,466311456.0,25991460.0,4227120.0,8487091056.0,23718838740.0,0.3578206820761074,0.025279813611557886,0.32891000244736857,0.3652497058822648,0.08032176531416726,0.10186854015060776,0.03986602403196839,0.05494361412210116,0.003062469794244187,0.0004980646457199975,0.10236660479632775,0.04036408867768839,0.28105854270452874,0.025279813611557886
73s,65582040.0,892613088.0,1010445480.0,224841624.0,267864276.0,499452188.0,155432628.0,8663772.0,4981320.0,3129876416.0,7931780504.0,0.39459947415609925,0.02095355575854149,0.2851911607234527,0.3228387788203328,0.07183722106425815,0.08558302002937614,0.1595756897770113,0.04966094737971916,0.0027680875691163394,0.0015915388781919241,0.08717455890756806,0.16116722865520322,0.3726080435758649,0.02095355575854149
74o,209976480.0,2859474024.0,3115917180.0,679133256.0,1267188696.0,345566160.0,468357984.0,25991460.0,4761720.0,8976366960.0,23716949544.0,0.3784789837051736,0.023392145278338754,0.3185558296293181,0.3471245319944006,0.07565792029518366,0.14116943989108038,0.03849732988188798,0.05217678667628802,0.0028955433880791344,0.0005304729654234189,0.1416999128565038,0.0390278028473114,0.31145796606336595,0.023392145278338754
74s,64184640.0,914555268.0,1015670916.0,223999092.0,393368172.0,495896980.0,156110184.0,8663724.0,8901708.0,3281350684.0,7930434044.0,0.4137668462778025,0.01956043293786517,0.27871305327388773,0.30952830520445523,0.06826429527701161,0.11987995489725596,0.15112587094638008,0.04757497720716034,0.002640292012141425,0.002712818243842419,0.12259277314109839,0.1538386891902225,0.39491102682763424,0.01956043293786517
75o,219751200.0,2931635592.0,3131866620.0,676896480.0,1668972384.0,352232496.0,470402784.0,25991460.0,5296320.0,9483045336.0,23742530412.0,0.399411737984215,0.023173062261525816,0.3091449516613383,0.3302595852948899,0.07137965242350287,0.1759954028337464,0.03714339471338788,0.04960461195036514,0.0027408347296759145,0.0005585041315677203,0.17655390696531412,0.0377018988449556,0.33798090491381366,0.023173062261525816
75s,67149480.0,937757268.0,1020873456.0,223262772.0,518638620.0,492303176.0,156787164.0,8663676.0,12821588.0,3438257200.0,7937795984.0,0.4331501095430522,0.019530092164134785,0.2727420357034372,0.2969159654490071,0.0649348664201154,0.15084346220521258,0.14318392934653057,0.0456007665744145,0.002519787059560291,0.003729095077587564,0.15457255728280014,0.14691302442411813,0.41454100176100844,0.019530092164134785
76o,236764080.0,3061038720.0,3167439240.0,677872800.0,1975578264.0,358776168.0,472451688.0,25991676.0,5296320.0,9981208956.0,23827280532.0,0.41889836914436174,0.023720982202028153,0.3066801560305898,0.3173402394402292,0.06791489918588575,0.1979297570774151,0.035945161511154324,0.04733411454290768,0.002604060902299379,0.0005306291074906538,0.19846038618490577,0.036475790618644977,0.35278925143464357,0.023720982202028153
76s,72280620.0,979195560.0,1032470736.0,223582044.0,614539728.0,488766960.0,157465512.0,8663700.0,16552260.0,3593517120.0,7963678604.0,0.45123834080836045,0.02011417160021767,0.2724894656964929,0.28731482320028573,0.06221816580631735,0.171013441004561,0.1360135331705335,0.04381932984919243,0.00241092492694177,0.0046061447454576205,0.17561958575001863,0.14061967791599111,0.4246876842484613,0.02011417160021767
77o,0.0,2391484716.0,3086399592.0,1301819760.0,212240484.0,182373036.0,991968600.0,102886920.0,2648160.0,8271821268.0,12456894540.0,0.6640355861919338,0.0,0.2891122327862174,0.3731221325997345,0.15738006393297713,0.02565825313719774,0.022047506841754452,0.11992142574906516,0.012438242639262983,0.0003201423137906224,0.025978395450988363,0.022367649155545073,0.3380857769278387,0.0
82o,321721200.0,3025888980.0,3162192000.0,698818872.0,538432416.0,336615468.0,466350912.0,26238780.0,3692544.0,8579951172.0,23791080084.0,0.3606373120390695,0.0374968567478463,0.3526697202980306,0.36855594357221594,0.08144788449152726,0.06275471797055583,0.03923279529824345,0.05435356246803592,0.0030581502707880447,0.0004303688827566209,0.06318508685331245,0.03966316418100007,0.24170784826466377,0.0374968567478463
82s,98376660.0,965561772.0,1030479168.0,230327808.0,166074816.0,505148220.0,155450304.0,8746260.0,1230848.0,3161395856.0,7955267800.0,0.39739653465845615,0.03111810873456146,0.3054226094993654,0.3259570186518268,0.07285636424266889,0.052532116686623505,0.15978644972323897,0.0491714138566265,0.002766581724778474,0.0003893368803099994,0.05292145356693351,0.16017578660354898,0.3378915999945563,0.03111810873456146
83o,339601680.0,3110018460.0,3203266776.0,696534168.0,554012280.0,344524032.0,468415800.0,26238636.0,4227120.0,8746838952.0,23794544124.0,0.36759850940693733,0.03882564682665716,0.3555591313692682,0.3662199331185308,0.07963267322313447,0.06333857100150711,0.03938840464431132,0.053552580831832376,0.0029997849673453095,0.0004832740174132796,0.0638218450189204,0.0398716786617246,0.23987856270295713,0.03882564682665716
83s,103879980.0,992469108.0,1043904648.0,229570200.0,170862156.0,505207740.0,156138696.0,8746212.0,1239120.0,3212017860.0,7955514592.0,0.4037473406472007,0.032341034367722975,0.30898617357003116,0.3249996399459622,0.07147226759193674,0.05319464693138412,0.15728671570960692,0.0486107807632178,0.002722964933949651,0.00038577618618845414,0.05358042311757257,0.15767249189579538,0.33405892830247214,0.032341034367722975
84o,336397680.0,3188102856.0,3220934424.0,694619808.0,946756440.0,351743616.0,470462328.0,26238636.0,4761720.0,9240017508.0,23792703564.0,0.3883550889097271,0.0364066063412485,0.34503212285471785,0.3485853161221088,0.07517516145381745,0.10246262403510589,0.03806741877874805,0.05091573988822792,0.002839673840150477,0.0005153366858750329,0.10297796072098092,0.038582755464623086,0.27049129136779987,0.0364066063412485
84s,102900180.0,1017642288.0,1049666196.0,228942228.0,293213892.0,501652532.0,156816252.0,8746164.0,5159520.0,3364739252.0,7954187716.0,0.4230148158600485,0.03058191803089531,0.3024431350498003,0.31196063569445354,0.06804159575334606,0.08714312463460987,0.14909105711588733,0.04660576652612486,0.002599358626318899,0.001533408568563874,0.08867653320317374,0.1506244656844512,0.35654771979341476,0.03058191803089531
85o,348778440.0,3261907032.0,3236618256.0,692381160.0,1349377560.0,358409952.0,472507128.0,26238636.0,5296320.0,9751514484.0,23818561344.0,0.409408206615151,0.03576659200704316,0.33450260852835134,0.3319092907374079,0.07100242338111057,0.13837620425155694,0.036754285971483565,0.04845474298123393,0.002690724199102774,0.000543127942709827,0.13891933219426678,0.03729741391419339,0.2983646366699074,0.03576659200704316
85s,106658460.0,1041379464.0,1054781544.0,228205944.0,418717788.0,498058728.0,157493232.0,8746116.0,9079908.0,3523121184.0,7961624188.0,0.4425128718471985,0.03027385503637561,0.2955843439985401,0.2993883800506818,0.06477379916319109,0.11884853405031214,0.14136860527588369,0.044702757519452956,0.0024824908208437033,0.002577234084718898,0.12142576813503103,0.1439458393606026,0.3773306549991214,0.03027385503637561
86o,358235640.0,3381058440.0,3271286340.0,693086256.0,1668972384.0,364953624.0,474556032.0,26238852.0,5296320.0,10243683888.0,23890015224.0,0.42878515530241923,0.03497136810514589,0.3300627466609696,0.3193466701790906,0.06765986373436594,0.16292697063359438,0.03562718529683703,0.04632669625386628,0.002561466391083934,0.0005170327450463786,0.16344400337864076,0.03614421804188341,0.31613624779984034,0.03497136810514589
86s,109474980.0,1079610984.0,1066086900.0,228438048.0,518638620.0,494511148.0,158171580.0,8746140.0,12821588.0,3676499988.0,7983401152.0,0.4605180070500358,0.029776956441540454,0.2936518393917645,0.28997331795992926,0.062134652181590054,0.1410685765518354,0.13450595664737428,0.0430223257218191,0.0023789310563163803,0.0034874440478306346,0.14455602059966605,0.1379934006952049,0.39008533025459646,0.029776956441540454
87o,375145560.0,3515753784.0,3305722224.0,694688544.0,1975578264.0,371246088.0,476603208.0,26239068.0,5296320.0,10746273060.0,23984053224.0,0.44805908991423443,0.03490936419588802,0.32716028751273885,0.30761569202113687,0.06464460191187436,0.183838457572192,0.0345464968112396,0.04435055812735881,0.0024416900495175023,0.0004928517980539758,0.18433130937024597,0.03503934860929357,0.33080750806829023,0.03490936419588802
87s,114561000.0,1122605304.0,1077308700.0,228957156.0,614539728.0,490909284.0,158849352.0,8746164.0,16552260.0,3833028948.0,8012351956.0,0.4783899869912305,0.029887851501819652,0.2928768134103849,0.2810593696565007,0.0597326968061291,0.16032744243182795,0.12807346113473703,0.041442252107927464,0.002281789185172624,0.004318323765500558,0.1646457661973285,0.1323917849002376,0.4004942891967953,0.029887851501819652
88o,0.0,2565492732.0,3271333392.0,1303310700.0,212240484.0,188548476.0,1001769912.0,103037232.0,2648160.0,8648381088.0,12473259660.0,0.6933537281945752,0.0,0.29664427433242174,0.3782596255545579,0.15069996184700968,0.024541065182071217,0.02180159200681144,0.11583322957287333,0.0119140485313452,0.000306202972909512,0.02484726815498073,0.02210779497972095,0.3254023030859299,0.0
92o,438250680.0,3391961244.0,3261933780.0,719573592.0,538432416.0,342776784.0,468437472.0,26590932.0,3692544.0,9191649444.0,23871587196.0,0.3850455928435367,0.04767922043481274,0.36902639343085025,0.35488013330722495,0.07828557827232124,0.05857843244353391,0.037292195061219745,0.050963374403467945,0.0028929445321000213,0.000401728114469201,0.05898016055800311,0.03769392317568895,0.22881598094158126,0.04767922043481274
92s,134061180.0,1080244596.0,1062605928.0,236951688.0,166074816.0,507668128.0,156145824.0,8863644.0,1230848.0,3353846652.0,7980471396.0,0.42025670985814534,0.03997236424630663,0.32209123078296303,0.3168319956925687,0.07065072216664961,0.04951771301200208,0.1513689147645621,0.046557234185673195,0.002642829240482519,0.00036699590879207556,0.049884708920794156,0.15173591067335418,0.32147140518695366,0.03997236424630663
93o,450355320.0,3483053364.0,3297477828.0,717784728.0,620254800.0,350685348.0,470501784.0,26590788.0,4227120.0,9420931080.0,23866212060.0,0.39473926806296883,0.04780369542837161,0.36971434504964024,0.35001612897904777,0.0761904234204418,0.06583795112531489,0.03722406469403871,0.04994217450532501,0.0028225222936245067,0.00044869450419543884,0.06628664562951032,0.03767275919823415,0.23291452504713578,0.04780369542837161
93s,137787900.0,1109427036.0,1074213204.0,236358480.0,191311992.0,507602620.0,156833928.0,8863596.0,1409040.0,3423807796.0,7977912148.0,0.4291608797495121,0.04024405229784692,0.32403309475962183,0.3137481038669847,0.06903380507402758,0.055876966056186875,0.14825675103404665,0.045806872740703344,0.002588812377363954,0.00041154179321811437,0.05628850784940499,0.14866829282726476,0.32238629086876464,0.04024405229784692
94o,470434680.0,3564689232.0,3337876308.0,715500024.0,636201144.0,357906948.0,472564944.0,26590644.0,4761720.0,9586525644.0,23869405044.0,0.40162398795984,0.049072489603617236,0.37184370692536167,0.348184152627715,0.07463601001764555,0.06636409974015817,0.03733437548607678,0.04929470399902056,0.002773751929265689,0.0004967096711393307,0.0668608094112975,0.03783108515721611,0.2313963605144454,0.049072489603617236
94s,143965860.0,1135522392.0,1087411344.0,235600872.0,196211772.0,507662656.0,157521744.0,8863548.0,1417320.0,3474177508.0,7978351864.0,0.43545052502337217,0.04143883254913986,0.3268463944013306,0.31299821079838736,0.06781486307406029,0.05647718677246125,0.14612455892970452,0.04534072989571608,0.002551265149690791,0.00040795842950923855,0.056885145201970494,0.14653251735921377,0.31912452068065145,0.04143883254913986
95o,484872840.0,3648979272.0,3354981924.0,713911896.0,1028945304.0,364573284.0,474609744.0,26590644.0,5296320.0,10102761228.0,23896003344.0,0.42278037387941203,0.04799409082896718,0.36118633209768264,0.3320856395874825,0.07066502710381586,0.1018479285789966,0.03608649910378739,0.04697822043785513,0.0026320174653146817,0.0005242447960980356,0.10237217337509465,0.036610743899885424,0.2592581822819657,0.04799409082896718
95s,148350540.0,1162613328.0,1092986268.0,235079148.0,318563508.0,504068852.0,158198724.0,8863500.0,5337720.0,3634061588.0,7986017404.0,0.4550530513719877,0.040822241562957245,0.3199211955678061,0.30076162484673885,0.06468771711966924,0.08766045931965642,0.13870674444937336,0.04353220774309013,0.0024390065455324366,0.0014688028451762167,0.08912926216483263,0.1401755472945496,0.33996374086767395,0.040822241562957245
96o,495605160.0,3769370232.0,3389195400.0,714578688.0,1349377560.0,371116956.0,476658648.0,26590860.0,5296320.0,10597789824.0,23968732164.0,0.44215062154674256,0.04676495460191531,0.35567512609693364,0.3198020961243022,0.067427142816302,0.12732631826158397,0.03501833515886114,0.044977175044606736,0.002509094862381751,0.000499757033113247,0.12782607529469722,0.03551809219197438,0.27825758020996205,0.04676495460191531
96s,151549260.0,1201255392.0,1104143736.0,235299684.0,418717788.0,500527300.0,158877072.0,8863524.0,9079908.0,3788313664.0,8008175032.0,0.47305580220989357,0.04000441184164839,0.31709501866633183,0.2914604845138821,0.062111985666876396,0.1105288065185935,0.1321240383964151,0.04193873213556585,0.0023397017211719455,0.002396820539514861,0.11292562705810835,0.13452085893592997,0.35383690551765246,0.04000441184164839
97o,506835720.0,3891250872.0,3422482560.0,715776168.0,1668972384.0,377409420.0,478705824.0,26591076.0,5296320.0,11093320344.0,24050389272.0,0.46125325534398276,0.04568836960289623,0.35077422731280317,0.3085174189395066,0.06452316761835324,0.1504484078928353,0.03402132168698508,0.04315261879721302,0.002397034898066584,0.0004774332513407133,0.15092584114417604,0.03449875493832579,0.29549741739613467,0.04568836960289623
97s,154894080.0,1240245432.0,1114996680.0,235689076.0,518638620.0,496917524.0,159554844.0,8863548.0,12821588.0,3942621392.0,8033292616.0,0.4907852334604912,0.03928707948328405,0.3145738098303303,0.2828059225424098,0.059779789273765496,0.13154664585657988,0.12603734282178317,0.04046922799225759,0.002248135724618419,0.00325204647497129,0.13479869233155117,0.12928938929675446,0.36658523461894715,0.03928707948328405
98o,509648040.0,4037004552.0,3458696664.0,718650192.0,1975578264.0,383582844.0,480751272.0,26591292.0,5296320.0,11595799440.0,24149585652.0,0.4801655650369169,0.04395109131000976,0.34814370263030353,0.29827151477535385,0.06197504499094717,0.17037016500864902,0.033079465196407365,0.04145908822307123,0.002293183159780487,0.00045674470547758973,0.17082690971412662,0.03353620990188495,0.31009043598981045,0.04395109131000976
98s,155668980.0,1286656584.0,1126789692.0,236617576.0,614539728.0,493262444.0,160232040.0,8863572.0,16552260.0,4099182876.0,8063994360.0,0.508331565350946,0.03797561238641357,0.3138812350952063,0.2748815376345264,0.05772310803339724,0.14991761689824154,0.12033189514133792,0.03908877570164791,0.002162277768063159,0.004037941341165966,0.15395555823940751,0.12436983648250388,0.3772995562250197,0.03797561238641357
99o,0.0,2739500748.0,3450752712.0,1304801640.0,212240484.0,194709792.0,1011532056.0,103248024.0,2648160.0,9019433616.0,12486865284.0,0.7223136800840655,0.0,0.30373312390040436,0.3825908431632056,0.14466558495262394,0.02353146472784018,0.021587806983200706,0.11215028560170291,0.011447284651759445,0.0002936060192629284,0.02382507074710311,0.021881413002463636,0.313969638955653,0.0
A2o,1229506560.0,5625965376.0,4085782812.0,886754496.0,611086032.0,376683936.0,478845792.0,30570084.0,2101704.0,13327296792.0,24173471508.0,0.5513191097765766,0.09225475947515764,0.4221385224479362,0.30657250872154207,0.06653671107049208,0.04585221155777199,0.028264091501744956,0.035929701234494724,0.0022937947940313264,0.00015769919682899188,0.04600991075460099,0.028421790698573948,0.17919190855219302,0.09225475947515764
A2s,376474860.0,1779009480.0,1326270960.0,290351820.0,189650412.0,521138688.0,159610644.0,10189980.0,4439160.0,4657136004.0,8076050208.0,0.5766601103329843,0.08083827907895472,0.3819964627341813,0.2847825270425579,0.06234557456570255,0.04072254102888768,0.11190110994233271,0.03427227460458765,0.002188035735105837,0.0009531952676896742,0.04167573629657735,0.11285430521002239,0.25333592641199576,0.08083827907895472
A3o,1239600960.0,5710700904.0,4115634900.0,884893776.0,706310568.0,384592500.0,480910104.0,30569940.0,2636280.0,13555849932.0,24169425492.0,0.5608676936275105,0.09144398663441917,0.42127206576101833,0.3036058174622171,0.06527763146087327,0.052103746466879965,0.02837096175667519,0.035476204473521164,0.0022551105355508886,0.00019447544884491422,0.05229822191572488,0.028565437205520107,0.1838726055911903,0.09144398663441917
A3s,379591260.0,1806177216.0,1335985248.0,289735308.0,219037776.0,521030296.0,160298748.0,10189932.0,4628360.0,4726674144.0,8073930880.0,0.585424152652642,0.08030832006514557,0.3821243354151557,0.2826480538532338,0.061297923058179826,0.04634078198050625,0.11023190516769417,0.03391364479895063,0.0021558355176514573,0.0009792001434825374,0.04731998212398879,0.1112111053111767,0.2558984908099474,0.08030832006514557
A4o,1251527760.0,5795459868.0,4146041028.0,883104912.0,792077976.0,391814100.0,482972688.0,30569796.0,3170880.0,13776739008.0,24165641364.0,0.5700961460316738,0.09084354136877033,0.42066993245895423,0.300945022301173,0.0641011571379258,0.05749386524198862,0.028440264403098433,0.03505711240661111,0.002218942812391848,0.00023016186908663254,0.05772402711107526,0.028670426272185065,0.1877716657401891,0.09084354136877033
A4s,383269860.0,1833328428.0,1345880328.0,289142100.0,245490492.0,520932396.0,160986276.0,10189884.0,4807068.0,4794026832.0,8072157224.0,0.5938966126361466,0.07994737481269067,0.38241930891220344,0.2807410920223235,0.06031299158986434,0.05120757571930085,0.10866280357940225,0.033580595528882096,0.0021255375401703636,0.001002720295162503,0.05221029601446336,0.10966552387456475,0.2578949445479449,0.07994737481269067
A5o,1286820000.0,5892271236.0,4177369260.0,881751504.0,874816560.0,398482452.0,485033544.0,30569652.0,3705480.0,14030819688.0,24187070244.0,0.5800958754597645,0.09171381491706901,0.4199520318146077,0.2977280980649147,0.06284390531752944,0.0623496402528924,0.028400511221793132,0.034569152393486305,0.0021787502569179905,0.0002640957607893108,0.06261373601368171,0.028664606982582445,0.19087015096419788,0.09171381491706901
A5s,394065360.0,1864223676.0,1356076620.0,288690012.0,271008768.0,520834992.0,161673228.0,10189836.0,4985280.0,4871747772.0,8078371152.0,0.6030606517495645,0.08088788222265132,0.3826601382597194,0.27835526046605846,0.05925799641336604,0.05562865334646475,0.10690926878305554,0.03318587816249531,0.002091618137245386,0.001023304208943763,0.056651957555408514,0.1079325729919993,0.25912002326051453,0.08088788222265132
A6o,1406305800.0,6103403496.0,4258064376.0,884368368.0,484478928.0,405030156.0,487115136.0,30569580.0,3705480.0,14063041320.0,24258602664.0,0.5797135768611145,0.10000011860876762,0.43400309770262413,0.3027840336317806,0.06288599655483341,0.034450508746709706,0.028801035763436126,0.03463796521078557,0.0021737531238370847,0.00026349065722577284,0.03471399940393548,0.029064526420661898,0.16347624071405345,0.10000011860876762
A6s,430631460.0,1931044320.0,1382372136.0,289526616.0,149413608.0,524763336.0,162371808.0,10189860.0,1064880.0,4881378024.0,8100500728.0,0.6026020104074732,0.08821924011677404,0.3955940946400262,0.2831930100892346,0.05931247581656257,0.030608899221774347,0.10750311355111718,0.03326351845763134,0.0020874965941789555,0.0002181515127007914,0.03082705073447514,0.10772126506381798,0.233211806666666,0.08821924011677404
A7o,1441242720.0,6270702648.0,4304588784.0,887187792.0,551564208.0,411324636.0,489177792.0,30569652.0,3705480.0,14390063712.0,24329316024.0,0.5914701300194677,0.10015540923548066,0.43576614902481675,0.29913618661815694,0.061652805001840706,0.038329518134102895,0.028583934319692608,0.0339941366341603,0.0021243583497484934,0.0002575026820006341,0.03858702081610353,0.02884143700169324,0.1651997578035463,0.10015540923548066
A7s,441221940.0,1984338408.0,1397519544.0,290442120.0,170104536.0,524602944.0,163059264.0,10189884.0,1235160.0,4982713800.0,8122255736.0,0.613464284055387,0.08855052842890555,0.3982445084443742,0.280473573256405,0.05828994633406398,0.034138933687100394,0.10528458287128592,0.03272499094770404,0.0020450470183537334,0.00024788901180718023,0.034386822698907575,0.1055324718830931,0.2329792788821224,0.08855052842890555
A8o,1492403400.0,6456503400.0,4358977044.0,890819472.0,551564208.0,417500076.0,491239296.0,30569724.0,3705480.0,14693282100.0,24416523252.0,0.6017761803493643,0.10157045851586828,0.43941873272820375,0.2966646263464852,0.060627670927246406,0.03753852980199707,0.02841435107272595,0.033432918027211905,0.0020805238606287973,0.00025218871963262723,0.03779071852162969,0.02866653979235858,0.16259837112907535,0.10157045851586828
A8s,456798420.0,2043249096.0,1415239644.0,291614280.0,170104536.0,524602944.0,163746432.0,10189908.0,1235160.0,5076780420.0,8149320236.0,0.6229698027539876,0.08997797466292623,0.4024694642987927,0.27876715692186665,0.05744079039762764,0.033506380407920026,0.1033337864945516,0.03225399139874559,0.002007159490266077,0.00024329592730347002,0.033749676335223494,0.10357708242185508,0.22902870004371786,0.08997797466292623
A9o,1554575760.0,6655696200.0,4421776716.0,895409712.0,485321688.0,423661392.0,493299648.0,30569796.0,3705480.0,14964016392.0,24504814860.0,0.6106561701237844,0.10388760071334197,0.4447800661029909,0.2954939770290516,0.0598375254706818,0.032432581954364915,0.028312010686281797,0.03296572491485145,0.0020428870965647364,0.0002476260318707622,0.03268020798623568,0.02855963671815256,0.15608598218648623,0.10388760071334197
A9s,475774020.0,2106160416.0,1435710204.0,293088600.0,149654700.0,524763336.0,164433312.0,10189932.0,1065240.0,5160839760.0,8176917796.0,0.6311473208798295,0.09218926417510007,0.4081042066688775,0.2781931373122114,0.056790873894522934,0.028998129560217155,0.10168177281288036,0.03186173561800338,0.00197447168946784,0.00020640826871943027,0.029204537828936585,0.10188818108159979,0.2217198001125305,0.09218926417510007
AAo,0.0,3606533280.0,4246761744.0,1354571172.0,86066064.0,228618960.0,1059855264.0,105586704.0,1057320.0,10689050508.0,12517020528.0,0.8539612509294112,0.0,0.3374044567663671,0.3973001849716772,0.12672511660284505,0.008051796923925622,0.021388144796293633,0.09915335915072841,0.009878024612286733,9.89161758763017e-05,0.008150713099801924,0.021487060972169934,0.26539427443783203,0.0
AJo,1502530560.0,6995936388.0,4532413548.0,910429488.0,831440088.0,436715688.0,497403216.0,30570300.0,3207600.0,15740646876.0,24653314044.0,0.638479956402895,0.09545545185254939,0.4444503738068611,0.28794328363408234,0.05783939473212791,0.05282121469021131,0.027744456212016735,0.03159992215811652,0.0019421247576941068,0.00020377815634061875,0.053024992846551926,0.027948234368357354,0.17235466886284784,0.09545545185254939
AJs,459690660.0,2214196548.0,1471759908.0,297937620.0,257835792.0,520932396.0,165796452.0,10190052.0,4807440.0,5403146868.0,8223313040.0,0.6570523147687444,0.08507832032523607,0.40979758686803847,0.2723893952830453,0.05514149944072925,0.0477195601561427,0.09641277735484276,0.030685164784604556,0.0018859476244020544,0.0008897481629588751,0.048609308319101575,0.09730252551780164,0.23362444568663904,0.08507832032523607
AKo,1547169120.0,7385032944.0,4708933524.0,934313376.0,667062360.0,450759600.0,501522336.0,30570876.0,2138400.0,16227502536.0,24742614732.0,0.6558523709708305,0.09534240506619385,0.455093624395783,0.290182270103082,0.057575919272067094,0.041106902218634785,0.027777509139191917,0.03090570067004425,0.0018838928499428584,0.00013177628506025828,0.041238678503695045,0.027909285424252174,0.1595134767200014,0.09534240506619385
AKs,473191020.0,2337863400.0,1529268084.0,305608332.0,207136560.0,521138688.0,167169492.0,10190244.0,4451040.0,5556016860.0,8251845696.0,0.6733059565926232,0.08516731174930237,0.42078047257761564,0.27524540017324567,0.05500493243643613,0.03728148513933775,0.09379717541029924,0.030088010208089974,0.0018340916265686062,0.0008011206791046347,0.03808260581844239,0.09459829608940387,0.21960793617894095,0.08516731174930237
AQo,1523522160.0,7197169416.0,4617705804.0,921677424.0,749251224.0,443680284.0,499463640.0,30570588.0,2673000.0,15985713540.0,24706188372.0,0.6470327716806741,0.09530523340029776,0.4502250961767203,0.28886454098188474,0.057656320544825675,0.046870051945144514,0.027754800115103277,0.031244375720247016,0.0019123693117298285,0.00016721180404687773,0.04703726374919139,0.027922011919150155,0.1657723412451441,0.09530523340029776
AQs,466034460.0,2278048800.0,1499549916.0,301556172.0,232486176.0,521030296.0,166483260.0,10190148.0,4629240.0,5480008468.0,8240075944.0,0.6650434419831119,0.08504265325890734,0.4157016934011059,0.27364007277661745,0.05502841350718876,0.04242441911496696,0.0950783742475049,0.030380109989275293,0.0018595131849712316,0.0008447505194621535,0.04326916963442911,0.09592312476696706,0.22646033108283145,0.08504265325890734
ATo,1483370280.0,6788001276.0,4452206580.0,900495984.0,913628952.0,429865356.0,495341064.0,30570012.0,3742200.0,15497221704.0,24590141412.0,0.6302209265229093,0.09571846543417044,0.43801407798456826,0.2872906295746442,0.05810693046790266,0.05895437062529618,0.027738220708880167,0.03196321724378165,0.0019726124194319006,0.00024147554132455224,0.059195846166620734,0.02797969625020472,0.17921830254794166,0.09571846543417044
ATs,453907440.0,2148336900.0,1445622768.0,294731676.0,283185408.0,520834992.0,165109068.0,10189956.0,4985640.0,5326903848.0,8203442616.0,0.6493498031680508,0.08521036852775571,0.4032993576196422,0.27138142704467305,0.05532888980353152,0.05316135152436113,0.0977744308629766,0.03099531598678858,0.0019129228329934744,0.0009359357972777886,0.054097287321638925,0.09871036666025439,0.2410447826052069,0.08521036852775571
J2o,708554520.0,4226860908.0,3525677136.0,778904856.0,484845408.0,355833096.0,472611240.0,27683676.0,3194664.0,10584165504.0,24013410612.0,0.4407606097698955,0.06694476949857038,0.39935703068915274,0.3331086550628451,0.07359152270489666,0.04580856259444977,0.03361938131688535,0.044652669104747966,0.002615574746023926,0.00030183428242809156,0.04611039687687786,0.03392121559931344,0.20089137903185983,0.06694476949857038
J2s,216858960.0,1341531720.0,1147303152.0,255905832.0,149526048.0,513660120.0,157537080.0,9227892.0,1064888.0,3792615692.0,8025192596.0,0.4725887443362238,0.057179260334083964,0.3537220295823213,0.3025097307961041,0.0674747595807817,0.0394255733095775,0.13543690205245293,0.04153784427256966,0.002433120766616287,0.00028077930549257453,0.03970635261507008,0.1357176813579455,0.28686975859298325,0.057179260334083964
J3o,723043440.0,4318749204.0,3559700976.0,777115992.0,566667792.0,363741660.0,474675552.0,27683532.0,3729240.0,10815107388.0,24008587572.0,0.4504682899635925,0.06685494781145303,0.3993255960446502,0.3291415284465597,0.07185467181419354,0.05239594686121669,0.03363273677740758,0.043890045190552666,0.002559709396017326,0.00034481765794926937,0.052740764519165956,0.03397755443535685,0.20502274535528636,0.06685494781145303
J3s,221319780.0,1370959032.0,1158403044.0,255312624.0,174763224.0,513582364.0,158225184.0,9227844.0,1243080.0,3863036176.0,8022816084.0,0.4815062610875625,0.0572916664293749,0.35489158515195846,0.2998685467138116,0.06609118122843072,0.04523986212859116,0.13294785257014896,0.04095876320884861,0.0023887542284305027,0.0003217883404051249,0.04556165046899628,0.1332696409105541,0.2882699900452602,0.0572916664293749
J4o,737349120.0,4407243456.0,3593716716.0,775327128.0,648856656.0,370963260.0,476738136.0,27683388.0,4263840.0,11042141700.0,24004123692.0,0.46001019831771994,0.06677591540054227,0.3991294058470559,0.3254546820387208,0.07021528513802716,0.058761848346865535,0.03359522727370905,0.043174426569802124,0.002507066903515647,0.0003861424817614865,0.05914799082862702,0.03398136975547053,0.20902613919544255,0.06677591540054227
J4s,225724380.0,1399295220.0,1169498724.0,254719416.0,200112840.0,513504604.0,158912712.0,9227796.0,1421280.0,3932416972.0,8020817248.0,0.4902763459646899,0.057400927116128826,0.3558359222746229,0.29739947018009155,0.06477426422825437,0.050888001304252334,0.13058244017770962,0.04041095161868811,0.0023465965246576605,0.0003614265755945883,0.051249427879846925,0.13094386675330422,0.2897251070047513,0.057400927116128826
J5o,773737560.0,4506949008.0,3628271916.0,773973720.0,731045520.0,377631612.0,478798992.0,27683244.0,4798440.0,11302890012.0,24024969876.0,0.47046427405892993,0.068454842892264,0.39874306511123114,0.32100391246379933,0.0684757366636578,0.06467775225839294,0.0334101819622307,0.042360758309748295,0.0024492182061941134,0.0004245321324816586,0.06510228439087459,0.03383471409471236,0.21222271166518722,0.068454842892264
J5s,236852340.0,1431111924.0,1180767960.0,254267328.0,225462456.0,513426844.0,159599664.0,9227748.0,1599480.0,4012315744.0,8026838216.0,0.49986254064548097,0.05903133130890509,0.3566797867640598,0.29428590254037595,0.06337171454670044,0.056192600579143256,0.12796272196867267,0.03977744379630757,0.0022998558909026875,0.00039864260493253944,0.056591243184075796,0.12836136457360522,0.29040162199159175,0.05903133130890509
J6o,826152120.0,4655497512.0,3687343140.0,775175568.0,664803000.0,384177300.0,480864528.0,27683316.0,4798440.0,11506494924.0,24098220252.0,0.47748318355771663,0.07179876456355355,0.4045973637279988,0.3204575471813766,0.06736852300548583,0.05777632583953678,0.033387865074245265,0.04179070439574289,0.0024058860828468915,0.00041702012921341643,0.05819334596875019,0.03380488520345868,0.20356334465628448,0.07179876456355355
J6s,252833820.0,1478434884.0,1200043140.0,254654136.0,205012620.0,513595600.0,160288272.0,9227772.0,1429560.0,4075519804.0,8049364880.0,0.5063156987859146,0.062037195783431406,0.3627598331258164,0.2944515540869643,0.06248384212243666,0.050303428730437354,0.126019655086922,0.039329528430381296,0.0022641951073193705,0.00035076752629123036,0.05065419625672858,0.12637042261321324,0.2811021845300791,0.062037195783431406
J7o,842403960.0,4791528816.0,3720990516.0,776936688.0,975358296.0,390469764.0,482911704.0,27683532.0,4798440.0,12013081716.0,24186283584.0,0.4966898562269004,0.07012388493770236,0.39885925437585695,0.30974487679078067,0.06467421985194793,0.0811913478205129,0.03250371330446713,0.04019881953827209,0.0023044488212486574,0.0003994345592113177,0.08159078237972422,0.03290314786367845,0.22167141845487137,0.07012388493770236
J7s,257697960.0,1521953580.0,1211014308.0,255231048.0,302014740.0,509997904.0,160966044.0,9227796.0,5171760.0,4233275140.0,8076438532.0,0.5241512237389241,0.06087437066516777,0.3595215358480101,0.2860703044215548,0.06029162753640435,0.07134304528101143,0.12047360191192298,0.03802399765586699,0.0021798242955689386,0.0012216923844926366,0.07256473766550407,0.12169529429641562,0.29475548144976005,0.06087437066516777
J8o,842095800.0,4926588840.0,3755115180.0,779136864.0,1296340272.0,396643188.0,484957152.0,27683748.0,4798440.0,12513359484.0,24276545016.0,0.5154505913322012,0.06729574108989132,0.39370633012655804,0.3000884922071819,0.062264403495818244,0.10359650209502444,0.03169757797713406,0.03875515225308459,0.002212335387263298,0.0003834653680440849,0.10397996746306852,0.03208104334517815,0.2392929019444128,0.06729574108989132
J8s,257509020.0,1565040132.0,1222138152.0,255944772.0,402337680.0,506344412.0,161643240.0,9227820.0,8913960.0,4389099188.0,8104350024.0,0.5415732507853489,0.058670130013019885,0.35657433677481976,0.2784485152081735,0.058313736153369426,0.09166748409332143,0.11536408504605433,0.036828340640361945,0.0021024405247503375,0.0020309315461293693,0.09369841563945079,0.1173950165921837,0.30833794955011623,0.058670130013019885
J9o,820653120.0,5060048520.0,3792273060.0,782756952.0,1620063360.0,402802488.0,487000872.0,27683964.0,4798440.0,12998080776.0,24359452548.0,0.533594946371945,0.06313648408119417,0.38929197373069163,0.29175638506587476,0.06022096380915736,0.12463865919277312,0.030989381812716932,0.037467136909874514,0.002129850127652415,0.0003691652700650981,0.1250078244628382,0.03135854708278203,0.25618432239230454,0.06313648408119417
J9s,250871220.0,1607554212.0,1234240908.0,257113356.0,503530272.0,502638372.0,162319860.0,9227844.0,12656160.0,4540152204.0,8130109052.0,0.5584368149260097,0.05525612550587522,0.3540749604349608,0.2718501170318915,0.05663099923687052,0.110906033404866,0.11070958624628524,0.03575207453551705,0.0020324966180362883,0.0027876069856974336,0.11369364039056344,0.11349719323198268,0.3216064040129699,0.05525612550587522
JJo,0.0,3080718684.0,3783158568.0,1318527360.0,182847852.0,207766104.0,1030971456.0,103897320.0,2150280.0,9710037624.0,12505770264.0,0.7764445867002695,0.0,0.3172715496369945,0.3896131729344986,0.13579013913818797,0.018830807776486942,0.021397044176890822,0.10617584564778407,0.010699991495728112,0.0002214491934289955,0.01905225696991594,0.02161849337031982,0.29333672662193583,0.0
JTo,752752440.0,5186552736.0,3824811408.0,788269320.0,2065519152.0,409006452.0,489042288.0,27684180.0,4835160.0,13548473136.0,24455161356.0,0.5540128293889144,0.055559946308624396,0.3828145565878325,0.28230571589923253,0.058181413660958525,0.1524540168671594,0.030188379745406023,0.03609574917342922,0.002043343166577173,0.0003568785907802681,0.15281089545793966,0.03054525833618629,0.2796766597950909,0.055559946308624396
JTs,230026320.0,1647816216.0,1244808132.0,258884100.0,642512496.0,498701436.0,162995616.0,9227868.0,16576560.0,4711548744.0,8159879464.0,0.5774042085776575,0.048821806267616535,0.34973982134822207,0.264203598357169,0.05494670947205635,0.13636970153778377,0.10584660439628893,0.03459491238577749,0.0019585636276715553,0.0035182826074143234,0.1398879841451981,0.10936488700370325,0.34075305663440675,0.048821806267616535
K2o,1063135800.0,5176379184.0,3896826036.0,853422744.0,320467680.0,369877008.0,476783928.0,29417148.0,2125464.0,12188434992.0,24120769596.0,0.5053087109634029,0.08722496372157702,0.4246959669061342,0.3197150445120904,0.07001905860433702,0.026292766890116913,0.03034655460219236,0.03911773154740062,0.002413529548240462,0.00017438366791102134,0.026467150558027935,0.03052093827010338,0.16853840852810942,0.08722496372157702
K2s,325498500.0,1638615720.0,1266148020.0,279724344.0,98826816.0,520924800.0,158927976.0,9805716.0,708488.0,4299180380.0,8059414144.0,0.533435843249303,0.07571175694656478,0.38114607324291894,0.29450916409327305,0.06506457493649057,0.02298736207016278,0.12116839814941656,0.03696704068043779,0.0022808338179101943,0.00016479606282535184,0.02315215813298813,0.12133319421224191,0.2487978017800686,0.07571175694656478
K3o,1077810120.0,5267986392.0,3928676484.0,851633880.0,402290064.0,377785572.0,478848240.0,29417004.0,2660040.0,12417107796.0,24116498652.0,0.5148802060853988,0.08680041582204849,0.4242522879359241,0.3163922346929749,0.06858552683857203,0.03239804877345046,0.030424602750223236,0.038563588870047044,0.002369070518134366,0.00021422379862538483,0.03261227257207585,0.03063882654884862,0.17276928534767788,0.08680041582204849
K3s,330018780.0,1667955192.0,1276522800.0,279131136.0,124063992.0,520834124.0,159616080.0,9805668.0,886680.0,4368834452.0,8057220368.0,0.5422260100209289,0.07553931915385838,0.381784938368729,0.2921884118121306,0.06389144268724055,0.028397503582037766,0.11921580680668008,0.03653516326921696,0.002244458586777323,0.00020295573332930675,0.028600459315367074,0.11941876254000938,0.2506902863986113,0.07553931915385838
K4o,1092301200.0,5356199556.0,3960753516.0,849845016.0,484478928.0,385007172.0,480910824.0,29416860.0,3194640.0,12642107712.0,24112525524.0,0.5242962915442801,0.08640182672729312,0.42367931661552355,0.3132985105197623,0.06722336459713277,0.03832263883815262,0.030454349920982542,0.03804039919257413,0.002326895219542961,0.00025269836903601283,0.038575337207188636,0.030707048290018555,0.17687304450645705,0.08640182672729312
K4s,334482840.0,1696203540.0,1286971668.0,278537928.0,149413608.0,520743444.0,160303608.0,9805620.0,1064880.0,4437527136.0,8055383964.0,0.5508771718184482,0.0753759537122524,0.38224071380642033,0.2900200108207293,0.0627687266947228,0.03367046632523398,0.1173499176546782,0.03612453582526103,0.0022097036704182985,0.0002399714902836371,0.03391043781551762,0.11758988914496184,0.2526032931508816,0.0753759537122524
K5o,1128875040.0,5455624020.0,3993604692.0,848491608.0,566667792.0,391675524.0,482971680.0,29416716.0,3729240.0,12901056312.0,24133801116.0,0.534563794985738,0.0875025279092821,0.42288196315563836,0.3095564111510251,0.06576915777127258,0.043924139101145565,0.030359957706384128,0.03743659963337737,0.002280178869744011,0.0002890647021307258,0.04421320380327629,0.030649022408514855,0.1803481624861851,0.0875025279092821
K5s,345670260.0,1727932404.0,1297672392.0,278085840.0,174763224.0,520652764.0,160990560.0,9805572.0,1243080.0,4516816096.0,8061547060.0,0.5602914753685008,0.07652962898049326,0.38255540346887745,0.2872980357002341,0.06156678378964048,0.03869168464812343,0.11526986109996364,0.03564248722514294,0.0021709035284132143,0.00027521155911148257,0.03896689620723491,0.11554507265907511,0.25389214340950667,0.07652962898049326
K6o,1173774600.0,5610413004.0,4046191008.0,850189296.0,566667792.0,398221212.0,485036640.0,29416788.0,3729240.0,13163639580.0,24201207156.0,0.5439249164369245,0.08916793815772339,0.4262053036246986,0.3073763136258703,0.06458618764461796,0.04304795710609998,0.030251604017253107,0.036846697074336035,0.0022347001998363736,0.00028329854956420797,0.04333125565566419,0.030534902566817314,0.17753374314127188,0.08916793815772339
K6s,359343480.0,1777304460.0,1314811200.0,278637048.0,174763224.0,520683680.0,161678880.0,9805596.0,1243080.0,4598270648.0,8082187412.0,0.568938879241124,0.07814752708309917,0.3865158439016702,0.2859360182663176,0.06059605215303977,0.038006293534725406,0.11323467448060487,0.03516080117431139,0.0021324529917056767,0.0002703364145258985,0.0382766299492513,0.11350501089513076,0.2496709471634389,0.07814752708309917
K7o,1227313080.0,5775879372.0,4098470784.0,852512880.0,566667792.0,404515692.0,487099872.0,29416860.0,3729240.0,13445605572.0,24279808932.0,0.5537772397491616,0.09127986637923072,0.42957376230253735,0.30481860873079014,0.06340457299858089,0.042145204168421074,0.03008534571640192,0.036227440213951266,0.002187841956427725,0.0002773575336588789,0.042422561702079954,0.0303627032500608,0.17460512012110063,0.09127986637923072
K7s,375644340.0,1829915076.0,1331851548.0,279388152.0,174763224.0,520690392.0,162366624.0,9805620.0,1243080.0,4685668056.0,8106460100.0,0.5780165446074298,0.08016879034335078,0.3905345095149864,0.28423941518745943,0.05962610852090629,0.03729739749195755,0.11112404587287307,0.03465175553613736,0.0020926834514971454,0.000265294080831918,0.037562691572789464,0.111389339953705,0.2453225790350353,0.08016879034335078
K8o,1294368480.0,5959006884.0,4158466452.0,855648720.0,500425272.0,410691132.0,489161952.0,29416932.0,3729240.0,13700915064.0,24371170656.0,0.562177141893959,0.09447314095107655,0.43493495552407724,0.3035174243891656,0.062451939596959466,0.0365249525059022,0.029975452740314865,0.035702867269449996,0.002147077904109836,0.00027218911894423813,0.03679714162484644,0.030247641859259104,0.16734666825462485,0.09447314095107655
K8s,396095880.0,1887883380.0,1351415232.0,280395912.0,154313388.0,520843196.0,163054080.0,9805644.0,1073160.0,4764879872.0,8134899280.0,0.5857331121129751,0.08312819853604066,0.396207969710595,0.28362000056735115,0.05884637588613693,0.03238557784148897,0.10930877797374196,0.03421997707815455,0.0020578995196964328,0.0002252228867943221,0.03261080072828329,0.10953400086053627,0.2372690540728075,0.08312819853604066
K9o,1276805880.0,6114308700.0,4195297452.0,859698864.0,810980568.0,416850432.0,491205672.0,29417148.0,3729240.0,14198293956.0,24463929300.0,0.5803766754672562,0.08992671119197668,0.43063685812873165,0.2954789825454435,0.060549448170616534,0.0571181700078333,0.029359191554408186,0.034596105244913834,0.002071879064566678,0.00026265409150964055,0.05738082409934294,0.029621845645917827,0.1842201022253578,0.08992671119197668
K9s,390632100.0,1937328684.0,1363422660.0,281709468.0,251315508.0,517149568.0,163730700.0,9805668.0,4815360.0,4919909716.0,8163695388.0,0.6026571891979073,0.07939822528239256,0.3937732185815582,0.2771235121583682,0.05725907267847921,0.05108132516795965,0.10511362969084208,0.033279208247975096,0.001993058524653626,0.0009787496677713425,0.05206007483573099,0.10609237935861342,0.25068379364545235,0.07939822528239256
KJo,1225772280.0,6428857308.0,4304796612.0,873905688.0,1170679968.0,429904728.0,495309240.0,29417652.0,3231360.0,14961874836.0,24603289920.0,0.6081249655899678,0.08192638245112506,0.42968260184421714,0.2877177265005694,0.05840883562916072,0.07824420273742758,0.028733346102160908,0.03310475762089847,0.0019661741808732237,0.0002159729335674547,0.07846017567099503,0.028949319035728362,0.20088926213765582,0.08192638245112506
KJs,374863620.0,2037231300.0,1399094688.0,286291068.0,363817536.0,513305744.0,165093840.0,9805788.0,8557560.0,5158061144.0,8207249824.0,0.6284761953896628,0.07267529591735293,0.3949606728430825,0.27124430070540473,0.05550362045107234,0.07053377729405218,0.099515249949507,0.032006956759720026,0.0019010608300768913,0.001659065249731363,0.07219284254378354,0.10117431519923836,0.2627787957838912,0.07267529591735293
KKo,0.0,3421953180.0,4087643616.0,1353089268.0,94039236.0,221810016.0,1050288960.0,104917992.0,1081080.0,10334823348.0,12515372640.0,0.8257703262441572,0.0,0.33110901510108715,0.39552138225865685,0.13092524394834967,0.009099259158425627,0.021462390650627307,0.10162621310825332,0.01015189021303434,0.00010460556156571473,0.009203864719991342,0.02156699621219302,0.2734742082018217,0.0
KQo,1250610840.0,6631385760.0,4389383700.0,885097968.0,1088491104.0,436869324.0,497369664.0,29417940.0,2696760.0,15211323060.0,24655597320.0,0.6169521209555511,0.082215783273227,0.435950622693566,0.2885602838547563,0.058186783918058475,0.07155795059420689,0.028720008264685425,0.032697330931580386,0.0019339501162366345,0.00017728635368289915,0.07173523694788979,0.028897294618368322,0.1934505965321336,0.082215783273227
KQs,382386420.0,2101472856.0,1426653864.0,289892436.0,338467920.0,513407772.0,165780648.0,9805884.0,8379360.0,5236247160.0,8223829032.0,0.6367164418940464,0.07302680876507747,0.4013318683757472,0.27245731922249444,0.05536263418092739,0.06463940865617963,0.09804880409808615,0.031660202991640296,0.001872693114050789,0.0016002605957966278,0.06623966925197626,0.09964906469388278,0.2547842642324776,0.07302680876507747
KTo,1205008920.0,6226853772.0,4225203984.0,864099192.0,1252868832.0,423054396.0,493247088.0,29417364.0,3765960.0,14723519508.0,24544299912.0,0.5998753095744848,0.08184245073640582,0.4229188387067813,0.2869697005328273,0.05868835854976748,0.08509302625090799,0.028733238392500794,0.03350062379664013,0.001997984516135298,0.0002557785180339369,0.08534880476894192,0.02898901691053473,0.20852478854201958,0.08184245073640582
KTs,368588880.0,1973228748.0,1373156700.0,283126284.0,389167152.0,513214548.0,164406456.0,9805692.0,8735760.0,5083430220.0,8188672100.0,0.620788103116255,0.07250790589193924,0.3881687487784577,0.27012403840963906,0.0556959123558108,0.07655601339207524,0.10095831471844223,0.0323416372183427,0.0019289518249745936,0.0017184774103184207,0.07827449080239365,0.10267679212876064,0.2709177843302824,0.07250790589193924
Q2o,878034960.0,4691319096.0,3698426532.0,815506872.0,402656544.0,362797692.0,474698448.0,28461132.0,2660064.0,11354561340.0,24070646748.0,0.4717181660664534,0.07732883144563646,0.4131660357034982,0.3257216568086284,0.07182196190416634,0.03546209597560728,0.031951713600941276,0.041806850461736995,0.0025065813771014424,0.0002342727226836224,0.0356963686982909,0.0321859863236249,0.18401774876492058,0.07732883144563646
Q2s,268782960.0,1486884192.0,1202668728.0,267607392.0,124176432.0,517155404.0,158232816.0,9487044.0,886688.0,4035881656.0,8043398216.0,0.5017632532443549,0.06659832544901559,0.36841620214247434,0.2979940519841645,0.06630704634318445,0.030768105356952517,0.1281393876431346,0.03920650541493479,0.002350674476764192,0.00021970118937501373,0.03098780654632753,0.1283590888325096,0.26721112161372057,0.06659832544901559
Q3o,892891440.0,4783208112.0,3731445324.0,813718008.0,484478928.0,370706256.0,476762760.0,28460988.0,3194640.0,11584866456.0,24066099756.0,0.48137698145756824,0.07707395190020135,0.4128841821497817,0.3220965332809185,0.0702397400169047,0.04181998384185776,0.0319991825031358,0.041153927998287494,0.0024567385483550024,0.000275759760557744,0.042095743602415504,0.03227494226369354,0.18822109242965623,0.07707395190020135
Q3s,273357840.0,1516311288.0,1213433280.0,267014184.0,149413608.0,517071272.0,158920920.0,9486996.0,1064880.0,4106074268.0,8041113072.0,0.5106350614938847,0.06657401258675918,0.3692849152332965,0.2955215129586643,0.06502906829545929,0.036388432904010004,0.1259283778741432,0.038703859118799554,0.002310478423134065,0.00025934260573389124,0.03664777550974389,0.1261877204798771,0.26887890182701396,0.06657401258675918
Q4o,907564680.0,4871703084.0,3764563152.0,811929144.0,566667792.0,377927856.0,478825344.0,28460844.0,3729240.0,11811371136.0,24061881252.0,0.4908747995345647,0.0768382154408665,0.4124587254016162,0.3187236357789105,0.06874131162683668,0.047976461451867125,0.0319969503665929,0.0405393530087784,0.0024096138942966494,0.00031573303023504283,0.04829219448210217,0.03231268339682794,0.19229515640884184,0.0768382154408665
Q4s,277876500.0,1544647260.0,1224229368.0,266420976.0,174763224.0,516987136.0,159608448.0,9486948.0,1243080.0,4175262940.0,8039195452.0,0.5193632826729289,0.06655305402155104,0.3699520921669187,0.29321012486940523,0.06380938873277284,0.04185681872289461,0.12382145590093063,0.03822716085037749,0.002272179773185734,0.00029772496196371287,0.042154543684858325,0.12411918086289435,0.27058245390408875,0.06655305402155104
Q5o,944320680.0,4971409356.0,3798327576.0,810575736.0,648856656.0,384596208.0,480886200.0,28460700.0,4263840.0,12071696952.0,24082942140.0,0.5012550743104514,0.07822600946286579,0.4118235717619098,0.3146473599447595,0.06714679296730576,0.053750243944990644,0.03185933258010435,0.039835840968516716,0.0023576387075625455,0.0003532096619848944,0.05410345360697554,0.03221254224208925,0.19565626849244985,0.07822600946286579
Q5s,289118520.0,1576463748.0,1235234760.0,265968888.0,200112840.0,516903000.0,160295400.0,9486900.0,1421280.0,4255005336.0,8045287484.0,0.5288817017989857,0.06794786308582904,0.3704963034152115,0.29030157719172367,0.06250729834572409,0.047029985675204805,0.1214811637547615,0.03767219717535978,0.0022295859231326706,0.00033402543305294696,0.047364011108257754,0.12181518918781445,0.27158828174028876,0.06794786308582904
Q6o,987617160.0,5125580436.0,3851699592.0,812273424.0,648856656.0,391141896.0,482951160.0,28460772.0,4263840.0,12332844936.0,24150164148.0,0.5106733378879061,0.08008023818714459,0.4156040607498643,0.31231233441983497,0.06586261549668446,0.05261208256222901,0.03171546370928927,0.039159752879909235,0.0023077215474364737,0.0003457304476077295,0.05295781300983674,0.032061194156897004,0.19234909709076387,0.08008023818714459
Q6s,302300220.0,1625644068.0,1252635684.0,266520096.0,200112840.0,516933416.0,160983720.0,9486924.0,1421280.0,4336038248.0,8065866924.0,0.5375786990854152,0.06971807043893954,0.37491460522743986,0.28888944523904486,0.06146626961211252,0.046151078139659435,0.11921790962947244,0.03712691419967382,0.0021879244271832353,0.00032778308647428704,0.04647886122613372,0.11954569271594673,0.26680566218105006,0.06971807043893954
Q7o,1053158400.0,5286659316.0,3909653088.0,814101168.0,582614136.0,397436376.0,485014968.0,28460844.0,4263840.0,12561362136.0,24233857356.0,0.5183393609804328,0.08384109848897044,0.42086672279344595,0.31124435755221186,0.06480994331552961,0.04638144571361954,0.03163959224302392,0.03861165395510575,0.002265745043559661,0.0003394408945332551,0.046720886608152795,0.03197903313755718,0.184387262059905,0.08384109848897044
Q7s,322284300.0,1676781012.0,1271541756.0,267106800.0,179663004.0,517085692.0,161671752.0,9486948.0,1251360.0,4406872624.0,8091800564.0,0.5446096439407995,0.07313220224356545,0.38049227991482787,0.288536080910334,0.06061141829816591,0.040768821640441405,0.11733620100202832,0.036686277501992985,0.002152762017294013,0.00028395647135001016,0.041052778111791415,0.11762015747337834,0.25812339340262264,0.07313220224356545
Q8o,1057693680.0,5435580852.0,3944572596.0,816951864.0,893169432.0,403609800.0,487060416.0,28461060.0,4263840.0,13071363540.0,24330529200.0,0.537241234358355,0.08091685896144848,0.4158388553241937,0.3017720824555997,0.06249936064436014,0.06833024185019339,0.03087740607664256,0.03726163796986707,0.0021773596850019213,0.0003261970326930407,0.06865643888288643,0.0312036031093356,0.20179840029145116,0.08091685896144848
Q8s,323566560.0,1724284620.0,1282926024.0,268035084.0,276665124.0,513438564.0,162348948.0,9486972.0,4993560.0,4565745456.0,8121680464.0,0.5621675804949521,0.07086828714351351,0.37765675651805325,0.2809893885595535,0.0587056564109955,0.060595827486708664,0.11245448721309531,0.03555803746935821,0.0020778582799732847,0.0010937009187487214,0.06168952840545738,0.11354818813184403,0.27157926869762844,0.07086828714351351
Q9o,1035698040.0,5574944532.0,3980790516.0,820351488.0,1214151408.0,409769100.0,489104136.0,28461276.0,4263840.0,13557534336.0,24416532588.0,0.5552604280373178,0.07639280228484166,0.41120637380180336,0.2936220124797772,0.06050889989794675,0.0895554735772273,0.030224455999489492,0.036076186412543856,0.002099295881879152,0.0003144996644912056,0.08986997324171851,0.030538955663980696,0.21909331109806898,0.07639280228484166
Q9s,316755240.0,1768662060.0,1294729260.0,269134080.0,376988064.0,509738404.0,163025568.0,9486996.0,8735760.0,4717255432.0,8148393288.0,0.5789184769649032,0.0671482061054522,0.37493455368180706,0.27446664244998636,0.05705310723144237,0.07991682227819627,0.10805825788913946,0.034559410731523854,0.00201112620182574,0.0018518734306266415,0.0817686957088229,0.1099101313197661,0.28530247119338104,0.0671482061054522
QJo,988697880.0,5884047384.0,4090957332.0,834826344.0,1577005128.0,422823396.0,493207704.0,28461780.0,3765960.0,14323792908.0,24552441684.0,0.5833958631224174,0.0690248655750811,0.41078835904655486,0.28560573014953,0.05828249189038052,0.11009689529364983,0.02951895484078441,0.03443275863926641,0.001987028169340802,0.00026291639541204683,0.11035981168906188,0.029781871236196456,0.234843961624246,0.0690248655750811
QJs,302226840.0,1866844416.0,1330608720.0,273800944.0,490490208.0,505892664.0,164388708.0,9487116.0,12477960.0,4956217576.0,8190881108.0,0.6050896735833807,0.060979332599017444,0.3766671634917748,0.2684726204199232,0.055243931445999137,0.0989646238242548,0.10207232758499866,0.033168178248678244,0.0019141847294881552,0.002517637655865494,0.1014822614801203,0.10458996524086416,0.29639852114515003,0.060979332599017444
QQo,0.0,3249614160.0,3936817512.0,1335803796.0,138443544.0,214730700.0,1040649792.0,104356680.0,1615680.0,10022031864.0,12511639944.0,0.8010166460077921,0.0,0.32424703933270194,0.39281630366207343,0.13328672410215758,0.013813919759854397,0.021425864826007102,0.1038362086772148,0.010412726821879121,0.00016121281811163078,0.013975132577966029,0.021587077644118734,0.2830978698233363,0.0
QTo,964636200.0,5681823312.0,4011852576.0,825057288.0,1659193992.0,415973064.0,491145552.0,28461492.0,4300560.0,14082444036.0,24494581428.0,0.5749207871705951,0.06849920351424998,0.4034685525804422,0.2848832607283368,0.05858764898272236,0.11782003093770363,0.029538414137248982,0.03487644266467156,0.0020210619639063907,0.0003053844907180997,0.11812541542842173,0.029843798627967082,0.24345436766768913,0.06849920351424998
QTs,294940140.0,1802786208.0,1304829564.0,270647560.0,515839824.0,505797340.0,163701324.0,9487020.0,12656160.0,4880685140.0,8172658992.0,0.59719671954716,0.06043006904559305,0.3693715444221423,0.267345572716047,0.05545278013979816,0.10569004334502102,0.10363244616103222,0.033540644254712156,0.0019437885722740967,0.0025931113433799585,0.10828315468840098,0.10622555750441218,0.3054459251595976,0.06043006904559305
T2o,554877720.0,3783419124.0,3375539700.0,745654584.0,567034272.0,348982764.0,470522304.0,27066348.0,3729264.0,9876826080.0,23947949244.0,0.41242888814266937,0.05617976012796208,0.3830602152305997,0.3417636063102571,0.07549536439746644,0.057410575766663696,0.035333492882563745,0.04763901886991615,0.0027403892486076863,0.0003775771659634205,0.05778815293262712,0.035711070048527166,0.2193739954971446,0.05617976012796208
T2s,169782720.0,1202675448.0,1099092036.0,245272056.0,174875664.0,510438796.0,156840768.0,9022116.0,1243088.0,3569242692.0,8004450072.0,0.44590729655312666,0.0475682755842146,0.33695535769972795,0.30793424007380443,0.06871823441699436,0.04899517323155452,0.14301039185261433,0.04394230976546887,0.002527739573501661,0.0003482778021192626,0.04934345103367378,0.1433586696547336,0.30789040444437227,0.0475682755842146
T3o,568449360.0,3875024172.0,3410405292.0,743865720.0,648856656.0,356891328.0,472586616.0,27066204.0,4263840.0,10107409188.0,23942850156.0,0.42214728497839743,0.05624085751617638,0.38338451525249556,0.3374163673960085,0.07359608245435961,0.06419614007221096,0.035309872328481415,0.04675645432076476,0.0026778577473774677,0.00042185291212531843,0.06461799298433628,0.035731725240606735,0.22338011274744488,0.05624085751617638
T3s,173960820.0,1232015568.0,1110472836.0,244678848.0,200112840.0,510367248.0,157528872.0,9022068.0,1421280.0,3639580380.0,8001982192.0,0.45483485124956646,0.04779694410815568,0.3385048382967709,0.30511012810768035,0.06722721370423478,0.05498239332744177,0.14022694781094516,0.04328215221338236,0.002478875875245816,0.00039050655614315626,0.05537289988358493,0.1406174543670883,0.3089785960435362,0.04779694410815568
T4o,581837760.0,3963235176.0,3445176060.0,742076856.0,731045520.0,364112928.0,474649200.0,27066060.0,4798440.0,10333998000.0,23938140900.0,0.431695930071161,0.05630325842911911,0.38351421937569563,0.33338269080369476,0.07180927033274054,0.07074179035064648,0.03523446859579419,0.045930839158281236,0.002619127659982129,0.00046433529404592494,0.0712061256446924,0.03569880388984011,0.22726416668553645,0.05630325842911911
T4s,178082700.0,1260264564.0,1121820480.0,244085640.0,225462456.0,510295696.0,158216400.0,9022020.0,1599480.0,3708849436.0,7999902140.0,0.46361185063196286,0.04801561860976014,0.33979933285164504,0.3024712918003717,0.06581168748204747,0.06079040411065099,0.13758867940197506,0.04265915959388113,0.002432565720362664,0.0004312604293058177,0.061221664539956804,0.13801993983128089,0.31014501716752885,0.04801561860976014
T5o,626382000.0,4056982776.0,3485415132.0,740227608.0,746991864.0,370781280.0,476710632.0,27065916.0,5333040.0,10535890248.0,23965952388.0,0.43961909284587536,0.0594522138382093,0.38506312048667424,0.3308135382922793,0.07025771819714195,0.07089973855240182,0.03519221169472456,0.04524635515166767,0.0025689253933845646,0.000506178393516614,0.07140591694591844,0.03569839008824117,0.22517730577635378,0.0594522138382093
T5s,191714880.0,1290119580.0,1134958896.0,243469152.0,230362236.0,510356252.0,158903640.0,9021972.0,1607760.0,3770514368.0,8008156604.0,0.4708342449392989,0.050845816058165995,0.3421601018017921,0.30100903622919173,0.06457186692253443,0.06109570565625279,0.13535454375438677,0.04214375665787146,0.0023927695585962026,0.00042640336120846207,0.06152210901746125,0.13578094711559524,0.30641144927205854,0.050845816058165995
T6o,639900360.0,4188650016.0,3520827804.0,741544920.0,1057547160.0,377324952.0,478759536.0,27066132.0,5333040.0,11036953920.0,24041261292.0,0.45908381369627516,0.05797798601301037,0.37951141649778675,0.31900357920494066,0.06718746181011509,0.0958187528611155,0.03418741753703,0.043377868519722876,0.002452319018108214,0.0004831985381705752,0.09630195139928609,0.034670616075200576,0.24399021682243288,0.05797798601301037
T6s,195758400.0,1332365460.0,1146504480.0,243904248.0,327364356.0,506821220.0,159581988.0,9021996.0,5349960.0,3926672108.0,8031104972.0,0.48893298265806806,0.04985351325901949,0.3393116163902525,0.29197866500341874,0.06211474788105735,0.08336941486228114,0.1290714391373368,0.04064051787641648,0.0022976188874082584,0.0013624667028092992,0.08473188156509044,0.13043390584014608,0.32021867205011867,0.04985351325901949
T7o,651994560.0,4312261968.0,3553484964.0,742655520.0,1378529136.0,383617416.0,480806712.0,27066348.0,5333040.0,11535749664.0,24124580256.0,0.4781741087963989,0.05651947892339423,0.37381722849425386,0.308041095507601,0.06437860924787835,0.11950061124350002,0.03325465853313094,0.04167971098579484,0.0023463016092024652,0.00046230545524431727,0.11996291669874433,0.03371696398837526,0.26208450252999527,0.05651947892339423
T7s,199360140.0,1371920340.0,1157153916.0,244266600.0,427687296.0,503217160.0,160259760.0,9022020.0,9092160.0,4081979392.0,8056724584.0,0.5066549500905715,0.048839085368905265,0.336091931940846,0.28347862761576625,0.05984023350992949,0.10477448681837931,0.12327773162848932,0.03926030599617491,0.00221020714060479,0.002227389980904637,0.10700187679928394,0.12550512160939395,0.33381774505538714,0.048839085368905265
T8o,651645720.0,4443887232.0,3588401412.0,745003296.0,1702252224.0,389790840.0,482852160.0,27066564.0,5333040.0,12036232488.0,24212780652.0,0.49710244605903187,0.05414034006485701,0.3692091554753956,0.2981332751405059,0.061896718657001734,0.1414273299969179,0.03238478821247574,0.040116553122532206,0.0022487571610954743,0.0004430821692183984,0.1418704121661363,0.032827870381694144,0.27896031148845984,0.05414034006485701
T8s,199164840.0,1413909216.0,1168531812.0,245026704.0,528879888.0,499557952.0,160936956.0,9022044.0,12834360.0,4237863772.0,8084006616.0,0.5242281424674183,0.046996517754039784,0.33363725029148955,0.2757360488368242,0.05781844749680642,0.12479869964069246,0.11787966269718969,0.03797596257419291,0.002128913170737004,0.0030284975380279874,0.12782719717872043,0.12090816023521768,0.3466586806556744,0.046996517754039784
T9o,633364200.0,4589952024.0,3626832864.0,749259936.0,2026388520.0,395950140.0,484895880.0,27066780.0,5333040.0,12539043384.0,24307016268.0,0.5158610684976401,0.050511365229677876,0.36605280669631024,0.28924318649602015,0.059754154527933645,0.16160630902559128,0.03157738017760096,0.03867088302914193,0.0021586000758668403,0.00042531474185702523,0.1620316237674483,0.03200269491945798,0.2946179563198487,0.050511365229677876
T9s,193497240.0,1460365512.0,1181039028.0,246398400.0,630202944.0,495856040.0,161613576.0,9022068.0,16576560.0,4394571368.0,8113300100.0,0.5416502919693553,0.04403096998469317,0.33231125170339937,0.26874953871496665,0.056068812943670006,0.14340487188101117,0.11283376658999796,0.036775731343635334,0.002053002953984567,0.0037720538846417935,0.14717692576565297,0.11660582047463974,0.35868029348158265,0.04403096998469317
TTo,0.0,2915449992.0,3623972400.0,1301259960.0,227252160.0,200915772.0,1021253952.0,103529544.0,2684880.0,9396318660.0,12496955004.0,0.7518886526351776,0.0,0.3102757683613936,0.385680023329477,0.13848614623293332,0.024185233411400716,0.021382392325123636,0.10868660258910376,0.011018096314753974,0.0002857374358140383,0.024470970847214755,0.021668129760937675,0.3043299457449435,0.0
