hand,connectedness,suited,pair,flop_equity,turn_equity,river_equity,equity_delta,high_card,low_card,hand_type,dominates_count,combos_dominated,blocks_count,combos_blocked,blocked_by_count,combos_blocked_by_count,dominated_by_count,combos_dominated_by_count,dom_ratio,block_ratio,dom_block_ratio,block_ratio_cat,dom_block_pc1,dom_block_pc2,BB_play10,BB_play2,BB_play3,BB_play4,BB_play5,BB_play6,BB_play7,BB_play8,BB_play9,D_play10,D_play3,D_play4,D_play5,D_play6,D_play7,D_play8,D_play9,SB_play10,SB_play2,SB_play3,SB_play4,SB_play5,SB_play6,SB_play7,SB_play8,SB_play9,pos3_play10,pos3_play4,pos3_play5,pos3_play6,pos3_play7,pos3_play8,pos3_play9,pos4_play10,pos4_play5,pos4_play6,pos4_play7,pos4_play8,pos4_play9,pos5_play10,pos5_play6,pos5_play7,pos5_play8,pos5_play9,pos6_play10,pos6_play7,pos6_play8,pos6_play9,pos7_play10,pos7_play8,pos7_play9,pos8_play10,pos8_play9,pos9_play10,ev_pc1,ev_pc2
22o,0,0,1,0.66276,0.58191,0.50212,-0.16064,0,0,pair,0.0,0.0,25.0,101.0,25.0,77.0,0.0,0.0,0.0,1.3116883116883118,0.0,1,-1.9189182658716095,-5.732988757310984,-0.1,-0.01,-0.21,-0.18,-0.2,-0.2,-0.19,-0.16,-0.1,-0.12,-0.01,-0.07,-0.06,0.06,-0.11,0.02,-0.08,-0.12,-0.12,-0.15,-0.17,-0.15,-0.34,0.01,-0.08,-0.11,-0.12,-0.12,-0.16,-0.08,-0.08,-0.15,-0.14,-0.03,-0.09,-0.05,-0.03,-0.04,-0.05,-0.04,0.0,-0.06,-0.02,-0.16,0.02,-0.06,0.11,-0.01,0.02,0.03,-0.04,-0.05,-0.03,0.0,-1.9757240061443957,-0.2952869409677256
32o,1,0,0,0.22724,0.27272,0.32283,0.09559000000000001,1,0,offsuit,0.0,0.0,48.0,101.0,48.0,155.0,45.0,540.0,0.0,0.6516129032258065,0.0,0,4.424059341071258,-1.1790405243377564,-0.41,-0.2,-0.29,-0.32,-0.38,-0.32,-0.38,-0.38,-0.37,-0.04,-0.04,-0.04,-0.04,-0.05,-0.07,-0.04,-0.03,-0.29,-0.25,-0.28,-0.28,-0.28,-0.28,-0.29,-0.29,-0.29,-0.07,-0.06,-0.07,-0.14,-0.06,-0.08,-0.08,-0.05,-0.03,-0.07,-0.04,-0.04,-0.05,-0.04,-0.06,-0.05,-0.04,-0.03,-0.04,-0.04,-0.03,-0.04,-0.04,-0.03,-0.05,-0.04,-0.04,-0.03,-3.269981499468932,-1.5804861933255936
32s,1,1,0,0.23654,0.29856,0.3603,0.12376000000000001,1,0,suited,0.0,0.0,48.0,101.0,48.0,51.0,45.0,180.0,0.0,1.9803921568627447,0.0,2,2.6769054293469927,-1.6503848608189602,-0.33,-0.12,-0.24,-0.29,-0.3,-0.36,-0.33,-0.26,-0.29,-0.1,-0.06,-0.08,-0.12,-0.01,-0.13,-0.08,-0.08,-0.17,-0.21,-0.2,-0.24,-0.25,-0.31,-0.2,-0.32,-0.2,-0.14,-0.12,-0.14,-0.15,-0.08,-0.18,-0.15,-0.08,-0.08,-0.08,-0.08,-0.13,-0.1,-0.1,-0.06,-0.12,-0.12,-0.12,-0.08,-0.1,-0.1,-0.16,-0.09,-0.09,-0.11,-0.07,-0.07,-0.08,-3.695643906598221,-0.6053438902047484
33o,0,0,1,0.68989,0.61144,0.53494,-0.15495000000000003,1,1,pair,2.0,16.0,25.0,101.0,25.0,77.0,0.0,0.0,16.0,1.3116883116883118,0.2077922077922078,1,-2.068367331285531,-5.558278182210928,-0.16,0.02,-0.08,-0.17,-0.13,-0.16,-0.1,-0.25,-0.14,0.03,0.0,0.04,-0.01,-0.09,0.01,-0.07,0.0,-0.1,-0.02,-0.11,-0.17,-0.17,-0.24,-0.19,-0.15,-0.19,-0.07,-0.03,-0.12,-0.13,-0.08,-0.06,-0.08,-0.04,0.0,-0.16,-0.04,-0.09,-0.06,-0.01,-0.02,-0.07,0.02,-0.02,-0.05,0.06,-0.07,-0.09,-0.01,-0.04,0.01,0.06,-0.02,-0.04,-1.7128058339116112,0.1049305500679755
42o,2,0,0,0.23643,0.2865,0.33435,0.09791999999999998,2,0,offsuit,2.0,16.0,48.0,101.0,48.0,155.0,43.0,516.0,0.0310077519379844,0.6516129032258065,0.1032258064516129,0,4.093049211896921,-1.0187170619573562,-0.4,-0.19,-0.25,-0.3,-0.36,-0.37,-0.37,-0.39,-0.37,-0.02,-0.04,-0.02,-0.02,-0.02,-0.02,-0.03,-0.03,-0.26,-0.23,-0.26,-0.26,-0.25,-0.21,-0.26,-0.24,-0.28,-0.09,-0.04,-0.05,-0.07,-0.08,-0.08,-0.08,-0.02,-0.02,-0.04,-0.02,-0.02,-0.02,-0.02,-0.02,-0.02,-0.02,-0.03,-0.02,-0.03,-0.02,-0.02,-0.02,-0.02,-0.02,-0.02,-0.02,-0.02,-2.833184067914293,-1.5676214017025851
42s,2,1,0,0.24755,0.30978,0.37035,0.12280000000000002,2,0,suited,2.0,16.0,48.0,101.0,48.0,51.0,43.0,172.0,0.0930232558139534,1.9803921568627447,0.3137254901960784,2,2.4050341045189905,-1.4825071471743454,-0.26,-0.11,-0.25,-0.23,-0.27,-0.41,-0.26,-0.35,-0.32,-0.03,-0.06,-0.09,-0.1,-0.13,-0.1,-0.08,-0.09,-0.29,-0.19,-0.24,-0.24,-0.25,-0.28,-0.21,-0.26,-0.25,-0.18,-0.1,-0.09,-0.19,-0.19,-0.12,-0.12,-0.1,-0.1,-0.03,-0.06,-0.12,0.04,-0.06,-0.11,-0.08,-0.12,-0.09,-0.09,-0.1,-0.13,-0.1,0.03,-0.05,-0.1,-0.07,-0.05,-0.06,-3.527814121420871,-0.8191722464124166
43o,1,0,0,0.24853,0.29731,0.3486,0.10007000000000002,2,1,offsuit,4.0,32.0,48.0,101.0,48.0,155.0,41.0,492.0,0.065040650406504,0.6516129032258065,0.2064516129032258,0,3.762039082722585,-0.8583935995769565,-0.36,-0.17,-0.27,-0.3,-0.34,-0.34,-0.34,-0.37,-0.35,-0.04,-0.04,-0.04,-0.04,-0.04,-0.02,-0.01,-0.04,-0.27,-0.24,-0.26,-0.26,-0.28,-0.23,-0.24,-0.3,-0.26,-0.09,-0.04,-0.06,-0.11,-0.15,-0.08,-0.08,-0.07,-0.05,-0.07,-0.07,-0.06,-0.02,-0.03,-0.05,0.0,-0.03,-0.01,-0.04,-0.07,-0.03,-0.03,-0.04,-0.03,-0.03,-0.02,-0.04,-0.03,-3.059586417231205,-1.4418304462797389
43s,1,1,0,0.25981,0.3203,0.38422,0.12441000000000002,2,1,suited,4.0,32.0,48.0,101.0,48.0,51.0,41.0,164.0,0.1951219512195122,1.9803921568627447,0.6274509803921569,2,2.1331627796909887,-1.314629433529731,-0.22,-0.06,-0.2,-0.2,-0.25,-0.31,-0.27,-0.26,-0.26,-0.11,-0.08,-0.08,-0.12,0.1,-0.08,-0.15,-0.01,-0.25,-0.17,-0.2,-0.23,-0.25,-0.27,-0.23,-0.23,-0.21,-0.03,-0.04,-0.08,-0.07,-0.16,-0.11,-0.1,-0.05,-0.09,-0.2,-0.15,-0.05,-0.07,-0.06,-0.1,-0.09,-0.12,-0.08,-0.09,-0.1,-0.05,-0.1,-0.09,-0.07,-0.06,-0.04,-0.1,-0.06,-3.127976795877117,-0.4717587291424032
44o,0,0,1,0.71238,0.63824,0.57131,-0.14107000000000003,2,2,pair,4.0,32.0,25.0,101.0,25.0,77.0,0.0,0.0,32.0,1.3116883116883118,0.4155844155844156,1,-2.217816396699451,-5.383567607110874,-0.1,0.07,-0.01,-0.1,-0.09,-0.13,-0.14,-0.08,-0.2,-0.03,0.13,0.04,0.07,0.03,-0.02,-0.05,-0.08,0.05,0.04,-0.06,-0.08,-0.12,-0.09,-0.09,-0.09,-0.04,-0.08,0.06,-0.03,0.16,-0.17,-0.1,-0.01,-0.06,0.0,-0.09,-0.01,-0.14,-0.08,-0.01,0.27,-0.12,-0.12,-0.07,0.1,0.12,-0.04,-0.03,0.02,-0.01,0.0,0.02,0.04,-0.06,-0.7051474810979872,0.7680563356020932
52o,3,0,0,0.25423,0.30362,0.34591,0.09167999999999998,3,0,offsuit,4.0,32.0,48.0,101.0,48.0,155.0,41.0,492.0,0.065040650406504,0.6516129032258065,0.2064516129032258,0,3.762039082722585,-0.8583935995769565,-0.37,-0.18,-0.25,-0.32,-0.34,-0.34,-0.36,-0.33,-0.37,-0.02,-0.02,-0.02,-0.02,-0.02,-0.05,-0.03,-0.02,-0.25,-0.23,-0.24,-0.27,-0.27,-0.29,-0.28,-0.29,-0.28,-0.09,-0.04,-0.04,-0.1,-0.07,-0.06,-0.07,-0.02,-0.02,-0.04,-0.03,-0.03,-0.02,-0.03,-0.07,-0.01,-0.02,-0.02,-0.01,-0.02,-0.02,-0.02,-0.02,-0.02,-0.02,-0.01,-0.01,-0.01,-2.829644487711528,-1.5288517714132506
52s,3,1,0,0.26265,0.32788,0.38205,0.1194,3,0,suited,4.0,32.0,48.0,101.0,48.0,51.0,41.0,164.0,0.1951219512195122,1.9803921568627447,0.6274509803921569,2,2.1331627796909887,-1.314629433529731,-0.3,-0.12,-0.2,-0.23,-0.28,-0.39,-0.32,-0.3,-0.35,-0.02,-0.06,-0.06,-0.09,-0.17,-0.07,-0.07,-0.1,-0.22,-0.23,-0.24,-0.25,-0.25,-0.27,-0.25,-0.29,-0.28,-0.12,-0.11,-0.12,-0.3,-0.18,0.05,-0.1,-0.11,-0.07,-0.13,-0.09,-0.1,-0.08,-0.06,-0.17,-0.04,-0.07,-0.07,-0.09,0.0,-0.06,-0.01,-0.1,-0.07,-0.06,-0.02,0.04,-0.07,-3.4449347995639967,-0.9934232992894068
53o,2,0,0,0.26413,0.31398,0.36193,0.0978,3,1,offsuit,6.0,48.0,48.0,101.0,48.0,155.0,39.0,468.0,0.1025641025641025,0.6516129032258065,0.3096774193548387,0,3.431028953548248,-0.6980701371965566,-0.33,-0.15,-0.24,-0.28,-0.33,-0.33,-0.32,-0.28,-0.37,-0.04,-0.02,-0.03,-0.02,-0.03,0.0,-0.02,-0.02,-0.24,-0.23,-0.23,-0.25,-0.25,-0.14,-0.26,-0.3,-0.26,-0.07,-0.03,-0.04,-0.1,-0.07,-0.08,-0.08,-0.03,-0.02,-0.06,-0.03,-0.02,-0.04,-0.02,-0.04,-0.03,-0.03,-0.03,-0.02,-0.01,-0.02,-0.02,0.01,-0.03,-0.02,-0.03,-0.02,-0.03,-2.652765111046984,-1.318824315028265
53s,2,1,0,0.27347,0.3347,0.39459,0.12112,3,1,suited,6.0,48.0,48.0,101.0,48.0,51.0,39.0,156.0,0.3076923076923077,1.9803921568627447,0.9411764705882352,2,1.8612914548629864,-1.1467517198851165,-0.26,-0.07,-0.16,-0.21,-0.24,-0.12,-0.24,-0.28,-0.18,-0.03,-0.08,-0.07,-0.04,-0.07,0.01,-0.04,-0.05,-0.23,-0.15,-0.25,-0.2,-0.19,-0.28,-0.28,-0.31,-0.2,-0.08,-0.09,-0.05,0.02,-0.12,-0.13,-0.13,-0.06,-0.06,0.03,-0.09,-0.07,-0.02,0.04,-0.12,-0.1,-0.05,-0.05,-0.03,0.14,0.07,-0.02,-0.1,-0.04,0.04,-0.08,-0.07,-0.08,-2.4634717547361427,-0.6778901118228002
54o,1,0,0,0.27948,0.32658,0.38031,0.10082999999999998,3,2,offsuit,8.0,64.0,48.0,101.0,48.0,155.0,37.0,444.0,0.1441441441441441,0.6516129032258065,0.4129032258064516,0,3.100018824373911,-0.537746674816157,-0.32,-0.13,-0.19,-0.26,-0.3,-0.27,-0.32,-0.31,-0.33,-0.06,-0.02,-0.04,-0.04,-0.07,-0.04,-0.05,-0.05,-0.27,-0.22,-0.24,-0.25,-0.26,-0.23,-0.27,-0.27,-0.27,-0.08,-0.06,-0.07,-0.13,0.01,-0.1,-0.09,-0.06,-0.06,-0.05,-0.05,-0.05,-0.05,-0.05,-0.06,-0.06,-0.03,-0.04,-0.03,-0.11,-0.03,-0.04,-0.06,-0.06,-0.03,-0.04,-0.04,0.03,-2.91371707439588,-1.036214696727268
54s,1,1,0,0.28851,0.34929,0.41649,0.12798000000000004,3,2,suited,8.0,64.0,48.0,101.0,48.0,51.0,37.0,148.0,0.4324324324324324,1.9803921568627447,1.2549019607843137,2,1.5894201300349844,-0.978874006240502,-0.15,-0.05,-0.13,-0.11,-0.15,-0.18,-0.06,-0.31,-0.2,0.0,-0.04,-0.03,-0.07,0.06,0.01,0.02,-0.06,-0.2,-0.12,-0.18,-0.16,-0.17,0.36,-0.16,-0.14,-0.18,-0.07,0.0,-0.1,-0.12,-0.02,-0.2,-0.13,-0.01,-0.01,0.04,-0.1,-0.06,-0.12,-0.04,-0.03,-0.14,-0.05,-0.07,-0.07,-0.08,0.0,0.09,-0.01,-0.09,0.12,-0.03,0.01,0.0,-1.697240736231667,-0.19149438203995
55o,0,0,1,0.73821,0.67103,0.6045,-0.13371,3,3,pair,6.0,48.0,25.0,101.0,25.0,77.0,0.0,0.0,48.0,1.3116883116883118,0.6233766233766234,1,-2.3672654621133717,-5.208857032010818,-0.12,0.13,-0.05,-0.03,0.02,-0.06,-0.08,-0.21,0.01,0.08,0.26,0.13,0.06,0.03,0.17,0.09,-0.02,-0.02,0.08,0.02,0.0,-0.02,-0.14,-0.16,0.02,-0.11,0.01,0.09,0.06,-0.03,-0.08,-0.05,0.06,-0.02,0.08,0.02,0.01,-0.15,0.17,-0.04,-0.07,0.05,0.01,-0.03,-0.02,0.01,0.04,0.01,0.0,0.01,0.06,-0.04,0.0,0.01,0.1606087386548602,0.9731027656605336
62o,4,0,0,0.26831,0.30816,0.33832,0.07001000000000002,4,0,offsuit,6.0,48.0,48.0,101.0,48.0,155.0,39.0,468.0,0.1025641025641025,0.6516129032258065,0.3096774193548387,0,3.431028953548248,-0.6980701371965566,-0.41,-0.17,-0.26,-0.33,-0.35,-0.38,-0.39,-0.38,-0.39,-0.01,-0.01,-0.01,-0.01,-0.01,-0.02,-0.02,-0.02,-0.27,-0.23,-0.25,-0.25,-0.26,-0.26,-0.28,-0.26,-0.27,-0.09,-0.03,-0.04,-0.06,-0.07,-0.1,-0.07,-0.01,-0.01,-0.02,-0.02,-0.02,-0.03,-0.02,-0.03,-0.02,-0.01,-0.01,-0.01,-0.02,-0.01,-0.01,-0.01,-0.02,-0.02,-0.01,-0.01,-0.01,-2.770564276683133,-1.580446382725199
62s,4,1,0,0.27703,0.33216,0.37606,0.09903,4,0,suited,6.0,48.0,48.0,101.0,48.0,51.0,39.0,156.0,0.3076923076923077,1.9803921568627447,0.9411764705882352,2,1.8612914548629864,-1.1467517198851165,-0.32,-0.11,-0.2,-0.26,-0.22,-0.21,-0.34,-0.31,-0.32,-0.1,-0.08,-0.08,-0.08,0.02,-0.08,-0.1,-0.05,-0.25,-0.22,-0.22,-0.27,-0.26,-0.25,-0.32,-0.32,-0.31,-0.08,-0.07,-0.13,-0.15,-0.15,-0.11,-0.11,-0.08,-0.09,-0.11,-0.07,-0.05,-0.08,-0.08,-0.07,-0.12,-0.07,-0.08,-0.1,-0.06,-0.11,-0.08,-0.07,-0.06,-0.06,-0.07,-0.05,-0.08,-3.439563268965834,-0.7253777928547763
63o,3,0,0,0.2799,0.32137,0.35897,0.07907000000000003,4,1,offsuit,8.0,64.0,48.0,101.0,48.0,155.0,37.0,444.0,0.1441441441441441,0.6516129032258065,0.4129032258064516,0,3.100018824373911,-0.537746674816157,-0.37,-0.17,-0.25,-0.29,-0.34,-0.36,-0.35,-0.36,-0.33,-0.03,-0.01,-0.02,-0.02,-0.01,-0.03,-0.02,-0.03,-0.25,-0.23,-0.26,-0.25,-0.25,-0.25,-0.28,-0.28,-0.25,-0.1,-0.03,-0.05,-0.11,-0.11,-0.07,-0.07,-0.03,-0.02,-0.04,-0.04,-0.03,-0.02,-0.02,-0.03,-0.01,-0.02,-0.02,-0.02,-0.03,-0.02,-0.01,-0.02,-0.03,-0.03,-0.02,-0.03,-0.02,-2.8069506705745275,-1.4513734756475998
63s,3,1,0,0.29256,0.34622,0.39626,0.10370000000000001,4,1,suited,8.0,64.0,48.0,101.0,48.0,51.0,37.0,148.0,0.4324324324324324,1.9803921568627447,1.2549019607843137,2,1.5894201300349844,-0.978874006240502,-0.3,-0.06,-0.16,-0.18,-0.19,-0.12,-0.23,-0.16,-0.19,0.05,-0.03,-0.07,-0.06,-0.06,0.01,-0.08,0.07,-0.21,-0.15,-0.19,-0.23,-0.2,-0.31,-0.23,-0.22,-0.28,-0.12,-0.09,-0.11,-0.1,-0.08,-0.06,-0.13,-0.15,-0.09,-0.11,0.01,-0.05,-0.1,-0.05,-0.04,-0.05,-0.03,-0.07,-0.12,-0.12,-0.11,-0.03,-0.07,-0.04,-0.09,-0.08,-0.05,-0.01,-2.653730066504926,-0.3102217799778904
64o,2,0,0,0.29655,0.33923,0.3805,0.08395000000000002,4,2,offsuit,10.0,80.0,48.0,101.0,48.0,155.0,35.0,420.0,0.1904761904761904,0.6516129032258065,0.5161290322580645,0,2.769008695199574,-0.377423212435757,-0.33,-0.16,-0.23,-0.28,-0.3,-0.34,-0.32,-0.31,-0.32,-0.03,-0.02,-0.02,-0.04,-0.04,-0.03,-0.03,-0.02,-0.27,-0.2,-0.25,-0.25,-0.24,-0.28,-0.24,-0.29,-0.28,-0.07,-0.03,-0.05,-0.07,-0.09,-0.08,-0.07,-0.02,-0.03,-0.03,-0.05,-0.03,-0.03,-0.03,-0.04,-0.03,-0.04,-0.02,-0.02,-0.04,-0.02,-0.02,-0.02,-0.02,-0.02,-0.03,-0.03,-0.02,-2.7311565542963776,-1.2865976399284569
64s,2,1,0,0.30099,0.35711,0.40838,0.10739000000000004,4,2,suited,10.0,80.0,48.0,101.0,48.0,51.0,35.0,140.0,0.5714285714285714,1.9803921568627447,1.568627450980392,2,1.317548805206982,-0.8109962925958871,-0.21,-0.07,-0.08,-0.16,-0.14,-0.23,-0.26,-0.24,-0.25,-0.03,-0.06,-0.05,-0.03,-0.03,-0.05,-0.06,0.05,-0.18,-0.12,-0.14,-0.22,-0.17,-0.2,-0.2,-0.19,-0.22,0.06,-0.08,-0.07,-0.15,-0.09,-0.08,-0.07,-0.05,-0.06,0.03,-0.03,0.04,-0.04,-0.06,-0.01,-0.2,-0.05,-0.09,-0.02,-0.07,-0.09,-0.09,0.04,-0.03,-0.05,-0.03,0.03,-0.02,-2.1757663073691536,-0.4309510851366303
65o,1,0,0,0.3058,0.35396,0.3988,0.09299999999999997,4,3,offsuit,12.0,96.0,48.0,101.0,48.0,155.0,33.0,396.0,0.2424242424242424,0.6516129032258065,0.6193548387096774,0,2.437998566025237,-0.2170997500553571,-0.31,-0.08,-0.19,-0.24,-0.28,-0.28,-0.31,-0.29,-0.33,-0.03,-0.02,-0.03,-0.05,-0.16,-0.08,-0.06,-0.04,-0.27,-0.19,-0.21,-0.25,-0.25,-0.28,-0.27,-0.25,-0.24,-0.07,-0.08,-0.07,-0.15,-0.09,-0.05,-0.07,-0.05,-0.06,-0.06,-0.08,-0.05,-0.05,-0.05,-0.06,-0.01,-0.03,-0.06,-0.04,-0.04,-0.06,-0.07,-0.05,-0.04,-0.04,-0.05,-0.04,-0.05,-2.922890885608929,-0.8467788342998602
65s,1,1,0,0.31593,0.37922,0.43673,0.12080000000000002,4,3,suited,12.0,96.0,48.0,101.0,48.0,51.0,33.0,132.0,0.7272727272727273,1.9803921568627447,1.8823529411764703,2,1.04567748037898,-0.6431185789512726,-0.22,-0.04,-0.07,-0.15,-0.14,-0.14,-0.2,-0.18,-0.13,-0.04,0.05,0.0,0.01,0.13,-0.18,-0.07,-0.05,-0.15,-0.13,-0.06,-0.13,-0.18,-0.16,-0.14,-0.26,-0.11,-0.08,-0.05,-0.03,0.07,-0.02,-0.08,-0.12,-0.06,0.0,-0.02,-0.11,-0.1,-0.11,-0.05,0.01,0.06,-0.08,-0.03,-0.06,-0.05,-0.04,-0.1,-0.14,0.08,-0.05,-0.02,0.03,0.07,-1.7023106018297454,0.1255308835651871
66o,0,0,1,0.76212,0.69923,0.6348,-0.12732,4,4,pair,8.0,64.0,25.0,101.0,25.0,77.0,0.0,0.0,64.0,1.3116883116883118,0.8311688311688312,1,-2.516714527527292,-5.034146456910764,-0.06,0.22,0.14,0.08,0.03,-0.07,-0.07,-0.05,-0.04,0.13,0.26,0.19,0.16,0.12,-0.03,0.14,0.03,-0.01,0.21,0.17,0.04,0.01,0.05,0.05,-0.05,-0.07,-0.02,0.17,0.09,-0.04,0.07,0.07,0.02,0.08,0.09,0.02,-0.15,0.03,0.08,0.2,0.03,0.09,0.02,0.02,0.13,0.06,0.08,0.04,0.05,0.09,0.07,-0.02,0.08,0.06,1.4738194943366043,1.4530035303631783
72o,5,0,0,0.29337,0.32633,0.34496,0.05158999999999997,5,0,offsuit,8.0,64.0,48.0,101.0,48.0,155.0,37.0,444.0,0.1441441441441441,0.6516129032258065,0.4129032258064516,0,3.100018824373911,-0.537746674816157,-0.41,-0.19,-0.26,-0.33,-0.37,-0.39,-0.36,-0.35,-0.39,-0.01,-0.02,-0.01,-0.02,-0.03,-0.01,-0.02,-0.02,-0.27,-0.24,-0.25,-0.25,-0.25,-0.3,-0.29,-0.27,-0.27,-0.08,-0.03,-0.04,-0.07,-0.1,-0.08,-0.08,-0.03,-0.02,-0.02,-0.01,-0.01,-0.02,-0.01,-0.02,-0.01,-0.01,-0.02,-0.02,-0.01,0.01,-0.01,-0.01,-0.01,-0.02,-0.02,-0.02,-0.02,-2.809930385977093,-1.6539551309124374
72s,5,1,0,0.29524,0.34004,0.37953,0.08428999999999998,5,0,suited,8.0,64.0,48.0,101.0,48.0,51.0,37.0,148.0,0.4324324324324324,1.9803921568627447,1.2549019607843137,2,1.5894201300349844,-0.978874006240502,-0.34,-0.17,-0.22,-0.24,-0.37,-0.22,-0.2,-0.32,-0.25,-0.07,-0.07,-0.06,-0.05,0.0,-0.02,-0.05,-0.07,-0.26,-0.24,-0.26,-0.28,-0.25,-0.24,-0.3,-0.27,-0.29,-0.12,-0.13,-0.11,-0.18,-0.16,-0.14,-0.09,-0.08,-0.08,-0.1,-0.17,-0.09,-0.09,-0.08,-0.1,-0.07,-0.08,-0.03,-0.06,-0.1,-0.07,-0.03,-0.05,-0.07,-0.04,-0.07,-0.06,-0.08,-3.441304613886774,-1.012625061453578
73o,4,0,0,0.30376,0.33624,0.36515,0.06139,5,1,offsuit,10.0,80.0,48.0,101.0,48.0,155.0,35.0,420.0,0.1904761904761904,0.6516129032258065,0.5161290322580645,0,2.769008695199574,-0.377423212435757,-0.42,-0.16,-0.26,-0.32,-0.37,-0.24,-0.39,-0.33,-0.39,-0.01,-0.02,-0.01,-0.02,-0.03,-0.02,-0.01,-0.02,-0.26,-0.24,-0.24,-0.26,-0.26,-0.32,-0.28,-0.29,-0.29,-0.08,-0.04,-0.04,-0.09,-0.05,-0.08,-0.06,-0.03,-0.02,-0.05,-0.01,-0.01,-0.03,-0.02,-0.03,-0.01,-0.01,-0.02,-0.01,-0.02,-0.02,-0.02,-0.01,-0.01,-0.01,-0.02,-0.01,0.0,-2.764643454868025,-1.5342232187362992
73s,4,1,0,0.31527,0.35942,0.40046,0.08518999999999999,5,1,suited,10.0,80.0,48.0,101.0,48.0,51.0,35.0,140.0,0.5714285714285714,1.9803921568627447,1.568627450980392,2,1.317548805206982,-0.8109962925958871,-0.34,-0.09,-0.26,-0.25,-0.29,-0.36,-0.3,-0.31,-0.22,-0.08,-0.06,-0.07,-0.04,-0.03,-0.11,-0.05,-0.04,-0.27,-0.17,-0.2,-0.25,-0.23,0.16,-0.21,-0.29,-0.3,-0.12,-0.1,-0.13,-0.1,-0.13,-0.09,-0.1,-0.1,-0.09,-0.09,-0.16,-0.11,-0.09,-0.06,-0.09,-0.14,-0.08,-0.09,-0.1,-0.13,-0.09,-0.06,-0.05,-0.08,-0.04,-0.08,-0.1,-0.1,-3.299655181555114,-0.5512360827706053
74o,3,0,0,0.31763,0.35238,0.38151,0.06387999999999999,5,2,offsuit,12.0,96.0,48.0,101.0,48.0,155.0,33.0,396.0,0.2424242424242424,0.6516129032258065,0.6193548387096774,0,2.437998566025237,-0.2170997500553571,-0.38,-0.13,-0.23,-0.29,-0.34,-0.33,-0.36,-0.32,-0.37,-0.02,-0.04,-0.02,-0.02,-0.03,-0.02,-0.02,-0.02,-0.27,-0.23,-0.25,-0.25,-0.25,-0.29,-0.27,-0.28,-0.26,-0.07,-0.03,-0.06,-0.04,-0.05,-0.05,-0.07,-0.03,-0.02,-0.02,-0.03,-0.04,-0.02,-0.02,-0.03,-0.03,-0.01,-0.02,-0.01,-0.01,0.0,-0.02,-0.01,-0.02,-0.02,-0.01,-0.02,-0.02,-2.6726091346855063,-1.418857770475828
74s,3,1,0,0.32676,0.37462,0.41916,0.09239999999999998,5,2,suited,12.0,96.0,48.0,101.0,48.0,51.0,33.0,132.0,0.7272727272727273,1.9803921568627447,1.8823529411764703,2,1.04567748037898,-0.6431185789512726,-0.24,-0.09,-0.2,-0.16,-0.24,-0.22,-0.13,-0.25,-0.18,-0.07,-0.07,-0.08,-0.02,-0.07,-0.04,-0.09,-0.05,-0.17,-0.2,-0.2,-0.2,-0.24,0.02,-0.24,-0.19,-0.19,-0.1,-0.07,-0.1,-0.15,-0.03,-0.12,-0.08,-0.1,-0.11,-0.09,-0.16,-0.2,-0.09,-0.08,-0.1,-0.14,-0.17,0.04,0.06,-0.08,-0.06,-0.08,-0.06,-0.07,-0.07,-0.04,-0.06,0.03,-2.770884096624181,-0.4788157226004124
75o,2,0,0,0.32824,0.36802,0.40335,0.07511000000000001,5,3,offsuit,14.0,112.0,48.0,101.0,48.0,155.0,31.0,372.0,0.3010752688172043,0.6516129032258065,0.7225806451612903,0,2.1069884368509,-0.0567762876749573,-0.35,-0.1,-0.2,-0.26,-0.29,-0.34,-0.33,-0.32,-0.35,-0.03,-0.02,-0.03,-0.02,-0.04,-0.03,-0.01,-0.03,-0.27,-0.21,-0.25,-0.25,-0.25,-0.24,-0.27,-0.27,-0.23,-0.07,-0.04,-0.04,-0.03,-0.04,-0.05,-0.07,-0.02,-0.03,-0.05,-0.07,-0.04,-0.03,-0.02,-0.03,0.03,-0.01,0.01,-0.02,-0.04,-0.03,-0.04,-0.01,-0.04,-0.02,-0.02,-0.02,-0.02,-2.5729942160617134,-1.2149963129111128
75s,2,1,0,0.33728,0.38904,0.4341,0.09681999999999996,5,3,suited,14.0,112.0,48.0,101.0,48.0,51.0,31.0,124.0,0.9032258064516128,1.9803921568627447,2.196078431372549,2,0.7738061555509776,-0.4752408653066579,-0.24,0.03,-0.16,-0.18,-0.11,-0.23,-0.13,-0.17,-0.23,0.07,0.01,-0.01,0.01,0.1,-0.07,-0.04,-0.03,-0.16,-0.13,-0.07,-0.18,-0.22,-0.19,-0.1,-0.21,-0.15,-0.14,-0.08,-0.09,-0.2,-0.15,-0.03,-0.08,-0.08,-0.04,-0.28,-0.07,-0.08,-0.11,-0.03,-0.02,-0.04,-0.12,-0.06,-0.06,-0.12,-0.01,-0.04,-0.1,-0.02,0.04,-0.05,-0.14,-0.08,-2.268317244771217,0.1105049418136801
76o,1,0,0,0.34254,0.38658,0.42385,0.08131,5,4,offsuit,16.0,128.0,48.0,101.0,48.0,155.0,29.0,348.0,0.367816091954023,0.6516129032258065,0.8258064516129032,0,1.7759783076765638,0.1035471747054425,-0.32,-0.04,-0.13,-0.22,-0.26,-0.23,-0.32,-0.3,-0.3,-0.05,-0.01,-0.05,-0.05,-0.08,-0.08,-0.06,-0.03,-0.25,-0.17,-0.18,-0.21,-0.22,-0.3,-0.24,-0.23,-0.24,-0.07,-0.07,-0.08,-0.04,-0.1,-0.1,-0.1,-0.07,-0.04,-0.09,-0.07,-0.05,-0.05,-0.04,-0.05,-0.06,-0.04,-0.05,-0.01,-0.04,-0.05,-0.05,-0.05,-0.04,-0.03,-0.03,-0.02,-0.02,-2.681048815609206,-0.5745994691276719
76s,1,1,0,0.34768,0.4044,0.456,0.10832000000000003,5,4,suited,16.0,128.0,48.0,101.0,48.0,51.0,29.0,116.0,1.103448275862069,1.9803921568627447,2.5098039215686274,2,0.5019348307229754,-0.3073631516620433,-0.1,0.04,-0.12,-0.04,-0.17,-0.14,-0.06,-0.14,-0.03,0.12,0.09,0.05,0.0,0.02,0.03,-0.01,0.06,-0.17,-0.03,-0.1,-0.11,-0.1,-0.16,-0.29,-0.07,-0.12,-0.04,0.02,0.02,-0.03,-0.2,0.08,0.05,-0.02,0.03,-0.19,-0.05,-0.04,-0.11,-0.04,-0.15,-0.12,-0.07,0.1,-0.03,0.29,0.13,0.0,0.0,0.0,-0.06,0.03,-0.08,0.0,-0.896109352090653,0.1466837318866945
77o,0,0,1,0.78511,0.72607,0.6632,-0.12190999999999996,5,5,pair,10.0,80.0,25.0,101.0,25.0,77.0,0.0,0.0,80.0,1.3116883116883118,1.0389610389610389,1,-2.666163592941212,-4.859435881810708,-0.01,0.3,0.25,0.16,0.15,-0.05,-0.06,-0.03,0.04,0.15,0.41,0.36,0.28,0.13,0.19,0.29,0.16,-0.06,0.3,0.25,0.15,0.18,0.07,-0.09,0.03,0.01,0.03,0.33,0.17,0.03,0.21,0.05,0.0,0.11,0.3,0.16,0.01,0.24,0.19,0.07,0.09,0.03,0.06,0.03,0.14,0.28,0.13,0.05,0.11,0.24,0.03,0.19,0.16,0.16,3.348305636363396,1.9548561507257007
82o,6,0,0,0.32291,0.35145,0.36666,0.04375000000000001,6,0,offsuit,10.0,80.0,48.0,101.0,48.0,155.0,35.0,420.0,0.1904761904761904,0.6516129032258065,0.5161290322580645,0,2.769008695199574,-0.377423212435757,-0.4,-0.18,-0.27,-0.32,-0.37,-0.33,-0.36,-0.36,-0.41,-0.01,-0.02,-0.01,-0.01,-0.02,-0.02,-0.02,-0.01,-0.27,-0.23,-0.25,-0.26,-0.26,-0.25,-0.27,-0.26,-0.28,-0.08,-0.03,-0.04,-0.09,-0.08,-0.04,-0.09,0.02,-0.01,-0.03,-0.01,-0.01,-0.02,-0.01,-0.03,-0.01,0.0,-0.01,-0.01,-0.02,-0.01,-0.01,-0.02,-0.01,-0.01,-0.01,-0.01,-0.01,-2.7083466192265053,-1.653156110006627
82s,6,1,0,0.33138,0.37027,0.39944,0.06806000000000001,6,0,suited,10.0,80.0,48.0,101.0,48.0,51.0,35.0,140.0,0.5714285714285714,1.9803921568627447,1.568627450980392,2,1.317548805206982,-0.8109962925958871,-0.35,-0.14,-0.15,-0.22,-0.32,-0.3,-0.15,-0.28,-0.31,-0.03,-0.06,-0.08,-0.08,-0.11,-0.1,-0.06,-0.08,-0.26,-0.22,-0.22,-0.27,-0.25,-0.22,-0.34,-0.25,-0.23,-0.15,-0.1,-0.11,-0.26,-0.28,-0.11,-0.1,-0.08,-0.08,-0.12,-0.06,-0.06,-0.1,-0.09,-0.12,-0.09,-0.09,-0.03,-0.08,-0.1,-0.04,-0.06,-0.06,-0.06,-0.06,-0.06,-0.07,0.05,-3.4368470641140845,-0.8215337479819104
83o,5,0,0,0.32916,0.35296,0.37224,0.04308000000000001,6,1,offsuit,12.0,96.0,48.0,101.0,48.0,155.0,33.0,396.0,0.2424242424242424,0.6516129032258065,0.6193548387096774,0,2.437998566025237,-0.2170997500553571,-0.41,-0.16,-0.29,-0.33,-0.38,-0.34,-0.29,-0.38,-0.39,-0.01,-0.02,-0.01,-0.02,0.04,-0.02,-0.02,-0.02,-0.29,-0.23,-0.26,-0.25,-0.25,-0.24,-0.28,-0.28,-0.27,-0.08,-0.03,-0.03,-0.08,-0.08,-0.08,-0.08,-0.04,-0.02,-0.03,-0.03,-0.03,-0.02,-0.01,-0.01,-0.01,-0.02,-0.02,-0.02,-0.01,-0.01,-0.02,-0.01,-0.01,0.0,-0.01,-0.01,-0.01,-2.745854982723214,-1.5733824792618352
83s,5,1,0,0.34244,0.37638,0.40757,0.06512999999999997,6,1,suited,12.0,96.0,48.0,101.0,48.0,51.0,33.0,132.0,0.7272727272727273,1.9803921568627447,1.8823529411764703,2,1.04567748037898,-0.6431185789512726,-0.31,-0.14,-0.25,-0.22,-0.29,-0.37,-0.28,-0.31,-0.34,-0.12,-0.06,-0.08,-0.1,-0.09,-0.15,-0.06,-0.09,-0.25,-0.19,-0.26,-0.25,-0.24,-0.29,-0.31,-0.25,-0.29,-0.12,-0.11,-0.09,-0.11,-0.19,-0.09,-0.13,-0.07,-0.08,-0.16,-0.12,0.07,-0.17,-0.07,-0.09,-0.14,-0.12,-0.1,-0.09,-0.03,-0.08,-0.06,-0.11,-0.05,-0.05,-0.05,-0.08,-0.08,-3.6357430424649695,-0.819218672414481
84o,4,0,0,0.35141,0.37433,0.39439,0.04298000000000002,6,2,offsuit,14.0,112.0,48.0,101.0,48.0,155.0,31.0,372.0,0.3010752688172043,0.6516129032258065,0.7225806451612903,0,2.1069884368509,-0.0567762876749573,-0.38,-0.13,-0.25,-0.29,-0.34,-0.35,-0.36,-0.3,-0.35,-0.02,-0.02,-0.01,-0.01,-0.03,-0.02,-0.04,-0.02,-0.28,-0.22,-0.25,-0.26,-0.26,-0.33,-0.27,-0.3,-0.29,-0.08,-0.03,-0.05,-0.07,-0.11,-0.07,-0.07,-0.03,-0.02,-0.02,-0.04,-0.03,-0.02,-0.02,-0.02,-0.02,-0.03,-0.03,-0.02,-0.03,-0.02,-0.01,-0.02,-0.06,-0.02,-0.02,-0.02,-0.01,-2.8066074002853068,-1.3652622410292363
84s,4,1,0,0.3522,0.38916,0.42425,0.07205,6,2,suited,14.0,112.0,48.0,101.0,48.0,51.0,31.0,124.0,0.9032258064516128,1.9803921568627447,2.196078431372549,2,0.7738061555509776,-0.4752408653066579,-0.3,-0.05,-0.15,-0.18,-0.28,-0.17,-0.02,-0.29,-0.28,-0.14,-0.08,-0.04,-0.07,0.19,0.1,-0.08,-0.08,-0.2,-0.17,-0.19,-0.2,-0.22,-0.14,-0.26,-0.19,-0.15,-0.12,-0.08,-0.1,-0.12,-0.11,-0.11,-0.16,-0.1,-0.07,-0.09,-0.07,-0.04,-0.11,-0.08,-0.12,-0.06,-0.11,-0.09,-0.1,-0.07,-0.08,-0.1,-0.08,0.13,-0.13,-0.09,-0.07,-0.14,-2.752137729446895,-0.162794269736363
85o,3,0,0,0.35812,0.38818,0.41464,0.056520000000000015,6,3,offsuit,16.0,128.0,48.0,101.0,48.0,155.0,29.0,348.0,0.367816091954023,0.6516129032258065,0.8258064516129032,0,1.7759783076765638,0.1035471747054425,-0.36,-0.13,-0.22,-0.27,-0.3,-0.27,-0.32,-0.34,-0.35,-0.02,-0.02,-0.01,-0.02,-0.07,0.0,-0.02,-0.03,-0.25,-0.21,-0.21,-0.23,-0.25,-0.32,-0.29,-0.25,-0.26,-0.07,-0.03,-0.04,-0.07,-0.08,-0.06,-0.05,-0.03,-0.02,-0.03,-0.01,-0.02,-0.03,-0.03,-0.02,-0.04,-0.03,-0.02,-0.02,-0.02,-0.02,-0.03,-0.02,-0.03,-0.03,0.0,-0.02,-0.02,-2.604822194661954,-1.2161362326010792
85s,3,1,0,0.36398,0.40858,0.44719,0.08320999999999995,6,3,suited,16.0,128.0,48.0,101.0,48.0,51.0,29.0,116.0,1.103448275862069,1.9803921568627447,2.5098039215686274,2,0.5019348307229754,-0.3073631516620433,-0.27,-0.1,-0.12,-0.17,-0.2,-0.12,-0.2,-0.25,-0.26,-0.03,-0.02,0.0,-0.05,-0.22,-0.05,-0.02,-0.1,-0.23,-0.13,-0.09,-0.16,-0.2,-0.29,-0.34,-0.19,-0.22,-0.1,-0.09,-0.09,-0.08,-0.11,-0.07,-0.12,-0.1,-0.04,-0.11,0.0,-0.11,-0.08,-0.05,-0.07,-0.08,-0.12,-0.12,-0.1,-0.04,-0.14,0.01,-0.1,-0.1,-0.11,-0.05,-0.09,-0.11,-2.8510304150466665,-0.0186829259339073
86o,2,0,0,0.37272,0.40874,0.4384,0.06568000000000002,6,4,offsuit,18.0,144.0,48.0,101.0,48.0,155.0,27.0,324.0,0.4444444444444444,0.6516129032258065,0.9290322580645162,0,1.4449681785022268,0.2638706370858424,-0.3,-0.06,-0.21,-0.23,-0.27,-0.31,-0.3,-0.35,-0.31,-0.02,-0.03,-0.03,-0.03,-0.05,-0.01,-0.05,-0.04,-0.25,-0.18,-0.21,-0.21,-0.24,-0.22,-0.26,-0.26,-0.23,-0.09,-0.04,-0.06,-0.08,-0.08,-0.09,-0.09,-0.03,-0.04,-0.08,-0.03,-0.03,-0.05,-0.05,-0.05,0.01,-0.02,-0.04,-0.04,-0.04,-0.03,-0.03,-0.03,-0.01,-0.03,-0.03,-0.04,-0.03,-2.6071973719384114,-0.8736369587428919
86s,2,1,0,0.38239,0.42487,0.46061,0.07822000000000001,6,4,suited,18.0,144.0,48.0,101.0,48.0,51.0,27.0,108.0,1.3333333333333333,1.9803921568627447,2.823529411764706,2,0.2300635058949732,-0.1394854380174287,-0.22,0.07,-0.09,-0.07,-0.13,-0.13,-0.06,-0.17,-0.29,0.0,-0.07,0.05,0.01,-0.1,-0.04,-0.05,-0.05,-0.17,0.0,-0.13,-0.17,-0.15,-0.09,-0.17,-0.19,-0.19,-0.05,-0.04,-0.05,-0.14,-0.23,0.01,-0.09,-0.09,-0.01,0.07,-0.03,-0.05,-0.03,-0.08,-0.24,-0.06,-0.13,-0.04,-0.07,-0.01,0.05,-0.08,-0.02,0.0,-0.08,-0.04,-0.07,-0.02,-1.8709970745627984,0.4145798249210561
87o,1,0,0,0.38814,0.42384,0.45408,0.06594,6,5,offsuit,20.0,160.0,48.0,101.0,48.0,155.0,25.0,300.0,0.5333333333333333,0.6516129032258065,1.032258064516129,0,1.11395804932789,0.4241940994662423,-0.31,-0.05,-0.18,-0.19,-0.27,-0.25,-0.21,-0.26,-0.28,-0.08,-0.05,-0.03,-0.03,-0.05,-0.09,-0.04,-0.07,-0.23,-0.13,-0.19,-0.2,-0.22,-0.15,-0.24,-0.22,-0.23,-0.12,-0.07,-0.1,-0.09,-0.12,-0.11,-0.12,-0.08,-0.07,-0.03,-0.1,-0.06,-0.06,-0.08,-0.02,-0.04,-0.07,-0.06,-0.07,-0.04,-0.05,-0.06,-0.06,-0.07,-0.08,-0.08,-0.04,-0.09,-2.797427687190004,-0.3194806105318427
87s,1,1,0,0.39101,0.44079,0.48122,0.09020999999999996,6,5,suited,20.0,160.0,48.0,101.0,48.0,51.0,25.0,100.0,1.6,1.9803921568627447,3.1372549019607843,2,-0.0418078189330289,0.0283922756271858,-0.19,0.04,-0.04,-0.04,-0.09,-0.21,0.15,-0.11,-0.11,0.02,0.08,0.08,0.0,-0.14,0.02,0.02,0.02,-0.17,0.0,-0.12,-0.11,-0.03,-0.04,-0.28,-0.07,-0.13,0.11,0.12,0.06,0.04,-0.06,-0.05,-0.01,-0.02,0.02,0.1,-0.22,-0.04,-0.04,-0.09,0.05,-0.05,0.0,0.0,-0.05,0.14,-0.02,-0.03,-0.02,-0.05,-0.01,-0.07,-0.02,0.0,-0.7187500530634223,0.4881881383723604
88o,0,0,1,0.81055,0.7539,0.69372,-0.11682999999999999,6,6,pair,12.0,96.0,25.0,101.0,25.0,77.0,0.0,0.0,96.0,1.3116883116883118,1.2467532467532467,1,-2.8156126583551324,-4.684725306710655,0.07,0.4,0.4,0.28,0.26,0.46,0.32,0.14,0.15,0.26,0.46,0.5,0.38,0.13,0.17,0.27,0.18,0.1,0.36,0.33,0.29,0.17,0.03,-0.05,0.07,-0.07,0.21,0.37,0.32,0.16,0.25,0.12,0.17,0.09,0.39,0.35,0.23,0.15,0.17,0.14,0.33,0.32,0.19,0.2,0.19,0.19,0.25,0.24,0.15,0.24,0.2,0.26,0.25,0.23,5.7004517963191335,2.3827306156433723
92o,7,0,0,0.35667,0.37987,0.39098,0.03431000000000001,7,0,offsuit,12.0,96.0,48.0,101.0,48.0,155.0,33.0,396.0,0.2424242424242424,0.6516129032258065,0.6193548387096774,0,2.437998566025237,-0.2170997500553571,-0.39,-0.15,-0.28,-0.32,-0.36,-0.38,-0.37,-0.4,-0.42,-0.01,-0.01,-0.01,-0.01,-0.03,-0.02,-0.02,-0.02,-0.26,-0.23,-0.25,-0.25,-0.25,-0.32,-0.27,-0.26,-0.28,-0.08,-0.04,-0.04,-0.1,-0.07,-0.07,-0.08,-0.02,-0.02,-0.06,-0.02,-0.02,-0.02,0.01,-0.02,-0.01,-0.02,-0.02,-0.01,-0.01,-0.02,-0.01,-0.01,-0.01,-0.02,-0.02,-0.01,-0.02,-2.8202505707684167,-1.5883998550460414
92s,7,1,0,0.36593,0.40173,0.42554,0.059609999999999996,7,0,suited,12.0,96.0,48.0,101.0,48.0,51.0,33.0,132.0,0.7272727272727273,1.9803921568627447,1.8823529411764703,2,1.04567748037898,-0.6431185789512726,-0.34,-0.13,-0.2,-0.24,-0.31,-0.2,-0.37,-0.31,-0.24,-0.09,-0.06,-0.06,-0.03,-0.13,0.0,-0.09,-0.04,-0.22,-0.2,-0.19,-0.16,-0.25,-0.31,-0.29,-0.28,-0.31,-0.11,-0.1,-0.12,-0.13,-0.14,-0.07,-0.12,-0.06,-0.11,-0.05,-0.17,-0.05,-0.09,-0.1,-0.11,-0.09,-0.07,-0.06,-0.08,-0.05,-0.05,-0.07,-0.1,-0.08,-0.1,-0.11,-0.06,-0.08,-3.3798889174113795,-0.6516852538181394
93o,6,0,0,0.37153,0.3896,0.40277,0.03123999999999999,7,1,offsuit,14.0,112.0,48.0,101.0,48.0,155.0,31.0,372.0,0.3010752688172043,0.6516129032258065,0.7225806451612903,0,2.1069884368509,-0.0567762876749573,-0.41,-0.14,-0.26,-0.31,-0.35,-0.3,-0.35,-0.38,-0.4,-0.02,-0.02,-0.01,-0.02,-0.02,-0.01,-0.01,-0.02,-0.26,-0.24,-0.23,-0.26,-0.26,-0.29,-0.3,-0.27,-0.28,-0.08,-0.03,-0.04,-0.1,-0.08,-0.07,-0.08,-0.03,-0.02,-0.04,-0.03,-0.03,-0.02,-0.02,0.0,-0.01,-0.03,-0.02,-0.02,-0.02,-0.02,-0.02,-0.01,0.0,-0.02,-0.02,-0.01,-0.02,-2.7826536613188773,-1.4703495277370933
93s,6,1,0,0.37509,0.40417,0.43298,0.05789,7,1,suited,14.0,112.0,48.0,101.0,48.0,51.0,31.0,124.0,0.9032258064516128,1.9803921568627447,2.196078431372549,2,0.7738061555509776,-0.4752408653066579,-0.37,-0.16,-0.19,-0.24,-0.24,-0.31,0.02,-0.32,-0.32,-0.09,-0.08,-0.09,-0.09,0.0,-0.09,-0.08,-0.03,-0.17,-0.16,-0.2,-0.25,-0.28,-0.36,-0.28,-0.2,-0.29,-0.11,-0.05,-0.12,-0.05,-0.14,-0.19,-0.09,-0.07,-0.07,-0.07,-0.08,-0.06,-0.07,-0.06,-0.07,-0.07,-0.03,-0.06,-0.16,-0.08,-0.06,-0.02,-0.09,-0.09,-0.1,-0.04,-0.06,-0.09,-3.186912482509733,-0.6873749576550816
94o,5,0,0,0.38257,0.39644,0.40838,0.02581,7,2,offsuit,16.0,128.0,48.0,101.0,48.0,155.0,29.0,348.0,0.367816091954023,0.6516129032258065,0.8258064516129032,0,1.7759783076765638,0.1035471747054425,-0.42,-0.17,-0.27,-0.3,-0.34,-0.38,-0.36,-0.36,-0.38,-0.02,-0.01,-0.01,-0.02,-0.01,-0.01,-0.02,-0.02,-0.28,-0.22,-0.24,-0.25,-0.25,-0.27,-0.29,-0.28,-0.27,-0.08,-0.03,-0.04,-0.08,-0.07,-0.08,-0.08,-0.02,-0.02,-0.05,-0.03,-0.02,-0.02,-0.02,-0.04,-0.02,-0.01,-0.02,-0.01,-0.02,-0.01,-0.01,-0.02,0.01,-0.01,-0.01,-0.02,0.01,-2.762815960914675,-1.5336034217111167
94s,5,1,0,0.38301,0.40935,0.437,0.05398999999999998,7,2,suited,16.0,128.0,48.0,101.0,48.0,51.0,29.0,116.0,1.103448275862069,1.9803921568627447,2.5098039215686274,2,0.5019348307229754,-0.3073631516620433,-0.38,-0.1,-0.22,-0.2,-0.29,-0.21,-0.38,-0.3,-0.34,-0.08,-0.07,-0.06,-0.09,-0.2,-0.06,-0.04,-0.07,-0.29,-0.18,-0.24,-0.21,-0.25,-0.2,-0.24,-0.24,-0.28,-0.1,-0.09,-0.12,-0.15,-0.12,-0.05,-0.15,-0.1,-0.08,-0.08,-0.06,-0.12,-0.12,-0.08,-0.1,-0.06,-0.02,-0.09,-0.04,-0.17,-0.09,-0.09,-0.08,-0.13,-0.08,-0.07,-0.06,-0.11,-3.482881774269573,-0.588038612052727
95o,4,0,0,0.39261,0.41214,0.42986,0.037250000000000005,7,3,offsuit,18.0,144.0,48.0,101.0,48.0,155.0,27.0,324.0,0.4444444444444444,0.6516129032258065,0.9290322580645162,0,1.4449681785022268,0.2638706370858424,-0.39,-0.11,-0.21,-0.28,-0.32,-0.25,-0.35,-0.38,-0.4,-0.02,-0.01,-0.02,-0.02,0.05,-0.01,-0.02,0.01,-0.27,-0.21,-0.24,-0.25,-0.26,-0.3,-0.26,-0.27,-0.28,-0.08,-0.03,-0.04,-0.07,-0.08,-0.08,-0.09,-0.04,-0.02,-0.02,-0.02,-0.03,-0.04,-0.02,-0.02,-0.02,0.0,-0.02,-0.02,-0.02,-0.02,-0.02,-0.03,-0.01,-0.01,-0.02,-0.02,-0.02,-2.63159055902455,-1.2293068779141527
95s,4,1,0,0.39896,0.42974,0.45808,0.059120000000000006,7,3,suited,18.0,144.0,48.0,101.0,48.0,51.0,27.0,108.0,1.3333333333333333,1.9803921568627447,2.823529411764706,2,0.2300635058949732,-0.1394854380174287,-0.29,-0.05,-0.17,-0.2,-0.23,-0.15,-0.29,-0.26,-0.27,-0.08,-0.02,-0.05,-0.02,-0.03,-0.06,-0.03,-0.04,-0.23,-0.12,-0.15,-0.2,-0.2,-0.3,-0.18,-0.23,-0.17,-0.11,-0.09,-0.11,0.07,-0.09,-0.11,-0.07,-0.09,-0.1,-0.14,-0.13,-0.04,-0.05,-0.1,-0.14,-0.1,-0.09,-0.08,-0.1,-0.06,-0.11,-0.08,-0.08,-0.01,-0.04,-0.07,-0.06,-0.08,-2.787412223164344,-0.1575204632831168
96o,3,0,0,0.40666,0.42679,0.44235,0.03569,7,4,offsuit,20.0,160.0,48.0,101.0,48.0,155.0,25.0,300.0,0.5333333333333333,0.6516129032258065,1.032258064516129,0,1.11395804932789,0.4241940994662423,-0.34,-0.08,-0.19,-0.25,-0.31,-0.26,-0.35,-0.34,-0.34,-0.03,-0.01,-0.02,-0.03,-0.06,-0.07,-0.05,-0.03,-0.29,-0.19,-0.23,-0.23,-0.26,-0.26,-0.28,-0.3,-0.25,-0.09,-0.04,-0.05,-0.08,-0.07,-0.07,-0.09,-0.04,-0.03,-0.04,-0.03,-0.04,-0.03,-0.02,-0.03,-0.05,-0.02,-0.03,-0.02,-0.04,-0.03,-0.04,-0.04,0.01,0.0,-0.04,-0.02,-0.02,-2.698608348792893,-0.9877901943164954
96s,3,1,0,0.41269,0.44417,0.47663,0.06394,7,4,suited,20.0,160.0,48.0,101.0,48.0,51.0,25.0,100.0,1.6,1.9803921568627447,3.1372549019607843,2,-0.0418078189330289,0.0283922756271858,-0.22,0.04,-0.11,-0.15,-0.19,-0.14,-0.19,-0.22,-0.22,-0.03,0.0,-0.04,-0.03,-0.02,-0.04,-0.02,0.03,-0.18,-0.07,-0.07,-0.2,-0.12,-0.16,-0.11,-0.27,-0.22,-0.13,-0.04,-0.04,-0.07,-0.06,-0.03,-0.1,-0.09,-0.07,-0.09,0.01,-0.13,-0.1,-0.08,-0.08,0.04,-0.14,-0.06,-0.08,0.0,-0.05,-0.07,-0.07,-0.03,-0.02,-0.09,-0.1,-0.09,-2.127767947286015,0.3242029251807292
97o,2,0,0,0.41436,0.44185,0.46195,0.04759000000000002,7,5,offsuit,22.0,176.0,48.0,101.0,48.0,155.0,23.0,276.0,0.6376811594202898,0.6516129032258065,1.135483870967742,0,0.7829479201535533,0.584517561846642,-0.32,-0.05,-0.15,-0.2,-0.27,-0.26,-0.28,-0.27,-0.3,-0.06,-0.02,-0.02,-0.04,-0.02,-0.03,-0.04,-0.03,-0.22,-0.16,-0.19,-0.21,-0.2,-0.24,-0.22,-0.16,-0.25,-0.09,-0.03,-0.07,-0.05,-0.08,-0.09,-0.09,-0.03,-0.04,-0.06,-0.05,-0.04,-0.01,-0.03,-0.04,-0.03,-0.02,-0.04,-0.04,-0.02,-0.04,-0.04,-0.02,-0.05,-0.04,-0.03,-0.02,-0.04,-2.3983371453882625,-0.6299170861671651
97s,2,1,0,0.42186,0.45735,0.48617,0.06430999999999998,7,5,suited,22.0,176.0,48.0,101.0,48.0,51.0,23.0,92.0,1.9130434782608696,1.9803921568627447,3.450980392156863,2,-0.3136791437610311,0.1962699892718004,-0.13,0.05,0.03,-0.07,-0.09,-0.09,-0.08,-0.08,-0.17,0.04,0.13,0.06,0.02,0.0,0.09,-0.09,0.09,-0.17,-0.05,-0.05,-0.13,-0.17,-0.2,-0.06,-0.13,-0.17,0.03,0.0,-0.07,-0.11,-0.17,-0.01,-0.01,-0.07,-0.03,0.07,-0.02,-0.09,0.02,-0.05,-0.09,-0.09,-0.06,0.0,0.04,0.07,-0.01,-0.05,-0.07,0.01,-0.04,-0.01,-0.02,-0.13,-1.0482866491688183,0.5191134867070354
98o,1,0,0,0.43023,0.45963,0.48213,0.0519,7,6,offsuit,24.0,192.0,48.0,101.0,48.0,155.0,21.0,252.0,0.7619047619047619,0.6516129032258065,1.238709677419355,0,0.4519377909792164,0.744841024227042,-0.32,-0.04,-0.1,-0.15,-0.21,-0.2,-0.32,-0.3,-0.22,-0.09,-0.03,-0.04,-0.03,0.1,-0.06,-0.03,-0.06,-0.18,-0.1,-0.1,-0.15,-0.19,-0.19,-0.11,-0.17,-0.21,-0.1,-0.06,-0.08,-0.13,-0.09,-0.09,-0.14,-0.07,-0.05,-0.03,0.0,-0.05,-0.04,-0.08,-0.07,-0.08,-0.06,-0.06,-0.05,-0.05,-0.06,-0.05,-0.08,-0.04,-0.03,-0.05,-0.05,-0.04,-2.3381342052426293,-0.0558496222822058
98s,1,1,0,0.43374,0.47308,0.50663,0.07289000000000001,7,6,suited,24.0,192.0,48.0,101.0,48.0,51.0,21.0,84.0,2.2857142857142856,1.9803921568627447,3.764705882352941,2,-0.5855504685890335,0.3641477029164149,-0.18,0.08,0.05,0.03,-0.05,-0.07,-0.13,-0.01,-0.11,0.09,0.16,0.12,0.06,0.04,0.1,0.0,0.04,-0.03,0.03,-0.04,-0.06,-0.05,-0.08,-0.1,-0.11,-0.08,-0.11,0.09,-0.03,0.02,0.0,0.06,-0.03,-0.05,0.11,0.1,0.08,0.05,0.08,-0.15,-0.01,-0.04,0.0,0.0,-0.11,0.13,0.03,0.01,0.04,-0.08,-0.1,0.06,0.02,0.05,0.0097597046777736,0.852100601935868
99o,0,0,1,0.8327,0.77754,0.71846,-0.11424000000000001,7,7,pair,14.0,112.0,25.0,101.0,25.0,77.0,0.0,0.0,112.0,1.3116883116883118,1.4545454545454546,1,-2.9650617237690526,-4.5100147316106,0.16,0.47,0.44,0.47,0.39,0.14,0.25,0.23,0.19,0.23,0.62,0.64,0.62,0.39,0.33,0.41,0.31,0.18,0.53,0.46,0.44,0.4,0.14,0.27,0.3,0.19,0.31,0.59,0.46,0.26,0.45,0.29,0.32,0.15,0.53,0.45,0.43,0.37,0.31,0.31,0.46,0.35,0.28,0.23,0.35,0.65,0.38,0.34,0.25,0.2,0.33,0.27,0.33,0.27,8.777842529541914,2.575352163735899
A2o,1,0,0,0.62249,0.58654,0.55143,-0.07106000000000001,12,0,offsuit,22.0,176.0,48.0,101.0,48.0,155.0,23.0,276.0,0.6376811594202898,0.6516129032258065,1.135483870967742,0,0.7829479201535533,0.584517561846642,-0.35,-0.01,-0.13,-0.19,-0.26,-0.27,-0.23,-0.31,-0.33,-0.14,0.01,-0.04,-0.12,-0.09,-0.12,-0.12,-0.11,-0.27,-0.09,-0.12,-0.19,-0.2,-0.31,-0.29,-0.27,-0.27,-0.16,-0.08,-0.14,-0.22,-0.11,-0.16,-0.16,-0.14,-0.1,-0.07,-0.03,-0.1,-0.14,-0.16,-0.08,-0.14,-0.14,-0.14,-0.14,-0.12,-0.09,-0.13,-0.12,-0.14,-0.11,-0.09,-0.08,-0.06,-3.6121791830479855,0.3978817573908417
A2s,1,1,0,0.6281,0.59983,0.57355,-0.05454999999999999,12,0,suited,22.0,176.0,48.0,101.0,48.0,51.0,23.0,92.0,1.9130434782608696,1.9803921568627447,3.450980392156863,2,-0.3136791437610311,0.1962699892718004,-0.13,0.09,0.04,-0.04,-0.04,-0.13,-0.13,-0.02,-0.04,0.11,0.13,0.12,0.07,-0.1,0.27,0.11,0.06,-0.12,0.07,0.01,-0.04,-0.05,-0.05,-0.14,-0.05,-0.13,-0.01,0.06,-0.02,-0.01,-0.05,0.0,-0.07,-0.04,0.03,-0.14,0.02,0.0,0.07,0.06,0.09,-0.03,0.07,-0.05,0.03,-0.15,0.05,-0.07,0.03,0.02,-0.02,-0.1,0.05,0.0,-0.0968903673643692,0.7985031083859503
A3o,2,0,0,0.6367,0.59413,0.56191,-0.07479000000000002,12,1,offsuit,24.0,192.0,48.0,101.0,48.0,155.0,21.0,252.0,0.7619047619047619,0.6516129032258065,1.238709677419355,0,0.4519377909792164,0.744841024227042,-0.34,0.0,-0.05,-0.18,-0.22,-0.23,-0.27,-0.2,-0.27,-0.1,0.0,-0.06,-0.05,-0.08,-0.15,-0.11,-0.11,-0.28,-0.05,-0.13,-0.16,-0.19,-0.17,-0.23,-0.27,-0.26,-0.17,-0.05,-0.13,-0.17,-0.15,-0.1,-0.12,-0.11,-0.1,-0.15,-0.11,-0.12,-0.12,-0.12,-0.03,-0.09,-0.15,-0.12,-0.12,-0.07,-0.09,-0.1,-0.09,-0.1,-0.1,-0.11,-0.1,-0.12,-3.2140753921665293,0.5734299000233817
A3s,2,1,0,0.64246,0.60687,0.58603,-0.05642999999999998,12,1,suited,24.0,192.0,48.0,101.0,48.0,51.0,21.0,84.0,2.2857142857142856,1.9803921568627447,3.764705882352941,2,-0.5855504685890335,0.3641477029164149,0.02,0.16,0.01,-0.01,-0.06,0.13,-0.11,-0.12,-0.11,0.05,0.19,0.12,0.09,0.08,0.06,0.01,0.07,-0.12,0.12,0.01,0.04,0.0,-0.04,-0.09,-0.06,-0.09,-0.06,0.13,0.03,-0.04,-0.05,0.06,0.01,0.06,0.06,0.0,0.1,0.0,0.07,0.11,0.08,0.0,-0.01,-0.02,-0.09,0.03,-0.03,-0.01,-0.07,-0.08,-0.01,0.11,-0.03,0.0,0.3681216500771805,1.1941793738920286
A4o,3,0,0,0.643,0.59701,0.56651,-0.07649000000000006,12,2,offsuit,26.0,208.0,48.0,101.0,48.0,155.0,19.0,228.0,0.912280701754386,0.6516129032258065,1.3419354838709678,0,0.1209276618048795,0.9051644866074418,-0.3,0.03,-0.05,-0.16,-0.2,-0.08,-0.23,-0.26,-0.3,-0.1,0.02,-0.05,-0.07,-0.03,-0.1,-0.08,-0.09,-0.27,-0.02,-0.12,-0.15,-0.2,-0.22,-0.22,-0.24,-0.24,-0.13,-0.08,-0.12,-0.17,-0.18,-0.15,-0.11,-0.1,-0.09,-0.11,-0.13,-0.07,-0.13,-0.15,-0.01,-0.09,-0.09,-0.12,-0.13,-0.09,-0.12,-0.12,-0.08,-0.09,-0.08,-0.1,-0.09,-0.1,-2.9915820830337814,0.7188411870208778
A4s,3,1,0,0.6519,0.61515,0.59381,-0.058090000000000086,12,2,suited,26.0,208.0,48.0,101.0,48.0,51.0,19.0,76.0,2.736842105263158,1.9803921568627447,4.078431372549019,2,-0.8574217934170356,0.5320254165610296,-0.05,0.15,0.12,0.02,-0.01,-0.05,-0.06,0.09,-0.18,0.08,0.23,0.13,0.15,0.33,0.09,0.08,0.0,-0.03,0.13,0.06,0.01,0.0,0.05,-0.04,0.14,-0.05,0.02,0.13,0.08,0.25,0.12,0.01,0.0,0.03,0.1,-0.14,0.11,0.03,-0.04,0.07,0.01,0.15,0.02,0.03,0.05,0.02,0.07,0.01,0.18,0.04,0.08,0.03,-0.02,0.16,1.3978139588288236,1.1029182796067114
A5o,4,0,0,0.65466,0.6087,0.57661,-0.07805000000000006,12,3,offsuit,28.0,224.0,48.0,101.0,48.0,155.0,17.0,204.0,1.0980392156862746,0.6516129032258065,1.4451612903225806,0,-0.2100824673694573,1.0654879489878415,-0.3,0.05,-0.05,-0.09,-0.17,-0.31,-0.21,-0.25,-0.27,-0.13,0.04,0.02,-0.03,-0.09,-0.08,-0.1,-0.08,-0.26,-0.02,-0.1,-0.13,-0.16,-0.29,-0.23,-0.23,-0.28,-0.12,-0.05,-0.1,-0.09,-0.14,-0.13,-0.15,-0.15,-0.08,0.03,-0.14,-0.1,-0.08,-0.12,-0.09,-0.15,-0.09,-0.12,-0.15,-0.09,-0.13,-0.1,-0.12,-0.11,-0.11,-0.11,-0.11,-0.08,-2.9508170894044143,0.8898857122601572
A5s,4,1,0,0.65527,0.61957,0.59772,-0.05754999999999999,12,3,suited,28.0,224.0,48.0,101.0,48.0,51.0,17.0,68.0,3.294117647058824,1.9803921568627447,4.392156862745098,2,-1.129293118245038,0.6999031302056442,0.01,0.14,0.12,0.06,-0.02,-0.06,0.06,0.01,-0.08,0.16,0.15,0.12,0.18,0.21,0.21,0.18,0.09,0.11,0.13,0.07,0.06,0.09,-0.05,0.03,0.02,-0.01,0.09,0.2,0.07,-0.06,0.0,-0.05,-0.06,0.07,0.11,0.27,0.23,-0.01,0.0,0.0,0.32,0.19,0.14,0.02,0.08,-0.06,0.08,0.07,0.02,0.11,0.1,0.01,0.02,0.2,1.886204949655823,0.909455217088679
A6o,5,0,0,0.65823,0.60982,0.57291,-0.08531999999999995,12,4,offsuit,30.0,240.0,48.0,101.0,48.0,155.0,15.0,180.0,1.3333333333333333,0.6516129032258065,1.5483870967741935,0,-0.541092596543794,1.2258114113682417,-0.28,0.07,-0.03,-0.15,-0.18,-0.24,-0.25,-0.23,-0.26,-0.09,0.05,0.01,-0.04,-0.06,-0.04,-0.11,-0.09,-0.29,-0.02,-0.12,-0.12,-0.18,-0.17,-0.21,-0.22,-0.25,-0.18,-0.03,-0.14,-0.07,-0.2,-0.13,-0.15,-0.15,-0.09,-0.05,-0.11,-0.13,-0.13,-0.12,-0.07,-0.12,-0.15,-0.12,-0.11,-0.04,-0.16,-0.11,-0.13,-0.09,-0.08,-0.1,-0.09,-0.13,-2.9456675805104897,0.9821151550508428
A6s,5,1,0,0.66191,0.6235,0.59677,-0.06513999999999998,12,4,suited,30.0,240.0,48.0,101.0,48.0,51.0,15.0,60.0,4.0,1.9803921568627447,4.705882352941177,2,-1.40116444307304,0.8677808438502587,-0.15,0.19,0.12,0.07,-0.02,0.09,-0.19,-0.1,-0.16,-0.01,0.2,0.19,0.2,-0.03,0.13,0.12,0.02,0.01,0.13,0.06,0.01,-0.04,0.16,-0.02,-0.14,-0.05,-0.13,0.1,0.05,-0.01,0.0,-0.04,0.07,0.04,0.08,-0.1,0.03,0.05,-0.07,-0.03,0.04,0.03,-0.1,-0.01,0.0,-0.03,-0.01,0.04,0.05,0.09,0.1,-0.02,0.13,0.0,0.5770103436799926,1.4884336549973929
A7o,6,0,0,0.67485,0.62775,0.59242,-0.08243,12,5,offsuit,32.0,256.0,48.0,101.0,48.0,155.0,13.0,156.0,1.641025641025641,0.6516129032258065,1.6516129032258065,0,-0.8721027257181307,1.3861348737486412,-0.25,0.09,-0.05,-0.06,-0.14,-0.08,-0.2,-0.27,-0.29,-0.06,0.05,0.06,-0.04,-0.04,-0.11,-0.01,-0.09,-0.22,0.01,-0.03,-0.11,-0.14,-0.29,-0.27,-0.22,-0.24,-0.15,-0.02,-0.09,-0.08,-0.04,-0.1,-0.18,-0.12,-0.06,-0.03,-0.11,-0.09,-0.12,-0.11,0.06,-0.06,-0.09,-0.07,-0.11,-0.05,-0.07,-0.12,-0.15,-0.12,-0.1,-0.11,-0.11,-0.1,-2.39644888254344,1.1433552000201843
A7s,6,1,0,0.67817,0.64134,0.61285,-0.06532000000000004,12,5,suited,32.0,256.0,48.0,101.0,48.0,51.0,13.0,52.0,4.923076923076923,1.9803921568627447,5.019607843137255,2,-1.673035767901042,1.0356585574948731,-0.06,0.15,0.16,0.08,0.05,0.01,0.06,-0.08,-0.05,0.08,0.19,0.19,0.13,0.27,0.07,-0.02,0.18,-0.07,0.18,0.07,0.04,-0.01,0.01,0.0,0.03,-0.03,0.03,0.14,0.14,0.25,0.12,0.0,0.11,0.12,0.17,0.19,0.18,-0.03,0.02,-0.01,0.07,-0.01,0.07,0.04,0.1,0.23,0.11,0.06,0.25,0.02,0.18,0.1,0.07,0.01,2.0158650462661325,1.0636893520566104
A8o,6,0,0,0.68245,0.63447,0.59578,-0.08667000000000002,12,6,offsuit,34.0,272.0,48.0,101.0,48.0,155.0,11.0,132.0,2.060606060606061,0.6516129032258065,1.7548387096774194,0,-1.2031128548924677,1.5464583361290414,-0.28,0.11,0.05,0.0,-0.11,-0.17,-0.18,-0.24,-0.23,-0.09,0.14,0.08,0.02,-0.03,-0.01,0.02,-0.04,-0.21,0.11,-0.02,-0.09,-0.1,-0.2,-0.19,-0.22,-0.2,-0.18,0.01,-0.05,-0.02,-0.04,-0.05,-0.09,-0.08,-0.04,-0.04,-0.05,-0.11,-0.16,-0.11,-0.03,-0.01,-0.08,-0.09,-0.09,-0.07,-0.1,-0.1,-0.08,-0.09,-0.11,-0.16,0.01,-0.06,-1.7716186105921774,1.505946277779289
A8s,6,1,0,0.68154,0.64501,0.61697,-0.06457000000000002,12,6,suited,34.0,272.0,48.0,101.0,48.0,51.0,11.0,44.0,6.181818181818182,1.9803921568627447,5.333333333333333,2,-1.9449070927290444,1.203536271139488,-0.11,0.21,0.06,0.12,0.11,0.07,-0.03,-0.05,-0.01,0.14,0.33,0.2,0.2,0.06,0.16,0.02,0.17,-0.01,0.17,0.14,0.05,0.07,-0.02,0.07,0.01,0.04,0.12,0.26,0.17,0.13,0.11,0.03,0.1,0.03,0.18,-0.01,0.19,0.12,0.01,0.17,0.0,-0.05,0.15,0.04,0.06,0.04,0.18,0.08,0.08,0.14,0.04,0.01,0.08,0.1,2.22064416210344,1.3517919140131762
A9o,5,0,0,0.6917,0.64575,0.60789,-0.08380999999999994,12,7,offsuit,36.0,288.0,48.0,101.0,48.0,155.0,9.0,108.0,2.6666666666666665,0.6516129032258065,1.8580645161290323,0,-1.5341229840668047,1.7067817985094411,-0.19,0.14,0.03,0.01,-0.08,-0.08,-0.07,-0.12,-0.21,-0.03,0.14,0.15,0.07,-0.08,0.01,-0.01,-0.05,-0.22,0.1,0.04,0.0,-0.07,-0.13,-0.13,-0.17,-0.17,-0.08,0.07,-0.01,-0.04,-0.07,-0.07,0.0,-0.11,0.05,0.11,0.01,-0.03,-0.03,-0.13,0.1,-0.11,-0.04,-0.1,-0.07,-0.1,-0.05,-0.1,-0.09,-0.06,0.02,-0.12,-0.08,-0.1,-0.968965927371097,1.64002105662105
A9s,5,1,0,0.69518,0.65781,0.62536,-0.06982,12,7,suited,36.0,288.0,48.0,101.0,48.0,51.0,9.0,36.0,8.0,1.9803921568627447,5.647058823529412,2,-2.216778417557047,1.3714139847841025,0.05,0.3,0.15,0.14,0.13,0.18,0.03,0.11,0.01,0.19,0.29,0.33,0.38,0.42,0.17,0.19,0.15,0.16,0.25,0.21,0.17,0.12,0.03,0.12,0.04,0.1,0.23,0.25,0.28,0.14,0.08,0.21,0.09,0.07,0.27,0.17,0.21,0.15,0.09,0.13,0.12,0.02,0.24,0.08,0.12,0.09,0.24,0.1,0.2,0.12,0.2,0.19,0.43,0.19,4.175030700739313,1.4010601531249447
AAo,0,0,1,0.95476,0.91038,0.8507,-0.10406000000000004,12,12,pair,24.0,192.0,25.0,101.0,25.0,77.0,0.0,0.0,192.0,1.3116883116883118,2.493506493506493,1,-3.712307050838655,-3.6364618561103264,2.81,1.13,1.64,1.97,2.26,2.26,2.79,2.28,2.67,2.96,1.73,2.1,2.36,2.38,2.73,2.6,2.81,2.72,1.16,1.65,1.99,2.2,2.62,2.33,2.7,2.65,2.48,1.92,2.09,2.05,1.95,2.31,2.35,2.53,2.18,2.58,2.21,2.31,2.55,2.73,2.53,2.23,2.2,2.48,2.76,2.43,2.47,2.54,2.79,2.53,2.64,2.77,2.73,2.89,57.07541680970146,-5.100587838984244
AJo,3,0,0,0.7124,0.67267,0.63791,-0.07449000000000006,12,9,offsuit,40.0,320.0,48.0,101.0,48.0,155.0,5.0,60.0,5.333333333333333,0.6516129032258065,2.064516129032258,0,-2.1961432424154785,2.0274287232702406,0.1,0.28,0.26,0.25,0.19,0.15,-0.04,0.07,0.0,0.15,0.36,0.38,0.34,0.37,0.33,0.17,0.29,0.03,0.24,0.31,0.23,0.15,0.06,0.04,0.09,0.05,0.03,0.28,0.23,0.22,0.22,0.07,0.08,0.1,0.31,0.13,0.15,0.12,0.08,0.1,0.25,0.2,0.14,0.17,0.07,0.27,0.19,0.18,0.15,0.17,0.2,0.09,0.25,0.19,4.349482762450805,1.859399988132963
AJs,3,1,0,0.71421,0.68019,0.65004,-0.06417000000000006,12,9,suited,40.0,320.0,48.0,101.0,48.0,51.0,5.0,20.0,16.0,1.9803921568627447,6.2745098039215685,2,-2.760521067213052,1.7071694120733314,0.25,0.34,0.37,0.39,0.44,0.32,0.34,0.41,0.41,0.49,0.59,0.6,0.55,0.42,0.52,0.52,0.51,0.41,0.34,0.38,0.4,0.42,0.52,0.3,0.33,0.42,0.27,0.4,0.49,0.33,0.28,0.36,0.27,0.41,0.64,0.48,0.44,0.24,0.32,0.4,0.73,0.5,0.45,0.38,0.44,0.72,0.45,0.34,0.51,0.45,0.35,0.51,0.46,0.54,10.41283403326435,0.8912006004093534
AKo,1,0,0,0.7327,0.69031,0.65745,-0.07525000000000004,12,11,offsuit,44.0,352.0,48.0,101.0,48.0,155.0,1.0,12.0,29.33333333333333,0.6516129032258065,2.270967741935484,0,-2.858163500764152,2.3480756480310405,0.42,0.38,0.46,0.47,0.49,0.41,0.62,0.37,0.43,0.61,0.53,0.61,0.7,0.67,0.63,0.61,0.61,0.42,0.34,0.41,0.45,0.43,0.42,0.37,0.53,0.38,0.48,0.56,0.52,0.52,0.52,0.43,0.44,0.42,0.59,0.58,0.65,0.46,0.44,0.55,0.38,0.65,0.51,0.49,0.5,0.5,0.63,0.55,0.5,0.64,0.58,0.57,0.6,0.59,12.438843148965052,0.3106645616986527
AKs,1,1,0,0.73721,0.7021,0.67177,-0.06544000000000005,12,11,suited,44.0,352.0,48.0,101.0,48.0,51.0,1.0,4.0,88.0,1.9803921568627447,6.901960784313726,2,-3.3042637168690554,2.042924839362561,0.78,0.47,0.6,0.72,0.72,0.55,0.58,0.84,0.65,0.99,0.66,0.76,0.93,1.0,0.94,0.96,0.85,0.68,0.46,0.62,0.7,0.7,0.7,0.69,0.63,0.81,0.79,0.74,0.71,0.77,0.68,0.91,0.65,0.9,0.87,0.85,0.8,0.81,0.77,0.83,1.02,1.17,0.76,0.77,0.82,0.73,0.75,0.91,0.86,0.81,1.02,0.82,0.8,1.01,19.02619727767713,-0.9344785794082394
AQo,2,0,0,0.72011,0.67997,0.64593,-0.07418000000000002,12,10,offsuit,42.0,336.0,48.0,101.0,48.0,155.0,3.0,36.0,9.333333333333334,0.6516129032258065,2.167741935483871,0,-2.527153371589815,2.187752185650641,0.17,0.33,0.31,0.34,0.32,0.18,0.16,0.22,0.21,0.37,0.4,0.45,0.46,0.35,0.41,0.31,0.35,0.18,0.28,0.27,0.31,0.32,0.23,0.27,0.17,0.18,0.21,0.41,0.36,0.38,0.26,0.22,0.26,0.3,0.4,0.41,0.52,0.27,0.28,0.21,0.35,0.26,0.26,0.3,0.31,0.42,0.28,0.34,0.26,0.45,0.34,0.33,0.35,0.3,7.530619902914989,1.0602758893068864
AQs,2,1,0,0.72601,0.69493,0.66405,-0.061960000000000015,12,10,suited,42.0,336.0,48.0,101.0,48.0,51.0,3.0,12.0,28.0,1.9803921568627447,6.588235294117647,2,-3.0323923920410536,1.8750471257179464,0.51,0.43,0.51,0.49,0.48,0.78,0.56,0.53,0.45,0.64,0.54,0.8,0.7,1.04,0.61,0.75,0.71,0.57,0.4,0.45,0.53,0.57,0.85,0.43,0.46,0.51,0.51,0.58,0.61,0.6,0.62,0.47,0.67,0.6,0.71,0.4,0.71,0.46,0.61,0.53,0.73,0.76,0.68,0.63,0.5,0.38,0.76,0.71,0.7,0.58,0.62,0.65,0.61,0.64,14.541920757085183,0.3078147506891703
ATo,4,0,0,0.69887,0.65876,0.62373,-0.07513999999999998,12,8,offsuit,38.0,304.0,48.0,101.0,48.0,155.0,7.0,84.0,3.619047619047619,0.6516129032258065,1.961290322580645,0,-1.8651331132411413,1.8671052608898409,-0.04,0.21,0.17,0.12,0.1,-0.01,0.1,-0.05,-0.08,0.06,0.27,0.31,0.25,0.22,0.12,0.08,0.1,-0.08,0.19,0.16,0.1,0.12,0.0,-0.11,-0.08,-0.04,-0.07,0.19,0.14,0.11,0.07,-0.03,-0.03,-0.02,0.19,0.18,0.09,0.07,0.02,0.02,-0.03,0.17,0.08,0.03,0.01,0.02,0.05,0.02,0.0,0.07,0.04,0.03,0.03,0.0,1.7216670901649598,1.9676645197759808
ATs,4,1,0,0.70502,0.67208,0.64632,-0.058699999999999974,12,8,suited,38.0,304.0,48.0,101.0,48.0,51.0,7.0,28.0,10.857142857142858,1.9803921568627447,5.96078431372549,2,-2.488649742385049,1.539291698428717,0.23,0.3,0.33,0.25,0.29,0.31,0.28,0.15,0.12,0.46,0.57,0.54,0.47,0.38,0.48,0.32,0.45,0.19,0.29,0.38,0.29,0.29,0.32,0.22,0.16,0.28,0.28,0.34,0.34,0.27,0.38,0.26,0.23,0.24,0.49,0.23,0.29,0.3,0.27,0.25,0.24,0.1,0.36,0.31,0.4,0.45,0.32,0.35,0.28,0.38,0.23,0.26,0.47,0.31,7.6926796401825985,1.224243036085683
J2o,9,0,0,0.44797,0.45096,0.44244,-0.005529999999999979,9,0,offsuit,16.0,128.0,48.0,101.0,48.0,155.0,29.0,348.0,0.367816091954023,0.6516129032258065,0.8258064516129032,0,1.7759783076765638,0.1035471747054425,-0.43,-0.13,-0.23,-0.28,-0.33,-0.35,-0.35,-0.39,-0.39,-0.04,-0.03,-0.03,-0.02,-0.05,0.01,-0.03,-0.03,-0.28,-0.22,-0.25,-0.25,-0.26,-0.29,-0.27,-0.29,-0.3,-0.08,-0.06,-0.06,-0.11,-0.11,-0.09,-0.08,-0.04,-0.03,0.0,-0.04,-0.05,-0.04,-0.04,-0.04,-0.05,-0.03,-0.03,-0.03,-0.07,-0.06,-0.01,-0.04,-0.01,-0.03,-0.03,-0.03,-0.02,-3.009672560857406,-1.2976857648654372
J2s,9,1,0,0.45669,0.46504,0.47484,0.01815,9,0,suited,16.0,128.0,48.0,101.0,48.0,51.0,29.0,116.0,1.103448275862069,1.9803921568627447,2.5098039215686274,2,0.5019348307229754,-0.3073631516620433,-0.32,-0.08,-0.12,-0.24,-0.23,-0.33,-0.26,-0.31,-0.32,-0.11,-0.05,-0.06,-0.07,-0.22,-0.05,-0.08,-0.13,-0.27,-0.14,-0.22,-0.19,-0.24,-0.21,-0.21,-0.28,-0.21,-0.12,-0.07,-0.11,-0.22,-0.1,-0.1,-0.11,-0.12,-0.07,-0.11,-0.11,-0.14,-0.06,-0.08,-0.12,-0.08,-0.11,-0.08,-0.07,0.0,-0.05,-0.03,-0.01,-0.07,-0.12,-0.08,-0.14,-0.1,-3.344151793012246,-0.3297269078567661
J3o,8,0,0,0.45835,0.45478,0.45333,-0.005019999999999969,9,1,offsuit,18.0,144.0,48.0,101.0,48.0,155.0,27.0,324.0,0.4444444444444444,0.6516129032258065,0.9290322580645162,0,1.4449681785022268,0.2638706370858424,-0.42,-0.12,-0.23,-0.28,-0.35,-0.3,-0.36,-0.38,-0.38,-0.03,-0.03,-0.03,-0.04,-0.04,-0.08,-0.04,-0.01,-0.28,-0.21,-0.25,-0.26,-0.26,-0.27,-0.3,-0.3,-0.3,-0.12,-0.05,-0.05,-0.09,-0.06,-0.08,-0.08,-0.04,-0.03,-0.05,-0.04,-0.04,-0.04,-0.03,-0.03,-0.05,-0.04,-0.03,-0.03,-0.03,-0.04,-0.02,-0.04,-0.03,-0.03,-0.03,-0.01,-0.03,-2.99095141228949,-1.2412552590210315
J3s,8,1,0,0.46627,0.47411,0.48219,0.01591999999999999,9,1,suited,18.0,144.0,48.0,101.0,48.0,51.0,27.0,108.0,1.3333333333333333,1.9803921568627447,2.823529411764706,2,0.2300635058949732,-0.1394854380174287,-0.31,-0.07,-0.17,-0.16,-0.2,-0.22,-0.25,-0.23,-0.27,-0.04,-0.08,-0.04,-0.04,-0.12,-0.21,-0.17,-0.07,-0.27,-0.1,-0.13,-0.21,-0.24,-0.13,-0.23,-0.22,-0.29,-0.08,-0.12,-0.12,-0.1,-0.17,-0.16,-0.16,-0.06,-0.1,0.04,-0.06,-0.09,-0.08,-0.1,-0.05,-0.08,-0.05,-0.1,-0.13,-0.06,-0.09,-0.1,-0.11,-0.09,-0.09,-0.07,-0.13,-0.1,-3.158450736997084,-0.022041443620564
J4o,7,0,0,0.46681,0.4624,0.46137,-0.00544,9,2,offsuit,20.0,160.0,48.0,101.0,48.0,155.0,25.0,300.0,0.5333333333333333,0.6516129032258065,1.032258064516129,0,1.11395804932789,0.4241940994662423,-0.38,-0.11,-0.2,-0.28,-0.33,-0.04,-0.31,-0.35,-0.4,-0.04,-0.04,-0.03,-0.04,-0.07,-0.04,-0.02,-0.04,-0.27,-0.22,-0.21,-0.24,-0.27,-0.28,-0.33,-0.27,-0.28,-0.1,-0.05,-0.05,-0.09,-0.11,-0.08,-0.07,-0.04,-0.05,-0.06,-0.06,-0.05,-0.04,-0.05,-0.03,-0.01,-0.04,-0.02,-0.04,-0.05,-0.03,-0.03,-0.03,-0.01,-0.03,-0.04,-0.03,-0.03,-2.841218802458602,-1.0358775932620774
J4s,7,1,0,0.47127,0.47905,0.48904,0.017769999999999953,9,2,suited,20.0,160.0,48.0,101.0,48.0,51.0,25.0,100.0,1.6,1.9803921568627447,3.1372549019607843,2,-0.0418078189330289,0.0283922756271858,-0.2,-0.01,-0.1,-0.18,-0.24,-0.22,-0.3,-0.1,-0.26,-0.09,-0.04,-0.05,-0.03,-0.04,-0.07,-0.06,-0.1,-0.28,-0.15,-0.14,-0.18,-0.2,-0.24,-0.31,-0.2,-0.26,-0.09,-0.06,-0.09,-0.14,-0.14,-0.15,-0.13,-0.03,-0.01,-0.26,-0.09,-0.06,-0.14,-0.12,-0.08,-0.18,-0.07,-0.1,-0.05,-0.02,0.07,-0.08,-0.06,-0.03,-0.11,-0.09,-0.09,0.05,-2.842753548799481,0.0260931161866636
J5o,6,0,0,0.47829,0.47182,0.47003,-0.00825999999999999,9,3,offsuit,22.0,176.0,48.0,101.0,48.0,155.0,23.0,276.0,0.6376811594202898,0.6516129032258065,1.135483870967742,0,0.7829479201535533,0.584517561846642,-0.38,-0.08,-0.21,-0.29,-0.33,-0.36,-0.33,-0.34,-0.37,-0.03,-0.04,-0.04,-0.04,-0.05,-0.05,-0.04,-0.03,-0.28,-0.19,-0.22,-0.24,-0.26,-0.26,-0.29,-0.3,-0.3,-0.11,-0.06,-0.06,-0.1,-0.1,-0.08,-0.08,-0.04,-0.04,-0.11,-0.03,-0.05,-0.04,-0.06,-0.07,-0.04,-0.03,-0.04,-0.05,-0.02,-0.04,-0.05,-0.05,-0.06,-0.03,-0.03,-0.05,-0.05,-3.0458087685371047,-1.005683246733107
J5s,6,1,0,0.48563,0.49127,0.5005,0.014869999999999939,9,3,suited,22.0,176.0,48.0,101.0,48.0,51.0,23.0,92.0,1.9130434782608696,1.9803921568627447,3.450980392156863,2,-0.3136791437610311,0.1962699892718004,-0.23,-0.01,-0.19,-0.16,-0.22,0.03,-0.19,-0.33,-0.33,-0.11,0.05,0.0,-0.07,0.0,0.08,-0.08,-0.09,-0.25,-0.11,-0.14,-0.13,-0.22,-0.18,-0.23,-0.24,-0.11,-0.17,-0.07,-0.07,-0.05,-0.12,-0.12,-0.1,-0.05,-0.08,-0.09,-0.26,-0.02,-0.11,-0.08,-0.05,-0.03,-0.09,-0.1,-0.1,0.18,0.02,-0.07,-0.15,-0.03,-0.02,-0.17,-0.06,-0.08,-2.495441918404837,0.1808116563966239
J6o,5,0,0,0.49175,0.48703,0.47966,-0.012090000000000045,9,4,offsuit,24.0,192.0,48.0,101.0,48.0,155.0,21.0,252.0,0.7619047619047619,0.6516129032258065,1.238709677419355,0,0.4519377909792164,0.744841024227042,-0.37,-0.11,-0.2,-0.26,-0.3,-0.36,-0.27,-0.35,-0.39,-0.05,-0.03,-0.03,-0.04,-0.03,-0.03,-0.02,-0.02,-0.28,-0.16,-0.23,-0.23,-0.24,-0.28,-0.31,-0.27,-0.27,-0.07,-0.05,-0.06,-0.07,-0.11,-0.11,-0.09,-0.06,-0.05,-0.07,-0.04,-0.05,-0.05,-0.04,-0.06,-0.05,-0.04,-0.04,-0.04,-0.04,-0.04,-0.03,-0.04,-0.05,-0.04,-0.04,-0.03,-0.04,-2.9242430831250323,-0.9594973281055036
J6s,5,1,0,0.49539,0.50045,0.50885,0.013460000000000027,9,4,suited,24.0,192.0,48.0,101.0,48.0,51.0,21.0,84.0,2.2857142857142856,1.9803921568627447,3.764705882352941,2,-0.5855504685890335,0.3641477029164149,-0.27,-0.01,-0.11,-0.15,-0.2,-0.14,-0.25,-0.3,-0.23,0.01,-0.03,-0.04,-0.08,-0.05,0.01,-0.08,0.01,-0.2,-0.09,-0.15,-0.19,-0.15,-0.15,-0.17,-0.11,-0.22,-0.19,-0.04,-0.1,-0.18,-0.18,-0.07,-0.12,-0.11,-0.09,-0.26,-0.04,0.0,-0.11,-0.15,-0.13,-0.07,-0.1,-0.05,-0.05,-0.11,-0.15,-0.08,-0.04,-0.07,-0.06,-0.07,-0.1,-0.06,-2.7377877089783724,0.1667271244389177
J7o,4,0,0,0.49897,0.4981,0.49446,-0.004510000000000014,9,5,offsuit,26.0,208.0,48.0,101.0,48.0,155.0,19.0,228.0,0.912280701754386,0.6516129032258065,1.3419354838709678,0,0.1209276618048795,0.9051644866074418,-0.35,-0.07,-0.16,-0.25,-0.3,-0.3,-0.26,-0.26,-0.34,-0.05,-0.04,-0.05,-0.04,-0.05,-0.04,-0.05,-0.05,-0.28,-0.11,-0.21,-0.22,-0.24,-0.33,-0.23,-0.25,-0.3,-0.1,-0.05,-0.06,-0.09,-0.03,-0.08,-0.1,-0.06,-0.07,-0.06,-0.06,-0.06,-0.05,-0.06,-0.06,-0.04,-0.04,-0.07,-0.04,-0.06,-0.06,-0.05,-0.05,-0.04,-0.04,-0.04,-0.06,-0.05,-2.841401090224248,-0.6026936500609684
J7s,4,1,0,0.5023,0.51221,0.52086,0.01856000000000002,9,5,suited,26.0,208.0,48.0,101.0,48.0,51.0,19.0,76.0,2.736842105263158,1.9803921568627447,4.078431372549019,2,-0.8574217934170356,0.5320254165610296,-0.24,0.07,-0.11,-0.07,-0.16,-0.16,-0.17,-0.25,-0.31,-0.08,0.04,0.06,-0.02,0.09,0.07,0.07,-0.04,-0.15,0.01,-0.08,-0.09,-0.13,-0.19,-0.27,-0.08,-0.19,-0.12,-0.01,-0.04,-0.06,0.03,-0.13,-0.22,-0.02,-0.04,-0.01,-0.07,0.11,-0.07,-0.01,0.13,-0.07,-0.13,-0.13,-0.11,0.03,-0.02,0.0,-0.06,-0.07,-0.05,-0.08,-0.07,-0.02,-1.5993733952395246,0.5512685006381854
J8o,3,0,0,0.50921,0.51072,0.51133,0.0021199999999998997,9,6,offsuit,28.0,224.0,48.0,101.0,48.0,155.0,17.0,204.0,1.0980392156862746,0.6516129032258065,1.4451612903225806,0,-0.2100824673694573,1.0654879489878415,-0.26,-0.01,-0.09,-0.16,-0.23,-0.24,-0.27,-0.29,-0.32,-0.06,0.03,-0.03,-0.04,-0.05,-0.05,-0.08,-0.05,-0.28,-0.06,-0.15,-0.19,-0.17,-0.24,-0.21,-0.26,-0.23,-0.07,-0.07,-0.07,-0.04,-0.04,-0.08,-0.09,-0.08,-0.05,-0.03,-0.07,-0.1,-0.07,-0.07,0.01,-0.09,-0.06,-0.05,-0.08,-0.01,-0.04,-0.02,-0.09,-0.06,-0.09,-0.04,-0.02,-0.06,-2.46059790268874,0.0230707923003613
J8s,3,1,0,0.51601,0.52613,0.53693,0.02092000000000005,9,6,suited,28.0,224.0,48.0,101.0,48.0,51.0,17.0,68.0,3.294117647058824,1.9803921568627447,4.392156862745098,2,-1.129293118245038,0.6999031302056442,-0.23,0.12,-0.01,-0.04,-0.09,-0.13,-0.23,-0.06,-0.16,-0.02,0.21,0.08,0.03,0.18,0.01,0.01,0.06,-0.1,0.03,-0.07,-0.07,-0.07,-0.11,-0.08,-0.18,-0.09,-0.06,0.04,0.01,-0.11,-0.03,0.05,-0.04,-0.18,0.03,-0.03,0.03,0.0,-0.04,-0.12,0.03,0.0,-0.02,-0.02,-0.03,-0.28,-0.03,-0.04,-0.05,0.05,-0.06,0.02,0.02,-0.01,-0.7774893025258043,0.9792387164444216
J9o,2,0,0,0.52505,0.52899,0.53117,0.006120000000000014,9,7,offsuit,30.0,240.0,48.0,101.0,48.0,155.0,15.0,180.0,1.3333333333333333,0.6516129032258065,1.5483870967741935,0,-0.541092596543794,1.2258114113682417,-0.27,0.03,-0.09,-0.14,-0.15,-0.17,-0.27,-0.28,-0.26,-0.05,0.09,0.01,-0.01,-0.02,-0.07,0.04,0.01,-0.22,-0.01,-0.01,-0.1,-0.17,-0.09,-0.21,-0.21,-0.22,-0.15,-0.02,-0.05,-0.12,-0.07,-0.1,-0.08,-0.07,-0.03,0.03,-0.09,-0.05,-0.09,-0.07,-0.07,-0.04,-0.07,-0.07,-0.08,-0.02,-0.08,-0.08,-0.09,-0.05,-0.08,-0.09,-0.04,-0.07,-2.0638208987788773,0.6112422078037801
J9s,2,1,0,0.52768,0.54269,0.55433,0.02664999999999995,9,7,suited,30.0,240.0,48.0,101.0,48.0,51.0,15.0,60.0,4.0,1.9803921568627447,4.705882352941177,2,-1.40116444307304,0.8677808438502587,-0.12,0.12,0.12,0.0,0.01,-0.11,0.07,-0.08,-0.02,0.18,0.25,0.16,0.15,0.06,0.3,0.09,0.0,-0.04,0.13,0.05,0.05,0.01,-0.09,-0.09,-0.1,-0.04,-0.09,0.09,0.13,-0.16,0.0,0.0,-0.06,-0.04,0.11,0.15,0.06,0.0,-0.07,-0.11,0.16,-0.13,0.18,0.01,-0.03,0.06,0.01,0.0,-0.01,0.17,0.05,0.0,0.12,0.07,0.8175993594260537,1.3142561929168726
JJo,0,0,1,0.88149,0.83234,0.77359,-0.1079,9,9,pair,18.0,144.0,25.0,101.0,25.0,77.0,0.0,0.0,144.0,1.3116883116883118,1.87012987012987,1,-3.263959854596894,-4.16059358141049,0.63,0.73,0.86,0.87,0.9,0.9,0.55,0.79,0.65,0.89,1.0,1.04,1.03,1.03,1.14,0.74,0.91,0.67,0.68,0.87,0.89,0.9,0.77,0.54,0.78,0.67,0.83,0.92,0.96,0.69,0.72,0.78,0.72,0.66,0.96,0.83,0.89,0.89,0.76,0.86,0.94,1.08,0.75,0.87,0.76,0.96,0.94,0.8,0.91,0.93,0.81,1.01,0.97,1.01,20.62512056511156,1.3661448635956348
JTo,1,0,0,0.52972,0.54217,0.55328,0.023560000000000025,9,8,offsuit,32.0,256.0,48.0,101.0,48.0,155.0,13.0,156.0,1.641025641025641,0.6516129032258065,1.6516129032258065,0,-0.8721027257181307,1.3861348737486412,-0.19,0.09,0.02,-0.04,-0.08,-0.12,-0.19,-0.2,-0.15,-0.01,0.15,0.14,0.08,0.13,0.06,0.03,0.03,-0.2,0.07,-0.01,-0.02,-0.07,-0.11,-0.07,-0.11,-0.12,-0.12,0.1,-0.03,-0.08,0.03,-0.08,-0.1,-0.11,0.06,0.05,-0.06,-0.05,-0.06,-0.02,0.03,0.01,-0.06,-0.08,-0.07,0.04,0.01,-0.07,-0.02,-0.05,-0.04,0.0,-0.04,-0.03,-0.7183332813278216,1.173079552051688
JTs,1,1,0,0.53787,0.55529,0.57284,0.03497000000000006,9,8,suited,32.0,256.0,48.0,101.0,48.0,51.0,13.0,52.0,4.923076923076923,1.9803921568627447,5.019607843137255,2,-1.673035767901042,1.0356585574948731,0.01,0.15,0.18,0.14,0.12,-0.03,0.2,0.0,0.04,0.15,0.32,0.25,0.25,0.17,0.31,0.25,0.21,0.07,0.18,0.15,0.07,0.13,0.03,0.22,0.07,-0.05,-0.04,0.21,0.21,0.13,0.29,0.03,0.13,0.09,0.31,0.13,0.21,0.15,0.03,0.01,0.1,0.2,0.07,0.16,0.14,0.12,0.23,0.19,0.17,0.17,0.14,0.12,0.45,0.2,3.61708836215512,0.9537556075126826
K2o,11,0,0,0.55615,0.53217,0.50533,-0.05082000000000009,11,0,offsuit,20.0,160.0,48.0,101.0,48.0,155.0,25.0,300.0,0.5333333333333333,0.6516129032258065,1.032258064516129,0,1.11395804932789,0.4241940994662423,-0.37,-0.09,-0.2,-0.26,-0.3,-0.26,-0.27,-0.32,-0.35,-0.06,-0.06,-0.07,-0.07,-0.03,-0.06,-0.06,-0.05,-0.26,-0.19,-0.22,-0.25,-0.26,-0.29,-0.28,-0.3,-0.29,-0.11,-0.08,-0.11,-0.12,-0.07,-0.12,-0.1,-0.06,-0.08,-0.12,-0.07,-0.07,-0.07,-0.06,-0.12,-0.07,-0.05,-0.07,-0.07,-0.09,-0.07,-0.06,-0.07,-0.04,-0.06,-0.05,-0.06,-0.05,-3.2797855785066568,-0.7827858497786285
K2s,11,1,0,0.56502,0.54834,0.53187,-0.03315000000000001,11,0,suited,20.0,160.0,48.0,101.0,48.0,51.0,25.0,100.0,1.6,1.9803921568627447,3.1372549019607843,2,-0.0418078189330289,0.0283922756271858,-0.22,0.01,-0.12,-0.13,-0.11,-0.22,-0.04,-0.33,-0.22,-0.12,0.05,0.0,0.04,-0.05,-0.05,-0.11,-0.02,-0.15,-0.05,-0.14,-0.08,-0.17,-0.21,-0.12,-0.17,-0.17,-0.16,-0.06,-0.03,-0.11,-0.19,-0.12,-0.03,-0.03,-0.05,-0.05,-0.12,-0.12,-0.14,-0.07,-0.11,-0.12,-0.02,0.01,-0.09,-0.12,0.0,-0.09,-0.09,0.02,-0.13,-0.05,-0.09,0.0,-2.248252340066927,0.4225171960217578
K3o,10,0,0,0.56735,0.53791,0.51297,-0.054379999999999984,11,1,offsuit,22.0,176.0,48.0,101.0,48.0,155.0,23.0,276.0,0.6376811594202898,0.6516129032258065,1.135483870967742,0,0.7829479201535533,0.584517561846642,-0.38,-0.07,-0.19,-0.26,-0.29,-0.27,-0.32,-0.35,-0.33,-0.05,-0.04,-0.05,-0.05,-0.08,-0.04,-0.03,-0.03,-0.27,-0.16,-0.21,-0.25,-0.26,-0.3,-0.26,-0.25,-0.29,-0.13,-0.07,-0.1,-0.12,-0.11,-0.12,-0.09,-0.06,-0.1,-0.07,-0.07,-0.03,-0.07,-0.07,-0.01,-0.04,-0.08,-0.07,-0.07,-0.09,-0.05,-0.07,-0.08,-0.08,-0.03,-0.06,-0.05,-0.06,-3.152850490759406,-0.6995323044708001
K3s,10,1,0,0.57529,0.55532,0.53956,-0.03572999999999993,11,1,suited,22.0,176.0,48.0,101.0,48.0,51.0,23.0,92.0,1.9130434782608696,1.9803921568627447,3.450980392156863,2,-0.3136791437610311,0.1962699892718004,-0.12,0.02,-0.02,-0.11,-0.13,-0.26,-0.1,-0.23,-0.25,-0.05,0.1,-0.01,-0.05,-0.06,-0.08,-0.09,-0.04,-0.12,-0.05,-0.08,-0.13,-0.17,-0.14,-0.11,-0.06,-0.16,-0.1,-0.04,-0.05,-0.17,-0.12,-0.1,-0.13,-0.12,-0.04,-0.18,-0.01,-0.07,-0.02,-0.1,-0.18,-0.02,-0.13,-0.05,-0.03,-0.07,-0.09,-0.1,-0.09,-0.04,-0.04,-0.01,-0.03,-0.08,-2.091954039460037,0.589160266279596
K4o,9,0,0,0.57872,0.54843,0.52271,-0.056010000000000004,11,2,offsuit,24.0,192.0,48.0,101.0,48.0,155.0,21.0,252.0,0.7619047619047619,0.6516129032258065,1.238709677419355,0,0.4519377909792164,0.744841024227042,-0.37,-0.04,-0.18,-0.21,-0.28,-0.24,-0.32,-0.3,-0.32,0.01,-0.06,-0.06,-0.05,0.06,-0.06,-0.06,-0.06,-0.3,-0.18,-0.19,-0.22,-0.25,-0.26,-0.28,-0.27,-0.29,-0.11,-0.06,-0.1,-0.2,-0.1,-0.14,-0.12,-0.08,-0.06,-0.09,-0.08,-0.07,-0.07,-0.07,-0.04,-0.05,-0.08,-0.05,-0.06,-0.07,-0.07,-0.08,-0.08,-0.05,-0.07,-0.07,-0.05,-0.06,-3.1097042032518405,-0.508701778382559
K4s,9,1,0,0.58041,0.55919,0.5463,-0.034109999999999974,11,2,suited,24.0,192.0,48.0,101.0,48.0,51.0,21.0,84.0,2.2857142857142856,1.9803921568627447,3.764705882352941,2,-0.5855504685890335,0.3641477029164149,-0.07,0.05,0.0,-0.1,-0.11,0.16,-0.05,0.09,-0.2,-0.09,0.15,-0.01,0.01,0.11,-0.15,0.1,-0.06,-0.16,-0.01,-0.04,-0.08,-0.12,-0.19,-0.21,-0.22,-0.18,-0.09,0.04,-0.04,-0.14,-0.15,-0.1,-0.02,-0.09,-0.03,-0.17,-0.03,-0.01,-0.03,0.03,0.0,-0.04,-0.08,-0.12,-0.04,0.06,-0.02,-0.05,-0.07,-0.01,-0.02,-0.06,-0.03,-0.03,-1.204442685480215,0.9659319681393882
K5o,8,0,0,0.59365,0.56019,0.53648,-0.057170000000000054,11,3,offsuit,26.0,208.0,48.0,101.0,48.0,155.0,19.0,228.0,0.912280701754386,0.6516129032258065,1.3419354838709678,0,0.1209276618048795,0.9051644866074418,-0.34,-0.04,-0.17,-0.23,-0.26,-0.34,-0.28,-0.28,-0.32,-0.03,-0.03,-0.07,-0.07,-0.05,-0.03,-0.03,-0.05,-0.29,-0.13,-0.19,-0.22,-0.25,-0.26,-0.24,-0.29,-0.25,-0.11,-0.09,-0.09,-0.11,-0.09,-0.1,-0.1,-0.08,-0.07,-0.08,-0.11,-0.09,-0.07,-0.07,-0.11,-0.07,-0.06,-0.06,-0.09,-0.07,-0.07,-0.07,-0.07,-0.06,-0.06,-0.07,-0.07,-0.09,-3.101795520279309,-0.4144388163742292
K5s,8,1,0,0.59252,0.56763,0.5564,-0.03612000000000004,11,3,suited,26.0,208.0,48.0,101.0,48.0,51.0,19.0,76.0,2.736842105263158,1.9803921568627447,4.078431372549019,2,-0.8574217934170356,0.5320254165610296,-0.13,0.08,0.05,-0.1,-0.14,0.07,-0.21,-0.15,-0.16,0.01,0.09,0.04,-0.02,0.1,0.08,-0.05,-0.08,-0.21,0.02,-0.02,-0.1,-0.16,-0.06,-0.15,-0.24,-0.17,-0.06,0.0,0.01,-0.02,-0.17,-0.07,-0.13,-0.04,-0.05,0.04,0.06,0.02,-0.02,-0.06,0.23,-0.04,-0.08,-0.12,-0.01,-0.06,-0.01,-0.03,0.01,-0.04,-0.07,-0.08,-0.04,0.02,-1.050309164837059,0.8239884568235142
K6o,7,0,0,0.60013,0.56795,0.54424,-0.055890000000000106,11,4,offsuit,28.0,224.0,48.0,101.0,48.0,155.0,17.0,204.0,1.0980392156862746,0.6516129032258065,1.4451612903225806,0,-0.2100824673694573,1.0654879489878415,-0.32,-0.01,-0.13,-0.18,-0.25,-0.3,-0.23,-0.29,-0.31,-0.06,-0.02,-0.05,-0.05,-0.09,-0.05,-0.04,-0.05,-0.27,-0.11,-0.17,-0.18,-0.22,-0.19,-0.19,-0.22,-0.23,-0.1,-0.07,-0.11,-0.12,-0.16,-0.07,-0.13,-0.05,-0.07,-0.04,-0.09,-0.07,-0.06,-0.07,-0.1,-0.05,-0.06,-0.09,-0.06,-0.06,-0.06,-0.07,-0.07,-0.07,-0.06,-0.06,-0.04,-0.06,-2.798381770553173,-0.1962912019109541
K6s,7,1,0,0.60413,0.58159,0.56395,-0.040179999999999993,11,4,suited,28.0,224.0,48.0,101.0,48.0,51.0,17.0,68.0,3.294117647058824,1.9803921568627447,4.392156862745098,2,-1.129293118245038,0.6999031302056442,-0.17,0.05,-0.07,-0.02,-0.09,0.13,-0.11,-0.22,-0.22,-0.03,0.03,0.0,0.03,0.1,0.0,0.1,0.16,-0.17,0.05,-0.06,-0.1,-0.14,-0.13,-0.11,-0.07,-0.17,-0.11,0.07,-0.02,-0.14,-0.04,-0.06,0.02,0.03,-0.01,-0.07,-0.09,-0.1,-0.04,-0.03,0.07,0.02,-0.03,-0.08,-0.08,-0.02,-0.07,-0.06,-0.06,-0.07,-0.12,0.07,-0.1,0.01,-1.036025403367543,0.710725889814721
K7o,6,0,0,0.61194,0.57841,0.54966,-0.06228,11,5,offsuit,30.0,240.0,48.0,101.0,48.0,155.0,15.0,180.0,1.3333333333333333,0.6516129032258065,1.5483870967741935,0,-0.541092596543794,1.2258114113682417,-0.32,-0.02,-0.12,-0.16,-0.21,-0.25,-0.27,-0.27,-0.3,-0.04,0.01,-0.04,-0.04,-0.12,-0.03,-0.09,-0.08,-0.26,-0.1,-0.12,-0.16,-0.21,-0.24,-0.3,-0.23,-0.29,-0.13,-0.05,-0.08,-0.1,-0.1,-0.1,-0.13,-0.09,-0.07,-0.16,-0.08,-0.09,-0.08,-0.07,-0.1,-0.05,-0.06,-0.08,-0.07,-0.06,0.02,-0.06,-0.08,-0.05,-0.06,-0.06,-0.06,-0.05,-2.8216265730875283,0.0096181856545369
K7s,6,1,0,0.61367,0.59043,0.57483,-0.0388400000000001,11,5,suited,30.0,240.0,48.0,101.0,48.0,51.0,15.0,60.0,4.0,1.9803921568627447,4.705882352941177,2,-1.40116444307304,0.8677808438502587,-0.12,0.06,0.03,-0.04,0.01,-0.14,-0.07,-0.17,-0.07,0.0,0.15,0.1,0.1,-0.01,0.16,0.11,0.0,-0.07,0.06,-0.03,-0.02,-0.07,0.07,-0.11,-0.11,-0.11,-0.09,0.04,0.03,0.0,0.07,-0.04,-0.12,-0.03,0.06,0.16,0.11,-0.07,0.0,0.12,0.17,-0.02,0.08,0.0,-0.04,-0.03,-0.02,-0.07,-0.04,0.03,-0.04,-0.04,-0.02,0.03,0.0094142363505354,0.8201494191862512
K8o,5,0,0,0.61988,0.58947,0.561,-0.05887999999999993,11,6,offsuit,32.0,256.0,48.0,101.0,48.0,155.0,13.0,156.0,1.641025641025641,0.6516129032258065,1.6516129032258065,0,-0.8721027257181307,1.3861348737486412,-0.28,0.01,-0.08,-0.16,-0.19,-0.24,-0.25,-0.26,-0.27,-0.08,0.01,-0.03,-0.06,-0.08,0.01,-0.08,-0.05,-0.27,-0.07,-0.11,-0.17,-0.16,-0.26,-0.28,-0.23,-0.27,-0.13,-0.04,-0.08,-0.1,-0.11,-0.11,-0.13,-0.1,-0.04,-0.09,-0.07,-0.08,-0.09,-0.09,-0.14,-0.06,-0.07,-0.07,-0.06,-0.12,-0.07,-0.09,-0.08,-0.07,-0.09,-0.07,-0.06,-0.06,-2.758405814597924,0.3008272409893088
K8s,5,1,0,0.61894,0.59797,0.58093,-0.0380100000000001,11,6,suited,32.0,256.0,48.0,101.0,48.0,51.0,13.0,52.0,4.923076923076923,1.9803921568627447,5.019607843137255,2,-1.673035767901042,1.0356585574948731,-0.12,0.1,-0.01,0.05,-0.06,0.04,-0.19,0.0,-0.11,0.01,0.13,0.07,0.09,0.06,0.16,0.08,0.04,-0.08,0.09,0.06,0.0,-0.07,-0.07,-0.06,-0.09,-0.13,-0.04,0.03,0.06,0.06,0.02,0.01,0.03,-0.02,0.08,0.0,0.05,0.07,-0.01,-0.03,-0.13,-0.04,0.02,0.06,0.0,0.13,0.0,-0.01,-0.09,0.07,-0.01,0.07,-0.02,0.0,0.2128831969398437,0.9489591605432378
K9o,4,0,0,0.63305,0.60401,0.58165,-0.0514,11,7,offsuit,34.0,272.0,48.0,101.0,48.0,155.0,11.0,132.0,2.060606060606061,0.6516129032258065,1.7548387096774194,0,-1.2031128548924677,1.5464583361290414,-0.22,0.08,-0.04,-0.09,-0.11,-0.23,-0.15,-0.25,-0.22,-0.05,0.14,0.04,-0.01,0.04,-0.04,-0.03,-0.07,-0.26,0.03,-0.07,-0.1,-0.14,-0.12,-0.1,-0.16,-0.19,-0.13,0.02,-0.05,-0.14,-0.12,-0.1,-0.11,-0.1,-0.01,-0.09,-0.09,-0.1,-0.09,-0.09,-0.05,-0.06,-0.05,-0.09,-0.1,-0.09,-0.05,-0.07,-0.08,-0.08,-0.07,-0.1,-0.06,-0.06,-1.973913243302728,1.058641336259743
K9s,4,1,0,0.63304,0.61486,0.59744,-0.035600000000000076,11,7,suited,34.0,272.0,48.0,101.0,48.0,51.0,11.0,44.0,6.181818181818182,1.9803921568627447,5.333333333333333,2,-1.9449070927290444,1.203536271139488,-0.02,0.15,0.08,0.12,0.11,0.04,-0.08,-0.01,-0.04,0.02,0.26,0.27,0.23,0.09,0.18,0.12,0.07,-0.07,0.13,0.1,0.11,0.06,0.03,0.03,0.05,-0.03,-0.06,0.22,0.1,-0.01,0.06,0.06,0.07,0.04,0.15,0.25,0.12,-0.04,0.05,0.13,0.19,-0.09,0.0,0.07,0.03,0.07,0.09,0.03,0.02,0.19,0.1,0.07,0.1,0.09,1.8922852406950372,1.3676785862209615
KJo,2,0,0,0.65269,0.63027,0.60869,-0.04400000000000004,11,9,offsuit,38.0,304.0,48.0,101.0,48.0,155.0,7.0,84.0,3.619047619047619,0.6516129032258065,1.961290322580645,0,-1.8651331132411413,1.8671052608898409,-0.17,0.19,0.12,0.07,0.05,0.02,0.06,-0.08,-0.08,0.06,0.27,0.26,0.2,0.3,0.15,0.21,0.09,-0.08,0.15,0.08,0.07,0.03,-0.05,-0.03,-0.04,0.0,-0.03,0.19,0.13,0.04,-0.02,-0.03,0.03,-0.02,0.16,0.16,0.16,0.04,0.02,-0.03,0.21,0.11,0.1,0.09,-0.04,0.13,0.09,0.03,0.05,0.11,0.09,0.01,0.1,0.09,1.7882420933243837,1.4089660386424208
KJs,2,1,0,0.65449,0.63887,0.62516,-0.029329999999999967,11,9,suited,38.0,304.0,48.0,101.0,48.0,51.0,7.0,28.0,10.857142857142858,1.9803921568627447,5.96078431372549,2,-2.488649742385049,1.539291698428717,0.12,0.25,0.3,0.26,0.28,0.37,0.3,0.13,0.17,0.4,0.39,0.4,0.41,0.27,0.35,0.43,0.44,0.17,0.25,0.24,0.31,0.3,0.24,0.17,0.31,0.17,0.13,0.35,0.33,0.19,0.27,0.15,0.19,0.27,0.38,0.51,0.22,0.27,0.1,0.32,0.34,0.36,0.42,0.2,0.23,0.52,0.36,0.24,0.24,0.4,0.35,0.29,0.28,0.29,7.045953491051815,0.9382454840627208
KKo,0,0,1,0.93098,0.88236,0.82327,-0.10771000000000008,11,11,pair,22.0,176.0,25.0,101.0,25.0,77.0,0.0,0.0,176.0,1.3116883116883118,2.2857142857142856,1,-3.5628579854247344,-3.811172431210381,1.73,0.95,1.32,1.49,1.72,1.88,1.64,1.53,1.62,2.09,1.35,1.67,1.72,1.81,1.84,1.78,2.06,1.9,0.98,1.37,1.52,1.73,1.28,1.77,1.74,1.69,1.72,1.55,1.64,1.63,1.58,1.84,1.7,1.7,1.65,1.53,1.61,1.54,1.66,1.59,1.75,1.71,1.73,1.73,1.9,1.8,1.67,1.75,2.01,1.8,1.96,1.97,1.95,1.94,40.7267928531535,-1.8879798718718717
KQo,1,0,0,0.66241,0.63799,0.61425,-0.04816000000000009,11,10,offsuit,40.0,320.0,48.0,101.0,48.0,155.0,5.0,60.0,5.333333333333333,0.6516129032258065,2.064516129032258,0,-2.1961432424154785,2.0274287232702406,0.0,0.2,0.17,0.14,0.15,0.23,0.05,0.06,-0.01,0.17,0.36,0.33,0.27,0.25,0.28,0.21,0.22,0.03,0.17,0.2,0.23,0.16,0.11,0.08,0.07,0.06,0.06,0.26,0.21,0.11,0.16,0.06,0.16,0.15,0.25,0.2,0.18,0.1,0.11,0.08,0.26,0.07,0.13,0.15,0.09,0.25,0.13,0.13,0.13,0.16,0.13,0.14,0.2,0.15,3.827604033790419,1.3868210147711548
KQs,1,1,0,0.6671,0.64863,0.63247,-0.03463000000000005,11,10,suited,40.0,320.0,48.0,101.0,48.0,51.0,5.0,20.0,16.0,1.9803921568627447,6.2745098039215685,2,-2.760521067213052,1.7071694120733314,0.17,0.37,0.35,0.32,0.3,0.18,0.07,0.29,0.37,0.42,0.5,0.59,0.52,0.3,0.58,0.46,0.68,0.36,0.3,0.36,0.28,0.32,0.67,0.4,0.41,0.35,0.4,0.41,0.44,0.62,0.3,0.38,0.42,0.31,0.45,0.53,0.12,0.31,0.38,0.36,0.36,0.26,0.28,0.44,0.31,0.32,0.37,0.38,0.42,0.4,0.41,0.45,0.42,0.4,9.29115355349197,0.7294305801168954
KTo,3,0,0,0.63936,0.61712,0.59512,-0.04424000000000006,11,8,offsuit,36.0,288.0,48.0,101.0,48.0,155.0,9.0,108.0,2.6666666666666665,0.6516129032258065,1.8580645161290323,0,-1.5341229840668047,1.7067817985094411,-0.16,0.14,0.06,0.06,-0.03,-0.01,-0.05,-0.22,-0.1,0.07,0.2,0.14,0.13,0.15,0.02,0.01,0.04,-0.2,0.1,0.05,-0.01,-0.01,0.11,-0.03,-0.09,-0.07,-0.07,0.11,0.06,0.06,0.0,-0.08,-0.06,-0.09,0.06,0.07,-0.03,-0.04,0.01,-0.06,0.03,-0.03,-0.02,-0.02,-0.06,0.09,0.04,-0.06,-0.06,-0.01,-0.03,-0.04,0.0,0.0,0.0835138039529227,1.5492454143086598
KTs,3,1,0,0.64651,0.63027,0.61745,-0.029059999999999975,11,8,suited,36.0,288.0,48.0,101.0,48.0,51.0,9.0,36.0,8.0,1.9803921568627447,5.647058823529412,2,-2.216778417557047,1.3714139847841025,0.03,0.28,0.2,0.21,0.2,0.35,0.2,0.19,0.01,0.31,0.36,0.39,0.28,0.38,0.16,0.29,0.15,0.15,0.25,0.21,0.17,0.22,0.19,0.09,0.07,0.08,0.11,0.29,0.29,0.2,0.05,0.24,0.1,0.19,0.22,0.02,-0.05,0.22,0.06,0.15,0.25,0.17,0.23,0.37,0.1,0.27,0.21,0.1,0.27,0.23,0.14,0.06,0.28,0.09,4.670228203866426,1.5820419966376136
Q2o,10,0,0,0.50314,0.49098,0.47497,-0.02817000000000003,10,0,offsuit,18.0,144.0,48.0,101.0,48.0,155.0,27.0,324.0,0.4444444444444444,0.6516129032258065,0.9290322580645162,0,1.4449681785022268,0.2638706370858424,-0.4,-0.11,-0.22,-0.27,-0.33,-0.35,-0.37,-0.33,-0.38,-0.04,-0.06,-0.05,-0.05,-0.02,-0.04,-0.03,-0.03,-0.3,-0.23,-0.24,-0.25,-0.26,-0.29,-0.3,-0.25,-0.28,-0.11,-0.07,-0.07,-0.06,-0.09,-0.1,-0.1,-0.05,-0.05,-0.05,-0.04,-0.05,-0.06,-0.04,-0.07,-0.04,-0.05,-0.04,-0.05,-0.05,0.0,-0.03,-0.05,-0.05,-0.03,-0.04,-0.02,-0.04,-3.0833621698823133,-1.1868104980581182
Q2s,10,1,0,0.50534,0.50428,0.50261,-0.00273000000000001,10,0,suited,18.0,144.0,48.0,101.0,48.0,51.0,27.0,108.0,1.3333333333333333,1.9803921568627447,2.823529411764706,2,0.2300635058949732,-0.1394854380174287,-0.24,-0.01,-0.09,-0.15,-0.22,-0.15,-0.22,-0.27,-0.13,-0.08,-0.07,-0.06,-0.08,-0.11,-0.1,0.01,-0.07,-0.29,-0.16,-0.18,-0.15,-0.17,-0.17,-0.12,-0.17,-0.23,-0.11,-0.08,-0.12,-0.15,-0.13,-0.08,-0.12,-0.1,-0.06,-0.24,0.0,-0.1,-0.13,-0.11,-0.06,0.03,-0.12,-0.08,-0.1,-0.03,-0.04,-0.06,-0.05,-0.25,-0.05,-0.11,-0.06,-0.1,-2.813492243166919,0.0825935287501002
Q3o,9,0,0,0.51219,0.49549,0.48395,-0.028240000000000043,10,1,offsuit,20.0,160.0,48.0,101.0,48.0,155.0,25.0,300.0,0.5333333333333333,0.6516129032258065,1.032258064516129,0,1.11395804932789,0.4241940994662423,-0.34,-0.11,-0.23,-0.28,-0.3,-0.34,-0.32,-0.34,-0.33,-0.04,-0.04,-0.03,-0.05,-0.07,-0.03,-0.04,-0.04,-0.27,-0.19,-0.23,-0.23,-0.28,-0.16,-0.26,-0.28,-0.29,-0.12,-0.06,-0.07,-0.12,-0.11,-0.09,-0.1,-0.03,-0.04,-0.07,-0.09,-0.05,-0.05,-0.05,-0.06,-0.04,-0.04,-0.04,-0.03,-0.06,-0.04,-0.04,-0.05,-0.03,-0.03,-0.05,-0.04,-0.04,-2.997938096928998,-1.0242118904751574
Q3s,9,1,0,0.51566,0.50961,0.50935,-0.006310000000000038,10,1,suited,20.0,160.0,48.0,101.0,48.0,51.0,25.0,100.0,1.6,1.9803921568627447,3.1372549019607843,2,-0.0418078189330289,0.0283922756271858,-0.33,0.0,-0.12,-0.18,-0.17,-0.24,-0.03,-0.22,-0.23,0.01,-0.01,-0.02,-0.03,-0.06,-0.02,-0.08,-0.01,-0.27,-0.1,-0.08,-0.18,-0.17,-0.19,-0.24,-0.26,-0.24,-0.01,0.01,-0.11,0.13,-0.1,-0.13,-0.17,-0.12,-0.07,0.01,-0.11,-0.12,-0.09,-0.08,-0.08,-0.13,-0.05,-0.12,-0.01,0.02,-0.14,-0.08,-0.07,-0.04,-0.07,-0.13,-0.05,-0.13,-2.443517638863389,0.2534486227418574
Q4o,8,0,0,0.52374,0.50282,0.48924,-0.034499999999999975,10,2,offsuit,22.0,176.0,48.0,101.0,48.0,155.0,23.0,276.0,0.6376811594202898,0.6516129032258065,1.135483870967742,0,0.7829479201535532,0.584517561846642,-0.39,-0.1,-0.22,-0.27,-0.32,-0.33,-0.26,-0.33,-0.35,-0.05,-0.03,-0.05,-0.06,-0.07,-0.06,-0.05,-0.04,-0.27,-0.2,-0.24,-0.24,-0.23,-0.28,-0.3,-0.28,-0.32,-0.08,-0.06,-0.07,-0.06,-0.11,-0.1,-0.09,-0.05,-0.05,-0.07,-0.05,-0.07,-0.05,-0.03,-0.09,-0.06,-0.06,-0.04,-0.04,-0.01,-0.04,-0.05,-0.04,-0.01,-0.04,-0.04,-0.06,-0.03,-3.0465168275640964,-1.0228091110905322
Q4s,8,1,0,0.52681,0.51768,0.51868,-0.00812999999999997,10,2,suited,22.0,176.0,48.0,101.0,48.0,51.0,23.0,92.0,1.9130434782608696,1.9803921568627447,3.450980392156863,2,-0.3136791437610311,0.1962699892718004,-0.25,-0.03,-0.08,-0.08,-0.17,-0.33,-0.19,-0.22,-0.27,-0.06,-0.02,-0.08,-0.02,-0.11,0.04,-0.06,-0.08,-0.19,-0.04,-0.1,-0.08,-0.19,-0.15,-0.04,-0.16,-0.25,-0.09,-0.09,-0.1,-0.08,-0.12,-0.1,-0.19,-0.11,-0.06,-0.03,-0.07,-0.09,-0.12,-0.1,0.0,-0.15,-0.03,-0.1,-0.12,-0.08,-0.1,-0.06,-0.07,-0.07,-0.01,-0.01,-0.11,-0.05,-2.4569104182300694,0.3609255807974272
Q5o,7,0,0,0.5301,0.51122,0.4978,-0.032299999999999995,10,3,offsuit,24.0,192.0,48.0,101.0,48.0,155.0,21.0,252.0,0.7619047619047619,0.6516129032258065,1.238709677419355,0,0.4519377909792164,0.744841024227042,-0.39,-0.09,-0.21,-0.22,-0.29,-0.18,-0.3,-0.34,-0.34,-0.05,-0.04,-0.03,-0.06,-0.07,-0.06,-0.04,-0.04,-0.31,-0.18,-0.21,-0.24,-0.25,-0.24,-0.3,-0.29,-0.29,-0.1,-0.06,-0.09,-0.08,-0.11,-0.09,-0.09,-0.07,-0.05,-0.07,-0.05,-0.06,-0.04,-0.04,-0.05,-0.02,-0.06,-0.06,-0.05,-0.04,-0.05,-0.04,-0.03,-0.04,-0.05,-0.05,-0.03,-0.04,-2.952626753476714,-0.8132069553508082
Q5s,7,1,0,0.53854,0.53317,0.53095,-0.007589999999999986,10,3,suited,24.0,192.0,48.0,101.0,48.0,51.0,21.0,84.0,2.2857142857142856,1.9803921568627447,3.764705882352941,2,-0.5855504685890335,0.3641477029164149,-0.15,0.04,-0.06,-0.19,-0.19,-0.42,-0.17,-0.25,-0.23,-0.09,-0.02,-0.03,-0.02,-0.02,0.0,0.0,-0.04,-0.21,0.0,-0.07,-0.12,-0.16,-0.11,-0.07,-0.25,-0.2,-0.02,-0.02,-0.08,-0.05,-0.01,-0.12,-0.11,-0.03,-0.02,0.03,0.11,-0.11,-0.08,-0.09,-0.05,-0.08,-0.15,-0.08,-0.05,-0.05,-0.07,-0.07,-0.06,-0.02,-0.07,-0.12,-0.06,-0.06,-2.016900563346467,0.378960396701641
Q6o,6,0,0,0.53887,0.51936,0.50643,-0.03243999999999991,10,4,offsuit,26.0,208.0,48.0,101.0,48.0,155.0,19.0,228.0,0.912280701754386,0.6516129032258065,1.3419354838709678,0,0.1209276618048795,0.9051644866074418,-0.38,-0.07,-0.18,-0.23,-0.28,-0.29,-0.32,-0.34,-0.35,-0.06,-0.03,-0.04,-0.05,0.04,-0.03,-0.04,-0.05,-0.28,-0.13,-0.22,-0.21,-0.26,-0.26,-0.27,-0.29,-0.29,-0.11,-0.07,-0.07,-0.08,-0.03,-0.12,-0.08,-0.06,-0.05,-0.12,-0.08,-0.06,-0.06,-0.06,-0.04,-0.07,-0.05,-0.05,-0.06,-0.08,-0.06,-0.07,-0.05,-0.06,-0.04,-0.05,-0.04,-0.04,-2.959729054204416,-0.6115459062504842
Q6s,6,1,0,0.55131,0.5456,0.53941,-0.011900000000000022,10,4,suited,26.0,208.0,48.0,101.0,48.0,51.0,19.0,76.0,2.736842105263158,1.9803921568627447,4.078431372549019,2,-0.8574217934170356,0.5320254165610296,-0.15,0.0,-0.08,-0.07,-0.13,-0.05,-0.29,-0.17,-0.2,-0.03,0.07,0.01,-0.02,-0.03,-0.11,-0.07,0.07,-0.2,-0.02,-0.08,-0.13,-0.17,-0.11,-0.03,-0.18,-0.23,-0.16,0.0,-0.08,0.03,-0.1,-0.08,-0.09,-0.09,-0.05,0.0,-0.08,-0.05,-0.07,-0.05,-0.03,-0.03,-0.1,-0.17,-0.13,0.18,0.0,-0.02,-0.03,-0.09,-0.09,-0.07,-0.05,-0.03,-1.7424424777103755,0.5867749859968505
Q7o,5,0,0,0.55387,0.53453,0.51941,-0.034459999999999935,10,5,offsuit,28.0,224.0,48.0,101.0,48.0,155.0,17.0,204.0,1.0980392156862746,0.6516129032258065,1.4451612903225806,0,-0.2100824673694573,1.0654879489878415,-0.34,-0.05,-0.17,-0.18,-0.29,-0.32,-0.33,-0.3,-0.37,-0.05,-0.04,-0.03,-0.06,-0.06,-0.03,-0.03,-0.03,-0.29,-0.12,-0.16,-0.2,-0.24,-0.23,-0.23,-0.26,-0.29,-0.11,-0.07,-0.09,-0.12,-0.1,-0.07,-0.09,-0.07,-0.07,-0.01,-0.06,-0.06,-0.05,-0.06,-0.06,-0.03,-0.08,-0.03,-0.07,-0.03,-0.06,-0.05,-0.05,-0.05,-0.07,-0.06,-0.05,-0.07,-2.855354573871597,-0.4954978422230101
Q7s,5,1,0,0.55512,0.54842,0.54071,-0.014409999999999923,10,5,suited,28.0,224.0,48.0,101.0,48.0,51.0,17.0,68.0,3.294117647058824,1.9803921568627447,4.392156862745098,2,-1.129293118245038,0.6999031302056442,-0.17,0.03,-0.01,-0.08,-0.11,-0.1,-0.17,-0.17,-0.17,0.04,0.05,0.1,-0.02,0.08,0.08,0.0,-0.05,-0.2,0.0,-0.11,-0.05,-0.12,-0.2,-0.16,-0.22,-0.2,-0.04,0.0,0.0,-0.13,-0.11,-0.09,-0.09,-0.12,0.0,-0.18,0.01,-0.11,-0.12,-0.1,0.19,-0.02,-0.07,-0.16,-0.08,0.06,-0.05,-0.13,-0.04,-0.11,-0.04,-0.03,-0.09,-0.06,-1.6111969165557798,0.8455541062055175
Q8o,4,0,0,0.56248,0.54974,0.53471,-0.02776999999999996,10,6,offsuit,30.0,240.0,48.0,101.0,48.0,155.0,15.0,180.0,1.3333333333333333,0.6516129032258065,1.5483870967741935,0,-0.541092596543794,1.2258114113682417,-0.3,-0.04,-0.14,-0.16,-0.23,-0.26,-0.24,-0.29,-0.32,-0.07,0.01,-0.01,-0.05,-0.03,-0.06,-0.05,-0.04,-0.28,-0.08,-0.12,-0.18,-0.19,-0.24,-0.26,-0.24,-0.28,-0.11,-0.05,-0.08,-0.09,-0.11,-0.12,-0.09,-0.1,-0.08,-0.02,-0.08,-0.05,-0.06,-0.08,-0.04,-0.04,-0.08,-0.07,-0.09,-0.09,-0.07,-0.05,-0.03,-0.08,-0.05,-0.07,-0.07,-0.05,-2.709326870602077,-0.0518276389876666
Q8s,4,1,0,0.56709,0.56538,0.55971,-0.007379999999999942,10,6,suited,30.0,240.0,48.0,101.0,48.0,51.0,15.0,60.0,4.0,1.9803921568627447,4.705882352941177,2,-1.40116444307304,0.8677808438502587,-0.18,0.11,0.02,0.01,-0.1,0.09,-0.11,-0.11,-0.16,0.02,0.14,0.08,0.02,0.22,0.01,-0.14,0.06,-0.1,0.04,-0.01,-0.03,-0.09,-0.17,-0.19,-0.15,-0.1,-0.07,0.11,0.03,0.02,0.14,-0.09,-0.03,-0.07,-0.02,0.04,-0.03,-0.02,-0.03,-0.12,0.04,0.22,0.01,0.04,0.02,0.03,-0.03,-0.02,0.02,-0.06,-0.08,-0.06,0.01,-0.07,-0.3390470375383055,1.0250046665539112
Q9o,3,0,0,0.57667,0.56786,0.55534,-0.02133000000000007,10,7,offsuit,32.0,256.0,48.0,101.0,48.0,155.0,13.0,156.0,1.641025641025641,0.6516129032258065,1.6516129032258065,0,-0.8721027257181307,1.3861348737486412,-0.22,0.02,-0.03,-0.14,-0.18,-0.24,-0.11,-0.24,-0.21,-0.07,0.04,0.07,-0.04,0.1,-0.06,-0.07,-0.03,-0.25,-0.02,-0.09,-0.06,-0.15,-0.22,-0.2,-0.22,-0.2,-0.11,-0.01,-0.06,-0.1,-0.06,-0.1,-0.13,-0.11,-0.03,-0.1,-0.08,-0.02,-0.06,-0.05,-0.02,-0.08,-0.04,-0.09,-0.09,-0.04,-0.04,-0.09,-0.08,-0.06,-0.09,-0.05,-0.07,-0.05,-2.070924986102441,0.6123778149015006
Q9s,3,1,0,0.57779,0.57935,0.57802,0.00022999999999995246,10,7,suited,32.0,256.0,48.0,101.0,48.0,51.0,13.0,52.0,4.923076923076923,1.9803921568627447,5.019607843137255,2,-1.673035767901042,1.0356585574948731,-0.13,0.16,0.07,0.04,0.01,-0.15,-0.03,-0.01,-0.14,0.0,0.18,0.21,0.19,0.12,0.17,0.23,0.08,-0.07,0.03,0.01,0.04,0.06,0.04,0.06,0.08,-0.02,-0.04,0.2,0.12,0.29,0.09,-0.02,0.04,0.11,0.11,0.07,0.24,-0.06,0.07,0.07,0.05,0.02,0.0,0.05,0.06,0.31,0.08,0.05,-0.07,0.09,-0.01,-0.01,-0.04,0.01,1.4692912882285205,0.9293391403441082
QJo,1,0,0,0.59413,0.5878,0.58026,-0.013870000000000049,10,9,offsuit,36.0,288.0,48.0,101.0,48.0,155.0,9.0,108.0,2.6666666666666665,0.6516129032258065,1.8580645161290323,0,-1.5341229840668047,1.7067817985094411,-0.11,0.11,0.11,0.05,0.03,0.0,-0.16,-0.07,-0.13,0.02,0.25,0.19,0.17,0.24,0.08,0.02,0.03,-0.1,0.16,0.07,0.03,-0.01,-0.14,-0.11,-0.1,-0.12,-0.1,0.12,0.11,-0.03,0.0,-0.02,-0.02,-0.08,0.14,0.01,0.06,0.06,-0.07,-0.01,0.05,0.06,0.03,-0.01,-0.1,0.01,0.12,-0.03,0.03,0.18,-0.02,-0.03,0.04,0.02,0.5430656047910742,1.5503232887643852
QJs,1,1,0,0.60251,0.60367,0.60536,0.002850000000000019,10,9,suited,36.0,288.0,48.0,101.0,48.0,51.0,9.0,36.0,8.0,1.9803921568627447,5.647058823529412,2,-2.216778417557047,1.3714139847841025,0.07,0.24,0.29,0.16,0.15,0.29,0.14,0.16,0.06,0.23,0.3,0.31,0.35,0.52,0.41,0.11,0.39,0.17,0.16,0.25,0.22,0.31,0.22,-0.04,0.12,0.06,0.15,0.31,0.27,0.15,0.45,0.2,0.25,0.11,0.34,0.39,0.26,0.18,0.13,0.16,0.3,0.26,0.3,0.2,0.3,0.35,0.29,0.21,0.13,0.25,0.25,0.2,0.21,0.34,5.703339537460105,0.9213174745843212
QQo,0,0,1,0.90621,0.85655,0.79942,-0.10678999999999994,10,10,pair,20.0,160.0,25.0,101.0,25.0,77.0,0.0,0.0,160.0,1.3116883116883118,2.0779220779220777,1,-3.413408920010814,-3.985883006310436,1.22,0.85,1.05,1.14,1.3,0.88,1.04,1.16,1.14,1.36,1.2,1.24,1.46,1.39,1.41,1.33,1.36,1.18,0.88,1.04,1.2,1.31,1.23,1.34,1.13,0.99,1.28,1.18,1.27,1.26,1.21,1.09,1.27,1.21,1.32,0.89,1.12,1.16,1.13,1.21,1.07,1.27,1.32,1.2,1.22,1.5,1.19,1.24,1.24,1.51,1.33,1.22,1.26,1.49,29.49660367690465,0.1731175991864595
QTo,2,0,0,0.58502,0.58053,0.57529,-0.009730000000000016,10,8,offsuit,34.0,272.0,48.0,101.0,48.0,155.0,11.0,132.0,2.060606060606061,0.6516129032258065,1.7548387096774194,0,-1.2031128548924677,1.5464583361290414,-0.16,0.09,0.03,-0.01,-0.04,-0.08,-0.08,-0.09,-0.14,0.01,0.15,0.14,0.06,0.02,0.11,0.01,0.03,-0.16,0.07,-0.01,-0.04,-0.04,-0.01,-0.14,-0.15,-0.14,-0.1,0.09,0.03,-0.04,-0.09,-0.06,-0.12,-0.07,0.07,-0.02,-0.09,-0.08,-0.06,-0.05,0.09,-0.09,-0.04,-0.05,-0.08,0.01,0.02,-0.1,-0.12,-0.03,-0.03,-0.03,0.02,-0.03,-0.6900161517090657,1.3664442944225716
QTs,2,1,0,0.58964,0.59259,0.59178,0.0021399999999999197,10,8,suited,34.0,272.0,48.0,101.0,48.0,51.0,11.0,44.0,6.181818181818182,1.9803921568627447,5.333333333333333,2,-1.9449070927290444,1.203536271139488,-0.03,0.2,0.13,0.15,0.16,0.27,0.11,-0.03,0.09,0.07,0.33,0.35,0.3,0.23,0.13,0.31,0.26,0.02,0.19,0.17,0.12,0.11,0.16,-0.09,0.01,0.18,0.04,0.28,0.25,0.4,0.32,0.11,0.1,0.12,0.27,0.27,0.23,0.09,0.24,0.11,0.16,0.18,0.12,0.06,0.02,0.08,0.21,0.11,0.15,0.26,0.29,0.15,0.17,0.12,4.035760610101614,1.222538782175207
T2o,8,0,0,0.40282,0.41227,0.41822,0.01539999999999997,8,0,offsuit,14.0,112.0,48.0,101.0,48.0,155.0,31.0,372.0,0.3010752688172043,0.6516129032258065,0.7225806451612903,0,2.1069884368509,-0.0567762876749573,-0.42,-0.15,-0.25,-0.3,-0.35,-0.33,-0.35,-0.37,-0.37,-0.01,-0.02,-0.03,-0.02,-0.06,-0.02,-0.02,-0.01,-0.28,-0.23,-0.26,-0.25,-0.25,-0.28,-0.26,-0.29,-0.28,-0.1,-0.03,-0.04,-0.09,-0.08,-0.06,-0.08,-0.01,-0.03,-0.04,-0.02,-0.02,-0.03,-0.02,-0.03,0.01,-0.02,-0.02,-0.02,0.01,-0.02,-0.02,-0.02,0.0,-0.02,-0.02,-0.02,-0.01,-2.7815558322713696,-1.504335279970154
T2s,8,1,0,0.40745,0.43124,0.44778,0.04033000000000003,8,0,suited,14.0,112.0,48.0,101.0,48.0,51.0,31.0,124.0,0.9032258064516128,1.9803921568627447,2.196078431372549,2,0.7738061555509776,-0.4752408653066579,-0.31,-0.08,-0.16,-0.22,-0.26,-0.29,-0.29,-0.32,-0.36,-0.1,-0.12,-0.06,-0.07,-0.08,-0.06,-0.08,-0.08,-0.29,-0.17,-0.2,-0.21,-0.24,0.04,-0.3,-0.31,-0.28,-0.11,-0.06,-0.11,-0.13,-0.14,-0.1,-0.11,-0.1,-0.11,-0.19,-0.1,-0.05,-0.11,-0.08,-0.04,-0.06,-0.06,0.02,-0.07,-0.05,-0.07,-0.04,-0.07,-0.06,-0.05,-0.1,-0.01,-0.06,-3.1733337311877734,-0.5804795043069714
T3o,7,0,0,0.40784,0.41475,0.42209,0.01425000000000004,8,1,offsuit,16.0,128.0,48.0,101.0,48.0,155.0,29.0,348.0,0.367816091954023,0.6516129032258065,0.8258064516129032,0,1.7759783076765638,0.1035471747054425,-0.41,-0.14,-0.21,-0.29,-0.34,-0.39,-0.38,-0.36,-0.41,-0.02,-0.02,-0.02,-0.02,-0.02,-0.02,-0.02,-0.01,-0.28,-0.25,-0.26,-0.26,-0.26,-0.3,-0.29,-0.25,-0.26,-0.09,-0.03,-0.05,-0.09,-0.08,-0.08,-0.07,-0.03,-0.02,-0.04,-0.04,-0.02,-0.02,-0.03,-0.02,-0.02,-0.03,-0.02,-0.01,-0.02,-0.02,-0.02,-0.01,-0.02,-0.02,-0.02,-0.03,-0.02,-2.8436895660091586,-1.4707667790329548
T3s,7,1,0,0.41869,0.43709,0.45802,0.039329999999999976,8,1,suited,16.0,128.0,48.0,101.0,48.0,51.0,29.0,116.0,1.103448275862069,1.9803921568627447,2.5098039215686274,2,0.5019348307229754,-0.3073631516620433,-0.3,-0.09,-0.19,-0.25,-0.23,-0.37,-0.09,-0.3,-0.33,-0.11,-0.07,-0.05,-0.06,-0.1,0.04,-0.02,-0.06,-0.23,-0.16,-0.21,-0.23,-0.23,-0.24,-0.24,-0.26,-0.25,-0.11,-0.08,-0.09,-0.19,-0.12,-0.1,-0.13,-0.07,-0.08,-0.22,-0.08,-0.07,-0.08,-0.04,-0.07,0.15,-0.12,-0.09,-0.04,-0.13,-0.07,-0.13,-0.03,-0.07,-0.08,-0.05,-0.04,-0.04,-3.0845419629312216,-0.6550755359186796
T4o,6,0,0,0.42026,0.42634,0.4356,0.015339999999999965,8,2,offsuit,18.0,144.0,48.0,101.0,48.0,155.0,27.0,324.0,0.4444444444444444,0.6516129032258065,0.9290322580645162,0,1.4449681785022268,0.2638706370858424,-0.41,-0.13,-0.25,-0.3,-0.35,-0.33,-0.36,-0.37,-0.37,-0.01,-0.02,-0.02,-0.02,-0.04,-0.04,-0.02,-0.03,-0.27,-0.23,-0.24,-0.25,-0.25,-0.24,-0.29,-0.28,-0.27,-0.09,-0.03,-0.05,-0.1,-0.1,-0.08,-0.09,-0.03,-0.02,-0.02,-0.02,-0.02,-0.03,-0.01,-0.02,-0.03,-0.03,0.0,0.0,-0.01,-0.02,-0.02,-0.02,-0.02,-0.02,-0.02,-0.02,-0.01,-2.786447728713814,-1.4198186081207194
T4s,6,1,0,0.43042,0.44766,0.46705,0.036629999999999996,8,2,suited,18.0,144.0,48.0,101.0,48.0,51.0,27.0,108.0,1.3333333333333333,1.9803921568627447,2.823529411764706,2,0.2300635058949732,-0.1394854380174287,-0.33,-0.07,-0.2,-0.18,-0.24,-0.24,-0.31,-0.22,-0.2,-0.06,-0.07,-0.03,-0.08,-0.07,0.04,-0.07,-0.09,-0.26,-0.16,-0.14,-0.25,-0.22,-0.25,-0.16,-0.23,-0.19,-0.12,-0.06,-0.07,-0.06,0.13,-0.14,-0.07,-0.09,-0.06,-0.08,-0.12,-0.11,-0.11,-0.08,-0.11,-0.09,-0.08,-0.12,-0.07,-0.11,-0.07,-0.07,-0.11,-0.07,-0.08,-0.13,-0.07,-0.05,-2.9087519754917754,-0.2384456186149947
T5o,5,0,0,0.43105,0.4332,0.43896,0.007910000000000028,8,3,offsuit,20.0,160.0,48.0,101.0,48.0,155.0,25.0,300.0,0.5333333333333333,0.6516129032258065,1.032258064516129,0,1.11395804932789,0.4241940994662423,-0.39,-0.11,-0.24,-0.3,-0.33,-0.38,-0.36,-0.35,-0.38,-0.02,-0.03,-0.02,-0.02,-0.02,-0.03,-0.03,-0.02,-0.29,-0.2,-0.23,-0.24,-0.24,-0.28,-0.26,-0.27,-0.29,-0.09,-0.04,-0.04,-0.1,-0.08,-0.08,-0.08,-0.03,-0.03,-0.03,-0.03,-0.03,-0.02,-0.03,-0.03,-0.03,-0.03,-0.03,-0.02,-0.03,-0.02,-0.03,-0.02,-0.03,-0.03,-0.03,-0.02,-0.02,-2.8180811508048778,-1.2599458246544022
T5s,5,1,0,0.43593,0.4526,0.47219,0.036260000000000014,8,3,suited,20.0,160.0,48.0,101.0,48.0,51.0,25.0,100.0,1.6,1.9803921568627447,3.1372549019607843,2,-0.0418078189330289,0.0283922756271858,-0.23,-0.04,-0.14,-0.22,-0.24,-0.23,-0.25,-0.25,-0.27,-0.08,-0.05,-0.06,-0.03,-0.09,-0.08,-0.04,-0.07,-0.28,-0.14,-0.2,-0.19,-0.18,0.09,-0.29,-0.18,-0.28,-0.1,-0.06,-0.11,-0.11,-0.11,-0.09,-0.13,-0.07,-0.09,-0.05,0.04,-0.04,-0.09,-0.01,-0.03,-0.16,-0.06,-0.07,-0.09,-0.09,-0.1,-0.07,-0.05,-0.07,-0.19,-0.02,-0.09,-0.04,-2.753350622399664,-0.2204991834398204
T6o,4,0,0,0.44439,0.45538,0.4633,0.018909999999999982,8,4,offsuit,22.0,176.0,48.0,101.0,48.0,155.0,23.0,276.0,0.6376811594202898,0.6516129032258065,1.135483870967742,0,0.7829479201535533,0.584517561846642,-0.36,-0.1,-0.2,-0.27,-0.28,-0.35,-0.36,-0.34,-0.35,-0.03,-0.02,-0.02,-0.02,-0.03,-0.03,0.02,-0.02,-0.3,-0.19,-0.21,-0.24,-0.23,-0.29,-0.25,-0.24,-0.28,-0.1,-0.01,-0.05,-0.1,-0.08,-0.06,-0.08,-0.04,-0.02,-0.04,0.01,-0.05,-0.03,-0.03,-0.02,-0.02,-0.03,-0.02,-0.01,-0.04,-0.02,-0.02,-0.03,-0.02,-0.02,-0.02,-0.02,-0.02,-2.625170652004619,-1.093479008391604
T6s,4,1,0,0.44958,0.47113,0.49253,0.042950000000000044,8,4,suited,22.0,176.0,48.0,101.0,48.0,51.0,23.0,92.0,1.9130434782608696,1.9803921568627447,3.450980392156863,2,-0.3136791437610311,0.1962699892718004,-0.31,-0.04,-0.07,-0.17,-0.19,-0.34,-0.13,-0.26,-0.31,-0.05,0.0,0.0,-0.03,0.22,-0.08,-0.09,-0.11,-0.19,-0.08,-0.12,-0.14,-0.17,-0.12,-0.32,-0.14,-0.26,-0.14,-0.06,-0.06,-0.1,-0.04,-0.14,-0.13,-0.12,-0.08,-0.18,-0.23,-0.01,-0.13,-0.11,-0.06,-0.04,-0.01,-0.09,-0.06,-0.02,0.0,-0.12,-0.11,-0.03,-0.08,-0.07,-0.13,-0.07,-2.623597782594643,0.260308155980965
T7o,3,0,0,0.45178,0.46579,0.47489,0.023109999999999964,8,5,offsuit,24.0,192.0,48.0,101.0,48.0,155.0,21.0,252.0,0.7619047619047619,0.6516129032258065,1.238709677419355,0,0.4519377909792164,0.744841024227042,-0.33,-0.06,-0.17,-0.22,-0.25,-0.27,-0.26,-0.28,-0.34,-0.03,-0.02,-0.01,-0.03,-0.03,-0.08,-0.01,-0.01,-0.26,-0.16,-0.2,-0.2,-0.22,-0.21,-0.27,-0.23,-0.28,-0.07,-0.05,-0.05,-0.1,-0.12,-0.09,-0.05,-0.04,-0.04,-0.07,-0.04,-0.03,-0.04,-0.03,-0.03,-0.01,-0.03,-0.04,-0.03,-0.03,-0.03,-0.03,-0.01,0.02,-0.02,-0.05,-0.03,-0.03,-2.469165414149113,-0.7560913537928612
T7s,3,1,0,0.46143,0.48366,0.50711,0.04567999999999994,8,5,suited,24.0,192.0,48.0,101.0,48.0,51.0,21.0,84.0,2.2857142857142856,1.9803921568627447,3.764705882352941,2,-0.5855504685890335,0.3641477029164149,-0.15,0.04,-0.04,-0.08,-0.16,-0.14,-0.19,-0.15,-0.28,-0.09,0.02,0.1,0.04,0.09,0.04,0.01,0.01,-0.17,-0.03,-0.05,-0.07,-0.12,-0.1,-0.13,-0.18,-0.2,-0.12,0.07,-0.06,0.07,-0.06,-0.03,-0.12,-0.07,0.02,0.01,-0.06,-0.09,-0.05,-0.04,0.08,-0.05,-0.03,-0.11,-0.06,0.02,-0.02,-0.09,-0.09,0.06,0.03,0.03,-0.01,0.06,-1.1724456468229796,0.5297237799047025
T8o,2,0,0,0.46927,0.48532,0.50083,0.03155999999999998,8,6,offsuit,26.0,208.0,48.0,101.0,48.0,155.0,19.0,228.0,0.912280701754386,0.6516129032258065,1.3419354838709678,0,0.1209276618048795,0.9051644866074418,-0.29,-0.03,-0.1,-0.19,-0.21,-0.26,-0.15,-0.28,-0.29,-0.04,0.01,0.01,-0.01,0.01,-0.01,-0.03,-0.04,-0.25,-0.06,-0.16,-0.15,-0.2,-0.24,-0.23,-0.26,-0.23,-0.11,-0.04,-0.06,-0.02,-0.12,-0.1,-0.09,-0.06,-0.04,-0.04,-0.1,-0.01,-0.04,-0.04,-0.04,0.0,0.0,-0.06,-0.06,-0.02,-0.03,-0.05,-0.04,-0.04,-0.06,-0.05,-0.03,-0.04,-2.224811117860357,-0.1493689332985592
T8s,2,1,0,0.47939,0.50486,0.52672,0.04732999999999998,8,6,suited,26.0,208.0,48.0,101.0,48.0,51.0,19.0,76.0,2.736842105263158,1.9803921568627447,4.078431372549019,2,-0.8574217934170356,0.5320254165610296,-0.16,0.12,0.01,-0.04,-0.09,-0.05,-0.09,-0.11,-0.2,0.08,0.14,0.13,0.07,0.18,0.04,0.05,0.01,-0.13,0.03,0.06,-0.04,-0.09,-0.14,-0.18,-0.13,-0.13,-0.02,0.08,0.04,0.11,-0.1,-0.06,0.0,-0.07,0.08,-0.09,-0.02,-0.07,-0.01,0.02,0.1,-0.03,0.05,-0.06,0.01,-0.11,0.11,-0.05,0.04,0.0,0.07,0.03,0.03,0.06,-0.1767997857464895,0.8264430410101966
T9o,1,0,0,0.47745,0.4963,0.51031,0.032860000000000056,8,7,offsuit,28.0,224.0,48.0,101.0,48.0,155.0,17.0,204.0,1.0980392156862746,0.6516129032258065,1.4451612903225806,0,-0.2100824673694573,1.0654879489878415,-0.31,0.03,-0.05,-0.13,-0.15,-0.16,-0.23,-0.28,-0.21,-0.07,0.04,0.05,0.01,-0.01,-0.05,-0.03,-0.06,-0.14,0.02,-0.06,-0.13,-0.14,-0.03,0.07,-0.13,-0.24,-0.09,0.0,-0.07,-0.05,-0.13,-0.11,-0.11,-0.07,-0.01,-0.07,0.03,-0.09,-0.08,-0.08,-0.05,-0.01,-0.06,-0.06,-0.07,0.03,0.01,-0.08,-0.07,0.02,-0.09,-0.09,-0.05,-0.05,-1.7232218063725964,0.6455222272944298
T9s,1,1,0,0.48797,0.51995,0.54304,0.05506999999999995,8,7,suited,28.0,224.0,48.0,101.0,48.0,51.0,17.0,68.0,3.294117647058824,1.9803921568627447,4.392156862745098,2,-1.129293118245038,0.6999031302056442,-0.1,0.12,0.1,0.05,-0.01,0.08,0.07,-0.09,-0.13,0.11,0.14,0.26,0.15,0.46,0.05,0.12,0.06,-0.08,0.17,0.03,-0.01,-0.01,-0.12,-0.06,-0.01,-0.13,-0.05,0.16,0.12,0.13,0.07,-0.01,0.02,-0.02,0.14,0.07,0.28,-0.1,-0.04,0.09,0.05,-0.01,0.06,-0.01,-0.1,0.0,0.09,0.04,0.05,0.01,0.09,0.02,0.11,0.06,1.192788196761501,1.3026537157811529
TTo,0,0,1,0.86015,0.80923,0.75306,-0.10709000000000002,8,8,pair,16.0,128.0,25.0,101.0,25.0,77.0,0.0,0.0,128.0,1.3116883116883118,1.6623376623376624,1,-3.1145107891829733,-4.335304156510545,0.37,0.63,0.64,0.69,0.58,0.51,0.37,0.51,0.37,0.56,0.79,0.83,0.81,0.87,0.75,0.62,0.6,0.38,0.63,0.71,0.65,0.6,0.4,0.42,0.44,0.41,0.43,0.79,0.68,0.56,0.42,0.45,0.38,0.52,0.77,0.8,0.63,0.4,0.55,0.45,0.65,0.27,0.62,0.5,0.42,0.32,0.56,0.46,0.46,0.6,0.65,0.54,0.62,0.5,13.702956963032186,2.7681321523547084
