hand,suited,connectedness,pair,high_card,low_card,rank_diff,hand_type,ace,broadway,low_pair,medium_pair,high_pair,suited_broadway,connector,one_gap,two_gap,suited_connector,suited_one_gap,suited_two_gap,tot_win_perc,high_card_win_perc,one_pair_win_perc,two_pair_win_perc,three_of_a_kind_win_perc,straight_win_perc,flush_win_perc,full_house_win_perc,four_of_a_kind_win_perc,straight_flush_win_perc,BB_play10,BB_play2,BB_play3,BB_play4,BB_play5,BB_play6,BB_play7,BB_play8,BB_play9,D_play10,D_play3,D_play4,D_play5,D_play6,D_play7,D_play8,D_play9,SB_play10,SB_play2,SB_play3,SB_play4,SB_play5,SB_play6,SB_play7,SB_play8,SB_play9,pos3_play10,pos3_play4,pos3_play5,pos3_play6,pos3_play7,pos3_play8,pos3_play9,pos4_play10,pos4_play5,pos4_play6,pos4_play7,pos4_play8,pos4_play9,pos5_play10,pos5_play6,pos5_play7,pos5_play8,pos5_play9,pos6_play10,pos6_play7,pos6_play8,pos6_play9,pos7_play10,pos7_play8,pos7_play9,pos8_play10,pos8_play9,pos9_play10
22o,0,0,1,0,0,0,pair,0,0,1,0,0,0,0,0,0,0,0,0,0.5034048032628144,0.0,0.239249613942051,0.3408359465472188,0.2150730949068056,0.0127444055531998,0.0237693154977248,0.1516368678058118,0.0165227224329268,0.000168033314261,-0.1,-0.01,-0.21,-0.18,-0.2,-0.2,-0.19,-0.16,-0.1,-0.12,-0.01,-0.07,-0.06,0.06,-0.11,0.02,-0.08,-0.12,-0.12,-0.15,-0.17,-0.15,-0.34,0.01,-0.08,-0.11,-0.12,-0.12,-0.16,-0.08,-0.08,-0.15,-0.14,-0.03,-0.09,-0.05,-0.03,-0.04,-0.05,-0.04,0.0,-0.06,-0.02,-0.16,0.02,-0.06,0.11,-0.01,0.02,0.03,-0.04,-0.05,-0.03,0.0
32o,0,1,0,1,0,1,offsuit,0,0,0,0,0,0,1,0,0,0,0,0,0.311480650629242,0.0,0.2837193799552394,0.3822802984337872,0.0912910707709227,0.1356572890640651,0.0412653749101456,0.0619405810479014,0.0034895646614351,0.0003564411565032,-0.41,-0.2,-0.29,-0.32,-0.38,-0.32,-0.38,-0.38,-0.37,-0.04,-0.04,-0.04,-0.04,-0.05,-0.07,-0.04,-0.03,-0.29,-0.25,-0.28,-0.28,-0.28,-0.28,-0.29,-0.29,-0.29,-0.07,-0.06,-0.07,-0.14,-0.06,-0.08,-0.08,-0.05,-0.03,-0.07,-0.04,-0.04,-0.05,-0.04,-0.06,-0.05,-0.04,-0.03,-0.04,-0.04,-0.03,-0.04,-0.04,-0.03,-0.05,-0.04,-0.04,-0.03
32s,1,1,0,1,0,1,suited,0,0,0,0,0,0,1,0,0,1,0,0,0.3512385798205122,0.0,0.2411906374688671,0.3303394563950946,0.0798769938221039,0.1118154460785718,0.1759587826951177,0.0547262155571428,0.0030832797492009,0.0030091882339008,-0.33,-0.12,-0.24,-0.29,-0.3,-0.36,-0.33,-0.26,-0.29,-0.1,-0.06,-0.08,-0.12,-0.01,-0.13,-0.08,-0.08,-0.17,-0.21,-0.2,-0.24,-0.25,-0.31,-0.2,-0.32,-0.2,-0.14,-0.12,-0.14,-0.15,-0.08,-0.18,-0.15,-0.08,-0.08,-0.08,-0.08,-0.13,-0.1,-0.1,-0.06,-0.12,-0.12,-0.12,-0.08,-0.1,-0.1,-0.16,-0.09,-0.09,-0.11,-0.07,-0.07,-0.08
33o,0,0,1,1,1,0,pair,0,0,1,0,0,0,0,0,0,0,0,0,0.5375723796958051,0.0,0.2521334359005411,0.3481351091902522,0.198863029949646,0.0185610506794421,0.0234047827241192,0.1432227347482884,0.0154424209084111,0.0002374358992996,-0.16,0.02,-0.08,-0.17,-0.13,-0.16,-0.1,-0.25,-0.14,0.03,0.0,0.04,-0.01,-0.09,0.01,-0.07,0.0,-0.1,-0.02,-0.11,-0.17,-0.17,-0.24,-0.19,-0.15,-0.19,-0.07,-0.03,-0.12,-0.13,-0.08,-0.06,-0.08,-0.04,0.0,-0.16,-0.04,-0.09,-0.06,-0.01,-0.02,-0.07,0.02,-0.02,-0.05,0.06,-0.07,-0.09,-0.01,-0.04,0.01,0.06,-0.02,-0.04
42o,0,2,0,2,0,2,offsuit,0,0,0,0,0,0,0,1,0,0,0,0,0.3209602617932237,0.0,0.2853392888402886,0.3762844046698111,0.0883603128225361,0.1447843756758229,0.0410150573260922,0.0604105545879803,0.0033894354486554,0.000416570628813,-0.4,-0.19,-0.25,-0.3,-0.36,-0.37,-0.37,-0.39,-0.37,-0.02,-0.04,-0.02,-0.02,-0.02,-0.02,-0.03,-0.03,-0.26,-0.23,-0.26,-0.26,-0.25,-0.21,-0.26,-0.24,-0.28,-0.09,-0.04,-0.05,-0.07,-0.08,-0.08,-0.08,-0.02,-0.02,-0.04,-0.02,-0.02,-0.02,-0.02,-0.02,-0.02,-0.02,-0.03,-0.02,-0.03,-0.02,-0.02,-0.02,-0.02,-0.02,-0.02,-0.02,-0.02
42s,1,2,0,2,0,2,suited,0,0,0,0,0,0,0,1,0,0,1,0,0.3601477526334087,0.0,0.2437893124812215,0.3267804102542536,0.0776948804970287,0.1198461630883392,0.1722388003352686,0.0536382479224501,0.0030096122664049,0.0030025731550331,-0.26,-0.11,-0.25,-0.23,-0.27,-0.41,-0.26,-0.35,-0.32,-0.03,-0.06,-0.09,-0.1,-0.13,-0.1,-0.08,-0.09,-0.29,-0.19,-0.24,-0.24,-0.25,-0.28,-0.21,-0.26,-0.25,-0.18,-0.1,-0.09,-0.19,-0.19,-0.12,-0.12,-0.1,-0.1,-0.03,-0.06,-0.12,0.04,-0.06,-0.11,-0.08,-0.12,-0.09,-0.09,-0.1,-0.13,-0.1,0.03,-0.05,-0.1,-0.07,-0.05,-0.06
43o,0,1,0,2,1,1,offsuit,0,0,0,0,0,0,1,0,0,0,0,0,0.3417095448925863,0.0,0.2775334921199071,0.355546377499154,0.0826813849536454,0.1841032253444313,0.0395018591072573,0.0569927419124958,0.0031834352508081,0.0004574838123008,-0.36,-0.17,-0.27,-0.3,-0.34,-0.34,-0.34,-0.37,-0.35,-0.04,-0.04,-0.04,-0.04,-0.04,-0.02,-0.01,-0.04,-0.27,-0.24,-0.26,-0.26,-0.28,-0.23,-0.24,-0.3,-0.26,-0.09,-0.04,-0.06,-0.11,-0.15,-0.08,-0.08,-0.07,-0.05,-0.07,-0.07,-0.06,-0.02,-0.03,-0.05,0.0,-0.03,-0.01,-0.04,-0.07,-0.03,-0.03,-0.04,-0.03,-0.03,-0.02,-0.04,-0.03
43s,1,1,0,2,1,1,suited,0,0,0,0,0,0,1,0,0,1,0,0,0.37938884161559,0.0,0.2397102740417615,0.3121044541121124,0.0734867035965759,0.1541819047607953,0.1623570343505225,0.0511479591423142,0.0028571742991373,0.0041544956967807,-0.22,-0.06,-0.2,-0.2,-0.25,-0.31,-0.27,-0.26,-0.26,-0.11,-0.08,-0.08,-0.12,0.1,-0.08,-0.15,-0.01,-0.25,-0.17,-0.2,-0.23,-0.25,-0.27,-0.23,-0.23,-0.21,-0.03,-0.04,-0.08,-0.07,-0.16,-0.11,-0.1,-0.05,-0.09,-0.2,-0.15,-0.05,-0.07,-0.06,-0.1,-0.09,-0.12,-0.08,-0.09,-0.1,-0.05,-0.1,-0.09,-0.07,-0.06,-0.04,-0.1,-0.06
44o,0,0,1,2,2,0,pair,0,0,1,0,0,0,0,0,0,0,0,0,0.5713212923508455,0.0,0.263060463384422,0.3547412232311674,0.1847616607468996,0.0237052504933577,0.0230030511911774,0.1359244429110255,0.014505387958695,0.0002985200832551,-0.1,0.07,-0.01,-0.1,-0.09,-0.13,-0.14,-0.08,-0.2,-0.03,0.13,0.04,0.07,0.03,-0.02,-0.05,-0.08,0.05,0.04,-0.06,-0.08,-0.12,-0.09,-0.09,-0.09,-0.04,-0.08,0.06,-0.03,0.16,-0.17,-0.1,-0.01,-0.06,0.0,-0.09,-0.01,-0.14,-0.08,-0.01,0.27,-0.12,-0.12,-0.07,0.1,0.12,-0.04,-0.03,0.02,-0.01,0.0,0.02,0.04,-0.06
52o,0,3,0,3,0,3,offsuit,0,0,0,0,0,0,0,0,1,0,0,0,0.3324916297135492,0.0042798344430099,0.2881451132111844,0.3687816094376148,0.0852226077784494,0.1507816783251674,0.0404490380259213,0.0585918573950085,0.0032779785918045,0.0004702827918394,-0.37,-0.18,-0.25,-0.32,-0.34,-0.34,-0.36,-0.33,-0.37,-0.02,-0.02,-0.02,-0.02,-0.02,-0.05,-0.03,-0.02,-0.25,-0.23,-0.24,-0.27,-0.27,-0.29,-0.28,-0.29,-0.28,-0.09,-0.04,-0.04,-0.1,-0.07,-0.06,-0.07,-0.02,-0.02,-0.04,-0.03,-0.03,-0.02,-0.03,-0.07,-0.01,-0.02,-0.02,-0.01,-0.02,-0.02,-0.02,-0.02,-0.02,-0.02,-0.01,-0.01,-0.01
52s,1,3,0,3,0,3,suited,0,0,0,0,0,0,0,0,1,0,0,1,0.3709577472629659,0.0034910560033721,0.2475013470927072,0.3221022289213336,0.0753607781790672,0.1254589673024771,0.1678593779384513,0.0523222816952415,0.0029273646981689,0.0029765981691806,-0.3,-0.12,-0.2,-0.23,-0.28,-0.39,-0.32,-0.3,-0.35,-0.02,-0.06,-0.06,-0.09,-0.17,-0.07,-0.07,-0.1,-0.22,-0.23,-0.24,-0.25,-0.25,-0.27,-0.25,-0.29,-0.28,-0.12,-0.11,-0.12,-0.3,-0.18,0.05,-0.1,-0.11,-0.07,-0.13,-0.09,-0.1,-0.08,-0.06,-0.17,-0.04,-0.07,-0.07,-0.09,0.0,-0.06,-0.01,-0.1,-0.07,-0.06,-0.02,0.04,-0.07
53o,0,2,0,3,1,2,offsuit,0,0,0,0,0,0,0,1,0,0,0,0,0.3535422169281466,0.0037800050572611,0.2797106916499086,0.3489381563335553,0.0798736794749535,0.1900000583773461,0.038739836698145,0.0553694519629641,0.0030839673578036,0.0005041530880623,-0.33,-0.15,-0.24,-0.28,-0.33,-0.33,-0.32,-0.28,-0.37,-0.04,-0.02,-0.03,-0.02,-0.03,0.0,-0.02,-0.02,-0.24,-0.23,-0.23,-0.25,-0.25,-0.14,-0.26,-0.3,-0.26,-0.07,-0.03,-0.04,-0.1,-0.07,-0.08,-0.08,-0.03,-0.02,-0.06,-0.03,-0.02,-0.04,-0.02,-0.04,-0.03,-0.03,-0.03,-0.02,-0.01,-0.02,-0.02,0.01,-0.03,-0.02,-0.03,-0.02,-0.03
53s,1,2,0,3,1,2,suited,0,0,0,0,0,0,0,1,0,0,1,0,0.3905037588865413,0.0031142358961088,0.2427009788159368,0.3078270751443138,0.0713394482796497,0.1598333988589126,0.1583651712572882,0.0499385584940001,0.0027816811031598,0.0040994521506298,-0.26,-0.07,-0.16,-0.21,-0.24,-0.12,-0.24,-0.28,-0.18,-0.03,-0.08,-0.07,-0.04,-0.07,0.01,-0.04,-0.05,-0.23,-0.15,-0.25,-0.2,-0.19,-0.28,-0.28,-0.31,-0.2,-0.08,-0.09,-0.05,0.02,-0.12,-0.13,-0.13,-0.06,-0.06,0.03,-0.09,-0.07,-0.02,0.04,-0.12,-0.1,-0.05,-0.05,-0.03,0.14,0.07,-0.02,-0.1,-0.04,0.04,-0.08,-0.07,-0.08
54o,0,1,0,3,2,1,offsuit,0,0,0,0,0,0,1,0,0,0,0,0,0.3737763132299329,0.0034955565668796,0.2722243602570467,0.3316991236563911,0.075222354809997,0.2236448079906035,0.0376866735434065,0.0525725020329718,0.0029152717497597,0.0005393493929439,-0.32,-0.13,-0.19,-0.26,-0.3,-0.27,-0.32,-0.31,-0.33,-0.06,-0.02,-0.04,-0.04,-0.07,-0.04,-0.05,-0.05,-0.27,-0.22,-0.24,-0.25,-0.26,-0.23,-0.27,-0.27,-0.27,-0.08,-0.06,-0.07,-0.13,0.01,-0.1,-0.09,-0.06,-0.06,-0.05,-0.05,-0.05,-0.05,-0.05,-0.06,-0.06,-0.03,-0.04,-0.03,-0.11,-0.03,-0.04,-0.06,-0.06,-0.03,-0.04,-0.04,0.03
54s,1,1,0,3,2,1,suited,0,0,0,0,0,0,1,0,0,1,0,0,0.4092317228706018,0.0029062870955255,0.2384010230486902,0.2953032960383825,0.0678019000184087,0.1899796224362632,0.1499852703579695,0.0478491998223297,0.002653610857942,0.0051197903244884,-0.15,-0.05,-0.13,-0.11,-0.15,-0.18,-0.06,-0.31,-0.2,0.0,-0.04,-0.03,-0.07,0.06,0.01,0.02,-0.06,-0.2,-0.12,-0.18,-0.16,-0.17,0.36,-0.16,-0.14,-0.18,-0.07,0.0,-0.1,-0.12,-0.02,-0.2,-0.13,-0.01,-0.01,0.04,-0.1,-0.06,-0.12,-0.04,-0.03,-0.14,-0.05,-0.07,-0.07,-0.08,0.0,0.09,-0.01,-0.09,0.12,-0.03,0.01,0.0
55o,0,0,1,3,3,0,pair,0,0,1,0,0,0,0,0,0,0,0,0,0.6046831233741937,0.0,0.2724071767370079,0.3607896096473678,0.1723716515160267,0.0282762702953166,0.0225864411405518,0.1295300949752296,0.013685947936962,0.0003528077515373,-0.12,0.13,-0.05,-0.03,0.02,-0.06,-0.08,-0.21,0.01,0.08,0.26,0.13,0.06,0.03,0.17,0.09,-0.02,-0.02,0.08,0.02,0.0,-0.02,-0.14,-0.16,0.02,-0.11,0.01,0.09,0.06,-0.03,-0.08,-0.05,0.06,-0.02,0.08,0.02,0.01,-0.15,0.17,-0.04,-0.07,0.05,0.01,-0.03,-0.02,0.01,0.04,0.01,0.0,0.01,0.06,-0.04,0.0,0.01
62o,0,4,0,4,0,4,offsuit,0,0,0,0,0,0,0,0,0,0,0,0,0.3305992555332424,0.0136094442262028,0.3137637565686266,0.3820823916154744,0.0862078024485893,0.1000482094339202,0.0414359145746674,0.0590784679790607,0.0033019878848893,0.0004720252685689,-0.41,-0.17,-0.26,-0.33,-0.35,-0.38,-0.39,-0.38,-0.39,-0.01,-0.01,-0.01,-0.01,-0.01,-0.02,-0.02,-0.02,-0.27,-0.23,-0.25,-0.25,-0.26,-0.26,-0.28,-0.26,-0.27,-0.09,-0.03,-0.04,-0.06,-0.07,-0.1,-0.07,-0.01,-0.01,-0.02,-0.02,-0.02,-0.03,-0.02,-0.03,-0.02,-0.01,-0.01,-0.01,-0.02,-0.01,-0.01,-0.01,-0.02,-0.02,-0.01,-0.01,-0.01
62s,1,4,0,4,0,4,suited,0,0,0,0,0,0,0,0,0,0,0,0,0.3692876174646337,0.0111193229076913,0.2689191652177323,0.3333552813205603,0.0761319537679295,0.0829980044442067,0.1701848576306027,0.052702488122818,0.0029456944922888,0.0016432320961701,-0.32,-0.11,-0.2,-0.26,-0.22,-0.21,-0.34,-0.31,-0.32,-0.1,-0.08,-0.08,-0.08,0.02,-0.08,-0.1,-0.05,-0.25,-0.22,-0.22,-0.27,-0.26,-0.25,-0.32,-0.32,-0.31,-0.08,-0.07,-0.13,-0.15,-0.15,-0.11,-0.11,-0.08,-0.09,-0.11,-0.07,-0.05,-0.08,-0.08,-0.07,-0.12,-0.07,-0.08,-0.1,-0.06,-0.11,-0.08,-0.07,-0.06,-0.06,-0.07,-0.05,-0.08
63o,0,3,0,4,1,3,offsuit,0,0,0,0,0,0,0,0,1,0,0,0,0.351864975602353,0.0126252414586475,0.3039419573983682,0.3610854103021036,0.0807178389548663,0.1423602214847415,0.0398909110839655,0.0557674182696841,0.0031031750351694,0.0005078260124534,-0.37,-0.17,-0.25,-0.29,-0.34,-0.36,-0.35,-0.36,-0.33,-0.03,-0.01,-0.02,-0.02,-0.01,-0.03,-0.02,-0.03,-0.25,-0.23,-0.26,-0.25,-0.25,-0.25,-0.28,-0.28,-0.25,-0.1,-0.03,-0.05,-0.11,-0.11,-0.07,-0.07,-0.03,-0.02,-0.04,-0.04,-0.03,-0.02,-0.02,-0.03,-0.01,-0.02,-0.02,-0.02,-0.03,-0.02,-0.01,-0.02,-0.03,-0.03,-0.02,-0.03,-0.02
63s,1,3,0,4,1,3,suited,0,0,0,0,0,0,0,0,1,0,0,1,0.3890135204993843,0.0104235595180548,0.2632761377005861,0.3183373412014427,0.0720309442043839,0.1195636473359068,0.1604688077233036,0.0502681255688562,0.0027973013022843,0.002834135445181,-0.3,-0.06,-0.16,-0.18,-0.19,-0.12,-0.23,-0.16,-0.19,0.05,-0.03,-0.07,-0.06,-0.06,0.01,-0.08,0.07,-0.21,-0.15,-0.19,-0.23,-0.2,-0.31,-0.23,-0.22,-0.28,-0.12,-0.09,-0.11,-0.1,-0.08,-0.06,-0.13,-0.15,-0.09,-0.11,0.01,-0.05,-0.1,-0.05,-0.04,-0.05,-0.03,-0.07,-0.12,-0.12,-0.11,-0.03,-0.07,-0.04,-0.09,-0.08,-0.05,-0.01
64o,0,2,0,4,2,2,offsuit,0,0,0,0,0,0,0,1,0,0,0,0,0.372431647287563,0.0113463526909262,0.2947210262739126,0.342967075450885,0.0759661700964825,0.1801002630257048,0.0385071781707453,0.0529196900075177,0.0029317880630206,0.0005404562208049,-0.33,-0.16,-0.23,-0.28,-0.3,-0.34,-0.32,-0.31,-0.32,-0.03,-0.02,-0.02,-0.04,-0.04,-0.03,-0.03,-0.02,-0.27,-0.2,-0.25,-0.25,-0.24,-0.28,-0.24,-0.29,-0.28,-0.07,-0.03,-0.05,-0.07,-0.09,-0.08,-0.07,-0.02,-0.03,-0.03,-0.05,-0.03,-0.03,-0.03,-0.04,-0.03,-0.04,-0.02,-0.02,-0.04,-0.02,-0.02,-0.02,-0.02,-0.02,-0.03,-0.03,-0.02
64s,1,2,0,4,2,2,suited,0,0,0,0,0,0,0,1,0,0,1,0,0.4080900167771625,0.0094526424515511,0.2576527371631295,0.3051085974395662,0.0684065723452597,0.1527841806985117,0.1518800895022433,0.0481324382745584,0.0026667625246423,0.0039159796005373,-0.21,-0.07,-0.08,-0.16,-0.14,-0.23,-0.26,-0.24,-0.25,-0.03,-0.06,-0.05,-0.03,-0.03,-0.05,-0.06,0.05,-0.18,-0.12,-0.14,-0.22,-0.17,-0.2,-0.2,-0.19,-0.22,0.06,-0.08,-0.07,-0.15,-0.09,-0.08,-0.07,-0.05,-0.06,0.03,-0.03,0.04,-0.04,-0.06,-0.01,-0.2,-0.05,-0.09,-0.02,-0.07,-0.09,-0.09,0.04,-0.03,-0.05,-0.03,0.03,-0.02
65o,0,1,0,4,3,1,offsuit,0,0,0,0,0,0,1,0,0,0,0,0,0.3931800699533154,0.012383757999469,0.2870886691303102,0.3261172467890534,0.0716186604474067,0.2120530963060779,0.0371318116120654,0.0502656713627193,0.0027725940408017,0.0005684923120959,-0.31,-0.08,-0.19,-0.24,-0.28,-0.28,-0.31,-0.29,-0.33,-0.03,-0.02,-0.03,-0.05,-0.16,-0.08,-0.06,-0.04,-0.27,-0.19,-0.21,-0.25,-0.25,-0.28,-0.27,-0.25,-0.24,-0.07,-0.08,-0.07,-0.15,-0.09,-0.05,-0.07,-0.05,-0.06,-0.06,-0.08,-0.05,-0.05,-0.05,-0.06,-0.01,-0.03,-0.06,-0.04,-0.04,-0.06,-0.07,-0.05,-0.04,-0.04,-0.05,-0.04,-0.05
65s,1,1,0,4,3,1,suited,0,0,0,0,0,0,1,0,0,1,0,0,0.427283250224239,0.0103996190291393,0.2531176055763761,0.292580002648959,0.0650388264389415,0.1815302401646672,0.1437959926019378,0.0461049676525162,0.0025433374470241,0.0048894084404385,-0.22,-0.04,-0.07,-0.15,-0.14,-0.14,-0.2,-0.18,-0.13,-0.04,0.05,0.0,0.01,0.13,-0.18,-0.07,-0.05,-0.15,-0.13,-0.06,-0.13,-0.18,-0.16,-0.14,-0.26,-0.11,-0.08,-0.05,-0.03,0.07,-0.02,-0.08,-0.12,-0.06,0.0,-0.02,-0.11,-0.1,-0.11,-0.05,0.01,0.06,-0.08,-0.03,-0.06,-0.05,-0.04,-0.1,-0.14,0.08,-0.05,-0.02,0.03,0.07
66o,0,0,1,4,4,0,pair,0,0,1,0,0,0,0,0,0,0,0,0,0.6344194493631465,0.0,0.2809665782297411,0.3672166541605052,0.164784847171949,0.0268962859099289,0.02231364674415,0.1244606976852775,0.013025700642785,0.0003355894556631,-0.06,0.22,0.14,0.08,0.03,-0.07,-0.07,-0.05,-0.04,0.13,0.26,0.19,0.16,0.12,-0.03,0.14,0.03,-0.01,0.21,0.17,0.04,0.01,0.05,0.05,-0.05,-0.07,-0.02,0.17,0.09,-0.04,0.07,0.07,0.02,0.08,0.09,0.02,-0.15,0.03,0.08,0.2,0.03,0.09,0.02,0.02,0.13,0.06,0.08,0.04,0.05,0.09,0.07,-0.02,0.08,0.06
72o,0,5,0,5,0,5,offsuit,0,0,0,0,0,0,0,0,0,0,0,0,0.3364369379879262,0.0268803207456618,0.3390097325101732,0.3860409394789774,0.0856377923994714,0.0591472326512888,0.0413994305711018,0.0581655685948482,0.0032563598611956,0.0004626231872814,-0.41,-0.19,-0.26,-0.33,-0.37,-0.39,-0.36,-0.35,-0.39,-0.01,-0.02,-0.01,-0.02,-0.03,-0.01,-0.02,-0.02,-0.27,-0.24,-0.25,-0.25,-0.25,-0.3,-0.29,-0.27,-0.27,-0.08,-0.03,-0.04,-0.07,-0.1,-0.08,-0.08,-0.03,-0.02,-0.02,-0.01,-0.01,-0.02,-0.01,-0.02,-0.01,-0.01,-0.02,-0.02,-0.01,0.01,-0.01,-0.01,-0.01,-0.02,-0.02,-0.02,-0.02
72s,1,5,0,5,0,5,suited,0,0,0,0,0,0,0,0,0,0,0,0,0.3747555149441274,0.0220554663208728,0.2909218097343671,0.3377727249634232,0.0758183779334776,0.0489653290070037,0.1691513574935176,0.0520444709333782,0.0029136725576103,0.0003567910563492,-0.34,-0.17,-0.22,-0.24,-0.37,-0.22,-0.2,-0.32,-0.25,-0.07,-0.07,-0.06,-0.05,0.0,-0.02,-0.05,-0.07,-0.26,-0.24,-0.26,-0.28,-0.25,-0.24,-0.3,-0.27,-0.29,-0.12,-0.13,-0.11,-0.18,-0.16,-0.14,-0.09,-0.08,-0.08,-0.1,-0.17,-0.09,-0.09,-0.08,-0.1,-0.07,-0.08,-0.03,-0.06,-0.1,-0.07,-0.03,-0.05,-0.07,-0.04,-0.07,-0.06,-0.08
73o,0,4,0,5,1,4,offsuit,0,0,0,0,0,0,0,0,0,0,0,0,0.3578206820761074,0.0252798136115578,0.3289100024473685,0.3652497058822648,0.0803217653141672,0.1018685401506077,0.0398660240319683,0.0549436141221011,0.0030624697942441,0.0004980646457199,-0.42,-0.16,-0.26,-0.32,-0.37,-0.24,-0.39,-0.33,-0.39,-0.01,-0.02,-0.01,-0.02,-0.03,-0.02,-0.01,-0.02,-0.26,-0.24,-0.24,-0.26,-0.26,-0.32,-0.28,-0.29,-0.29,-0.08,-0.04,-0.04,-0.09,-0.05,-0.08,-0.06,-0.03,-0.02,-0.05,-0.01,-0.01,-0.03,-0.02,-0.03,-0.01,-0.01,-0.02,-0.01,-0.02,-0.02,-0.02,-0.01,-0.01,-0.01,-0.02,-0.01,0.0
73s,1,4,0,5,1,4,suited,0,0,0,0,0,0,0,0,0,0,0,0,0.3945994741560992,0.0209535557585414,0.2851911607234527,0.3228387788203328,0.0718372210642581,0.0855830200293761,0.1595756897770113,0.0496609473797191,0.0027680875691163,0.0015915388781919,-0.34,-0.09,-0.26,-0.25,-0.29,-0.36,-0.3,-0.31,-0.22,-0.08,-0.06,-0.07,-0.04,-0.03,-0.11,-0.05,-0.04,-0.27,-0.17,-0.2,-0.25,-0.23,0.16,-0.21,-0.29,-0.3,-0.12,-0.1,-0.13,-0.1,-0.13,-0.09,-0.1,-0.1,-0.09,-0.09,-0.16,-0.11,-0.09,-0.06,-0.09,-0.14,-0.08,-0.09,-0.1,-0.13,-0.09,-0.06,-0.05,-0.08,-0.04,-0.08,-0.1,-0.1
74o,0,3,0,5,2,3,offsuit,0,0,0,0,0,0,0,0,1,0,0,0,0.3784789837051736,0.0233921452783387,0.3185558296293181,0.3471245319944006,0.0756579202951836,0.1411694398910803,0.0384973298818879,0.052176786676288,0.0028955433880791,0.0005304729654234,-0.38,-0.13,-0.23,-0.29,-0.34,-0.33,-0.36,-0.32,-0.37,-0.02,-0.04,-0.02,-0.02,-0.03,-0.02,-0.02,-0.02,-0.27,-0.23,-0.25,-0.25,-0.25,-0.29,-0.27,-0.28,-0.26,-0.07,-0.03,-0.06,-0.04,-0.05,-0.05,-0.07,-0.03,-0.02,-0.02,-0.03,-0.04,-0.02,-0.02,-0.03,-0.03,-0.01,-0.02,-0.01,-0.01,0.0,-0.02,-0.01,-0.02,-0.02,-0.01,-0.02,-0.02
74s,1,3,0,5,2,3,suited,0,0,0,0,0,0,0,0,1,0,0,1,0.4137668462778025,0.0195604329378651,0.2787130532738877,0.3095283052044552,0.0682642952770116,0.1198799548972559,0.15112587094638,0.0475749772071603,0.0026402920121414,0.0027128182438424,-0.24,-0.09,-0.2,-0.16,-0.24,-0.22,-0.13,-0.25,-0.18,-0.07,-0.07,-0.08,-0.02,-0.07,-0.04,-0.09,-0.05,-0.17,-0.2,-0.2,-0.2,-0.24,0.02,-0.24,-0.19,-0.19,-0.1,-0.07,-0.1,-0.15,-0.03,-0.12,-0.08,-0.1,-0.11,-0.09,-0.16,-0.2,-0.09,-0.08,-0.1,-0.14,-0.17,0.04,0.06,-0.08,-0.06,-0.08,-0.06,-0.07,-0.07,-0.04,-0.06,0.03
75o,0,2,0,5,3,2,offsuit,0,0,0,0,0,0,0,1,0,0,0,0,0.399411737984215,0.0231730622615258,0.3091449516613383,0.3302595852948899,0.0713796524235028,0.1759954028337464,0.0371433947133878,0.0496046119503651,0.0027408347296759,0.0005585041315677,-0.35,-0.1,-0.2,-0.26,-0.29,-0.34,-0.33,-0.32,-0.35,-0.03,-0.02,-0.03,-0.02,-0.04,-0.03,-0.01,-0.03,-0.27,-0.21,-0.25,-0.25,-0.25,-0.24,-0.27,-0.27,-0.23,-0.07,-0.04,-0.04,-0.03,-0.04,-0.05,-0.07,-0.02,-0.03,-0.05,-0.07,-0.04,-0.03,-0.02,-0.03,0.03,-0.01,0.01,-0.02,-0.04,-0.03,-0.04,-0.01,-0.04,-0.02,-0.02,-0.02,-0.02
75s,1,2,0,5,3,2,suited,0,0,0,0,0,0,0,1,0,0,1,0,0.4331501095430522,0.0195300921641347,0.2727420357034372,0.2969159654490071,0.0649348664201154,0.1508434622052125,0.1431839293465305,0.0456007665744145,0.0025197870595602,0.0037290950775875,-0.24,0.03,-0.16,-0.18,-0.11,-0.23,-0.13,-0.17,-0.23,0.07,0.01,-0.01,0.01,0.1,-0.07,-0.04,-0.03,-0.16,-0.13,-0.07,-0.18,-0.22,-0.19,-0.1,-0.21,-0.15,-0.14,-0.08,-0.09,-0.2,-0.15,-0.03,-0.08,-0.08,-0.04,-0.28,-0.07,-0.08,-0.11,-0.03,-0.02,-0.04,-0.12,-0.06,-0.06,-0.12,-0.01,-0.04,-0.1,-0.02,0.04,-0.05,-0.14,-0.08
76o,0,1,0,5,4,1,offsuit,0,0,0,0,0,0,1,0,0,0,0,0,0.4188983691443617,0.0237209822020281,0.3066801560305898,0.3173402394402292,0.0679148991858857,0.1979297570774151,0.0359451615111543,0.0473341145429076,0.0026040609022993,0.0005306291074906,-0.32,-0.04,-0.13,-0.22,-0.26,-0.23,-0.32,-0.3,-0.3,-0.05,-0.01,-0.05,-0.05,-0.08,-0.08,-0.06,-0.03,-0.25,-0.17,-0.18,-0.21,-0.22,-0.3,-0.24,-0.23,-0.24,-0.07,-0.07,-0.08,-0.04,-0.1,-0.1,-0.1,-0.07,-0.04,-0.09,-0.07,-0.05,-0.05,-0.04,-0.05,-0.06,-0.04,-0.05,-0.01,-0.04,-0.05,-0.05,-0.05,-0.04,-0.03,-0.03,-0.02,-0.02
76s,1,1,0,5,4,1,suited,0,0,0,0,0,0,1,0,0,1,0,0,0.4512383408083604,0.0201141716002176,0.2724894656964929,0.2873148232002857,0.0622181658063173,0.171013441004561,0.1360135331705335,0.0438193298491924,0.0024109249269417,0.0046061447454576,-0.1,0.04,-0.12,-0.04,-0.17,-0.14,-0.06,-0.14,-0.03,0.12,0.09,0.05,0.0,0.02,0.03,-0.01,0.06,-0.17,-0.03,-0.1,-0.11,-0.1,-0.16,-0.29,-0.07,-0.12,-0.04,0.02,0.02,-0.03,-0.2,0.08,0.05,-0.02,0.03,-0.19,-0.05,-0.04,-0.11,-0.04,-0.15,-0.12,-0.07,0.1,-0.03,0.29,0.13,0.0,0.0,0.0,-0.06,0.03,-0.08,0.0
77o,0,0,1,5,5,0,pair,0,0,0,1,0,0,0,0,0,0,0,0,0.6640355861919338,0.0,0.2891122327862174,0.3731221325997345,0.1573800639329771,0.0256582531371977,0.0220475068417544,0.1199214257490651,0.0124382426392629,0.0003201423137906,-0.01,0.3,0.25,0.16,0.15,-0.05,-0.06,-0.03,0.04,0.15,0.41,0.36,0.28,0.13,0.19,0.29,0.16,-0.06,0.3,0.25,0.15,0.18,0.07,-0.09,0.03,0.01,0.03,0.33,0.17,0.03,0.21,0.05,0.0,0.11,0.3,0.16,0.01,0.24,0.19,0.07,0.09,0.03,0.06,0.03,0.14,0.28,0.13,0.05,0.11,0.24,0.03,0.19,0.16,0.16
82o,0,6,0,6,0,6,offsuit,0,0,0,0,0,0,0,0,0,0,0,0,0.3606373120390695,0.0374968567478463,0.3526697202980306,0.3685559435722159,0.0814478844915272,0.0627547179705558,0.0392327952982434,0.0543535624680359,0.003058150270788,0.0004303688827566,-0.4,-0.18,-0.27,-0.32,-0.37,-0.33,-0.36,-0.36,-0.41,-0.01,-0.02,-0.01,-0.01,-0.02,-0.02,-0.02,-0.01,-0.27,-0.23,-0.25,-0.26,-0.26,-0.25,-0.27,-0.26,-0.28,-0.08,-0.03,-0.04,-0.09,-0.08,-0.04,-0.09,0.02,-0.01,-0.03,-0.01,-0.01,-0.02,-0.01,-0.03,-0.01,0.0,-0.01,-0.01,-0.02,-0.01,-0.01,-0.02,-0.01,-0.01,-0.01,-0.01,-0.01
82s,1,6,0,6,0,6,suited,0,0,0,0,0,0,0,0,0,0,0,0,0.3973965346584561,0.0311181087345614,0.3054226094993654,0.3259570186518268,0.0728563642426688,0.0525321166866235,0.1597864497232389,0.0491714138566265,0.0027665817247784,0.0003893368803099,-0.35,-0.14,-0.15,-0.22,-0.32,-0.3,-0.15,-0.28,-0.31,-0.03,-0.06,-0.08,-0.08,-0.11,-0.1,-0.06,-0.08,-0.26,-0.22,-0.22,-0.27,-0.25,-0.22,-0.34,-0.25,-0.23,-0.15,-0.1,-0.11,-0.26,-0.28,-0.11,-0.1,-0.08,-0.08,-0.12,-0.06,-0.06,-0.1,-0.09,-0.12,-0.09,-0.09,-0.03,-0.08,-0.1,-0.04,-0.06,-0.06,-0.06,-0.06,-0.06,-0.07,0.05
83o,0,5,0,6,1,5,offsuit,0,0,0,0,0,0,0,0,0,0,0,0,0.3675985094069373,0.0388256468266571,0.3555591313692682,0.3662199331185308,0.0796326732231344,0.0633385710015071,0.0393884046443113,0.0535525808318323,0.0029997849673453,0.0004832740174132,-0.41,-0.16,-0.29,-0.33,-0.38,-0.34,-0.29,-0.38,-0.39,-0.01,-0.02,-0.01,-0.02,0.04,-0.02,-0.02,-0.02,-0.29,-0.23,-0.26,-0.25,-0.25,-0.24,-0.28,-0.28,-0.27,-0.08,-0.03,-0.03,-0.08,-0.08,-0.08,-0.08,-0.04,-0.02,-0.03,-0.03,-0.03,-0.02,-0.01,-0.01,-0.01,-0.02,-0.02,-0.02,-0.01,-0.01,-0.02,-0.01,-0.01,0.0,-0.01,-0.01,-0.01
83s,1,5,0,6,1,5,suited,0,0,0,0,0,0,0,0,0,0,0,0,0.4037473406472007,0.0323410343677229,0.3089861735700311,0.3249996399459622,0.0714722675919367,0.0531946469313841,0.1572867157096069,0.0486107807632178,0.0027229649339496,0.0003857761861884,-0.31,-0.14,-0.25,-0.22,-0.29,-0.37,-0.28,-0.31,-0.34,-0.12,-0.06,-0.08,-0.1,-0.09,-0.15,-0.06,-0.09,-0.25,-0.19,-0.26,-0.25,-0.24,-0.29,-0.31,-0.25,-0.29,-0.12,-0.11,-0.09,-0.11,-0.19,-0.09,-0.13,-0.07,-0.08,-0.16,-0.12,0.07,-0.17,-0.07,-0.09,-0.14,-0.12,-0.1,-0.09,-0.03,-0.08,-0.06,-0.11,-0.05,-0.05,-0.05,-0.08,-0.08
84o,0,4,0,6,2,4,offsuit,0,0,0,0,0,0,0,0,0,0,0,0,0.3883550889097271,0.0364066063412485,0.3450321228547178,0.3485853161221088,0.0751751614538174,0.1024626240351058,0.038067418778748,0.0509157398882279,0.0028396738401504,0.000515336685875,-0.38,-0.13,-0.25,-0.29,-0.34,-0.35,-0.36,-0.3,-0.35,-0.02,-0.02,-0.01,-0.01,-0.03,-0.02,-0.04,-0.02,-0.28,-0.22,-0.25,-0.26,-0.26,-0.33,-0.27,-0.3,-0.29,-0.08,-0.03,-0.05,-0.07,-0.11,-0.07,-0.07,-0.03,-0.02,-0.02,-0.04,-0.03,-0.02,-0.02,-0.02,-0.02,-0.03,-0.03,-0.02,-0.03,-0.02,-0.01,-0.02,-0.06,-0.02,-0.02,-0.02,-0.01
84s,1,4,0,6,2,4,suited,0,0,0,0,0,0,0,0,0,0,0,0,0.4230148158600485,0.0305819180308953,0.3024431350498003,0.3119606356944535,0.068041595753346,0.0871431246346098,0.1490910571158873,0.0466057665261248,0.0025993586263188,0.0015334085685638,-0.3,-0.05,-0.15,-0.18,-0.28,-0.17,-0.02,-0.29,-0.28,-0.14,-0.08,-0.04,-0.07,0.19,0.1,-0.08,-0.08,-0.2,-0.17,-0.19,-0.2,-0.22,-0.14,-0.26,-0.19,-0.15,-0.12,-0.08,-0.1,-0.12,-0.11,-0.11,-0.16,-0.1,-0.07,-0.09,-0.07,-0.04,-0.11,-0.08,-0.12,-0.06,-0.11,-0.09,-0.1,-0.07,-0.08,-0.1,-0.08,0.13,-0.13,-0.09,-0.07,-0.14
85o,0,3,0,6,3,3,offsuit,0,0,0,0,0,0,0,0,1,0,0,0,0.409408206615151,0.0357665920070431,0.3345026085283513,0.3319092907374079,0.0710024233811105,0.1383762042515569,0.0367542859714835,0.0484547429812339,0.0026907241991027,0.0005431279427098,-0.36,-0.13,-0.22,-0.27,-0.3,-0.27,-0.32,-0.34,-0.35,-0.02,-0.02,-0.01,-0.02,-0.07,0.0,-0.02,-0.03,-0.25,-0.21,-0.21,-0.23,-0.25,-0.32,-0.29,-0.25,-0.26,-0.07,-0.03,-0.04,-0.07,-0.08,-0.06,-0.05,-0.03,-0.02,-0.03,-0.01,-0.02,-0.03,-0.03,-0.02,-0.04,-0.03,-0.02,-0.02,-0.02,-0.02,-0.03,-0.02,-0.03,-0.03,0.0,-0.02,-0.02
85s,1,3,0,6,3,3,suited,0,0,0,0,0,0,0,0,1,0,0,1,0.4425128718471985,0.0302738550363756,0.2955843439985401,0.2993883800506818,0.064773799163191,0.1188485340503121,0.1413686052758836,0.0447027575194529,0.0024824908208437,0.0025772340847188,-0.27,-0.1,-0.12,-0.17,-0.2,-0.12,-0.2,-0.25,-0.26,-0.03,-0.02,0.0,-0.05,-0.22,-0.05,-0.02,-0.1,-0.23,-0.13,-0.09,-0.16,-0.2,-0.29,-0.34,-0.19,-0.22,-0.1,-0.09,-0.09,-0.08,-0.11,-0.07,-0.12,-0.1,-0.04,-0.11,0.0,-0.11,-0.08,-0.05,-0.07,-0.08,-0.12,-0.12,-0.1,-0.04,-0.14,0.01,-0.1,-0.1,-0.11,-0.05,-0.09,-0.11
86o,0,2,0,6,4,2,offsuit,0,0,0,0,0,0,0,1,0,0,0,0,0.4287851553024192,0.0349713681051458,0.3300627466609696,0.3193466701790906,0.0676598637343659,0.1629269706335943,0.035627185296837,0.0463266962538662,0.0025614663910839,0.0005170327450463,-0.3,-0.06,-0.21,-0.23,-0.27,-0.31,-0.3,-0.35,-0.31,-0.02,-0.03,-0.03,-0.03,-0.05,-0.01,-0.05,-0.04,-0.25,-0.18,-0.21,-0.21,-0.24,-0.22,-0.26,-0.26,-0.23,-0.09,-0.04,-0.06,-0.08,-0.08,-0.09,-0.09,-0.03,-0.04,-0.08,-0.03,-0.03,-0.05,-0.05,-0.05,0.01,-0.02,-0.04,-0.04,-0.04,-0.03,-0.03,-0.03,-0.01,-0.03,-0.03,-0.04,-0.03
86s,1,2,0,6,4,2,suited,0,0,0,0,0,0,0,1,0,0,1,0,0.4605180070500358,0.0297769564415404,0.2936518393917645,0.2899733179599292,0.06213465218159,0.1410685765518354,0.1345059566473742,0.0430223257218191,0.0023789310563163,0.0034874440478306,-0.22,0.07,-0.09,-0.07,-0.13,-0.13,-0.06,-0.17,-0.29,0.0,-0.07,0.05,0.01,-0.1,-0.04,-0.05,-0.05,-0.17,0.0,-0.13,-0.17,-0.15,-0.09,-0.17,-0.19,-0.19,-0.05,-0.04,-0.05,-0.14,-0.23,0.01,-0.09,-0.09,-0.01,0.07,-0.03,-0.05,-0.03,-0.08,-0.24,-0.06,-0.13,-0.04,-0.07,-0.01,0.05,-0.08,-0.02,0.0,-0.08,-0.04,-0.07,-0.02
87o,0,1,0,6,5,1,offsuit,0,0,0,0,0,0,1,0,0,0,0,0,0.4480590899142344,0.034909364195888,0.3271602875127388,0.3076156920211368,0.0646446019118743,0.183838457572192,0.0345464968112396,0.0443505581273588,0.0024416900495175,0.0004928517980539,-0.31,-0.05,-0.18,-0.19,-0.27,-0.25,-0.21,-0.26,-0.28,-0.08,-0.05,-0.03,-0.03,-0.05,-0.09,-0.04,-0.07,-0.23,-0.13,-0.19,-0.2,-0.22,-0.15,-0.24,-0.22,-0.23,-0.12,-0.07,-0.1,-0.09,-0.12,-0.11,-0.12,-0.08,-0.07,-0.03,-0.1,-0.06,-0.06,-0.08,-0.02,-0.04,-0.07,-0.06,-0.07,-0.04,-0.05,-0.06,-0.06,-0.07,-0.08,-0.08,-0.04,-0.09
87s,1,1,0,6,5,1,suited,0,0,0,0,0,0,1,0,0,1,0,0,0.4783899869912305,0.0298878515018196,0.2928768134103849,0.2810593696565007,0.0597326968061291,0.1603274424318279,0.128073461134737,0.0414422521079274,0.0022817891851726,0.0043183237655005,-0.19,0.04,-0.04,-0.04,-0.09,-0.21,0.15,-0.11,-0.11,0.02,0.08,0.08,0.0,-0.14,0.02,0.02,0.02,-0.17,0.0,-0.12,-0.11,-0.03,-0.04,-0.28,-0.07,-0.13,0.11,0.12,0.06,0.04,-0.06,-0.05,-0.01,-0.02,0.02,0.1,-0.22,-0.04,-0.04,-0.09,0.05,-0.05,0.0,0.0,-0.05,0.14,-0.02,-0.03,-0.02,-0.05,-0.01,-0.07,-0.02,0.0
88o,0,0,1,6,6,0,pair,0,0,0,1,0,0,0,0,0,0,0,0,0.6933537281945752,0.0,0.2966442743324217,0.3782596255545579,0.1506999618470096,0.0245410651820712,0.0218015920068114,0.1158332295728733,0.0119140485313452,0.0003062029729095,0.07,0.4,0.4,0.28,0.26,0.46,0.32,0.14,0.15,0.26,0.46,0.5,0.38,0.13,0.17,0.27,0.18,0.1,0.36,0.33,0.29,0.17,0.03,-0.05,0.07,-0.07,0.21,0.37,0.32,0.16,0.25,0.12,0.17,0.09,0.39,0.35,0.23,0.15,0.17,0.14,0.33,0.32,0.19,0.2,0.19,0.19,0.25,0.24,0.15,0.24,0.2,0.26,0.25,0.23
92o,0,7,0,7,0,7,offsuit,0,0,0,0,0,0,0,0,0,0,0,0,0.3850455928435367,0.0476792204348127,0.3690263934308502,0.3548801333072249,0.0782855782723212,0.0585784324435339,0.0372921950612197,0.0509633744034679,0.0028929445321,0.0004017281144692,-0.39,-0.15,-0.28,-0.32,-0.36,-0.38,-0.37,-0.4,-0.42,-0.01,-0.01,-0.01,-0.01,-0.03,-0.02,-0.02,-0.02,-0.26,-0.23,-0.25,-0.25,-0.25,-0.32,-0.27,-0.26,-0.28,-0.08,-0.04,-0.04,-0.1,-0.07,-0.07,-0.08,-0.02,-0.02,-0.06,-0.02,-0.02,-0.02,0.01,-0.02,-0.01,-0.02,-0.02,-0.01,-0.01,-0.02,-0.01,-0.01,-0.01,-0.02,-0.02,-0.01,-0.02
92s,1,7,0,7,0,7,suited,0,0,0,0,0,0,0,0,0,0,0,0,0.4202567098581453,0.0399723642463066,0.322091230782963,0.3168319956925687,0.0706507221666496,0.049517713012002,0.1513689147645621,0.0465572341856731,0.0026428292404825,0.000366995908792,-0.34,-0.13,-0.2,-0.24,-0.31,-0.2,-0.37,-0.31,-0.24,-0.09,-0.06,-0.06,-0.03,-0.13,0.0,-0.09,-0.04,-0.22,-0.2,-0.19,-0.16,-0.25,-0.31,-0.29,-0.28,-0.31,-0.11,-0.1,-0.12,-0.13,-0.14,-0.07,-0.12,-0.06,-0.11,-0.05,-0.17,-0.05,-0.09,-0.1,-0.11,-0.09,-0.07,-0.06,-0.08,-0.05,-0.05,-0.07,-0.1,-0.08,-0.1,-0.11,-0.06,-0.08
93o,0,6,0,7,1,6,offsuit,0,0,0,0,0,0,0,0,0,0,0,0,0.3947392680629688,0.0478036954283716,0.3697143450496402,0.3500161289790477,0.0761904234204418,0.0658379511253148,0.0372240646940387,0.049942174505325,0.0028225222936245,0.0004486945041954,-0.41,-0.14,-0.26,-0.31,-0.35,-0.3,-0.35,-0.38,-0.4,-0.02,-0.02,-0.01,-0.02,-0.02,-0.01,-0.01,-0.02,-0.26,-0.24,-0.23,-0.26,-0.26,-0.29,-0.3,-0.27,-0.28,-0.08,-0.03,-0.04,-0.1,-0.08,-0.07,-0.08,-0.03,-0.02,-0.04,-0.03,-0.03,-0.02,-0.02,0.0,-0.01,-0.03,-0.02,-0.02,-0.02,-0.02,-0.02,-0.01,0.0,-0.02,-0.02,-0.01,-0.02
93s,1,6,0,7,1,6,suited,0,0,0,0,0,0,0,0,0,0,0,0,0.4291608797495121,0.0402440522978469,0.3240330947596218,0.3137481038669847,0.0690338050740275,0.0558769660561868,0.1482567510340466,0.0458068727407033,0.0025888123773639,0.0004115417932181,-0.37,-0.16,-0.19,-0.24,-0.24,-0.31,0.02,-0.32,-0.32,-0.09,-0.08,-0.09,-0.09,0.0,-0.09,-0.08,-0.03,-0.17,-0.16,-0.2,-0.25,-0.28,-0.36,-0.28,-0.2,-0.29,-0.11,-0.05,-0.12,-0.05,-0.14,-0.19,-0.09,-0.07,-0.07,-0.07,-0.08,-0.06,-0.07,-0.06,-0.07,-0.07,-0.03,-0.06,-0.16,-0.08,-0.06,-0.02,-0.09,-0.09,-0.1,-0.04,-0.06,-0.09
94o,0,5,0,7,2,5,offsuit,0,0,0,0,0,0,0,0,0,0,0,0,0.40162398795984,0.0490724896036172,0.3718437069253616,0.348184152627715,0.0746360100176455,0.0663640997401581,0.0373343754860767,0.0492947039990205,0.0027737519292656,0.0004967096711393,-0.42,-0.17,-0.27,-0.3,-0.34,-0.38,-0.36,-0.36,-0.38,-0.02,-0.01,-0.01,-0.02,-0.01,-0.01,-0.02,-0.02,-0.28,-0.22,-0.24,-0.25,-0.25,-0.27,-0.29,-0.28,-0.27,-0.08,-0.03,-0.04,-0.08,-0.07,-0.08,-0.08,-0.02,-0.02,-0.05,-0.03,-0.02,-0.02,-0.02,-0.04,-0.02,-0.01,-0.02,-0.01,-0.02,-0.01,-0.01,-0.02,0.01,-0.01,-0.01,-0.02,0.01
94s,1,5,0,7,2,5,suited,0,0,0,0,0,0,0,0,0,0,0,0,0.4354505250233721,0.0414388325491398,0.3268463944013306,0.3129982107983873,0.0678148630740602,0.0564771867724612,0.1461245589297045,0.045340729895716,0.0025512651496907,0.0004079584295092,-0.38,-0.1,-0.22,-0.2,-0.29,-0.21,-0.38,-0.3,-0.34,-0.08,-0.07,-0.06,-0.09,-0.2,-0.06,-0.04,-0.07,-0.29,-0.18,-0.24,-0.21,-0.25,-0.2,-0.24,-0.24,-0.28,-0.1,-0.09,-0.12,-0.15,-0.12,-0.05,-0.15,-0.1,-0.08,-0.08,-0.06,-0.12,-0.12,-0.08,-0.1,-0.06,-0.02,-0.09,-0.04,-0.17,-0.09,-0.09,-0.08,-0.13,-0.08,-0.07,-0.06,-0.11
95o,0,4,0,7,3,4,offsuit,0,0,0,0,0,0,0,0,0,0,0,0,0.422780373879412,0.0479940908289671,0.3611863320976826,0.3320856395874825,0.0706650271038158,0.1018479285789966,0.0360864991037873,0.0469782204378551,0.0026320174653146,0.000524244796098,-0.39,-0.11,-0.21,-0.28,-0.32,-0.25,-0.35,-0.38,-0.4,-0.02,-0.01,-0.02,-0.02,0.05,-0.01,-0.02,0.01,-0.27,-0.21,-0.24,-0.25,-0.26,-0.3,-0.26,-0.27,-0.28,-0.08,-0.03,-0.04,-0.07,-0.08,-0.08,-0.09,-0.04,-0.02,-0.02,-0.02,-0.03,-0.04,-0.02,-0.02,-0.02,0.0,-0.02,-0.02,-0.02,-0.02,-0.02,-0.03,-0.01,-0.01,-0.02,-0.02,-0.02
95s,1,4,0,7,3,4,suited,0,0,0,0,0,0,0,0,0,0,0,0,0.4550530513719877,0.0408222415629572,0.3199211955678061,0.3007616248467388,0.0646877171196692,0.0876604593196564,0.1387067444493733,0.0435322077430901,0.0024390065455324,0.0014688028451762,-0.29,-0.05,-0.17,-0.2,-0.23,-0.15,-0.29,-0.26,-0.27,-0.08,-0.02,-0.05,-0.02,-0.03,-0.06,-0.03,-0.04,-0.23,-0.12,-0.15,-0.2,-0.2,-0.3,-0.18,-0.23,-0.17,-0.11,-0.09,-0.11,0.07,-0.09,-0.11,-0.07,-0.09,-0.1,-0.14,-0.13,-0.04,-0.05,-0.1,-0.14,-0.1,-0.09,-0.08,-0.1,-0.06,-0.11,-0.08,-0.08,-0.01,-0.04,-0.07,-0.06,-0.08
96o,0,3,0,7,4,3,offsuit,0,0,0,0,0,0,0,0,1,0,0,0,0.4421506215467425,0.0467649546019153,0.3556751260969336,0.3198020961243022,0.067427142816302,0.1273263182615839,0.0350183351588611,0.0449771750446067,0.0025090948623817,0.0004997570331132,-0.34,-0.08,-0.19,-0.25,-0.31,-0.26,-0.35,-0.34,-0.34,-0.03,-0.01,-0.02,-0.03,-0.06,-0.07,-0.05,-0.03,-0.29,-0.19,-0.23,-0.23,-0.26,-0.26,-0.28,-0.3,-0.25,-0.09,-0.04,-0.05,-0.08,-0.07,-0.07,-0.09,-0.04,-0.03,-0.04,-0.03,-0.04,-0.03,-0.02,-0.03,-0.05,-0.02,-0.03,-0.02,-0.04,-0.03,-0.04,-0.04,0.01,0.0,-0.04,-0.02,-0.02
96s,1,3,0,7,4,3,suited,0,0,0,0,0,0,0,0,1,0,0,1,0.4730558022098935,0.0400044118416483,0.3170950186663318,0.2914604845138821,0.0621119856668763,0.1105288065185935,0.1321240383964151,0.0419387321355658,0.0023397017211719,0.0023968205395148,-0.22,0.04,-0.11,-0.15,-0.19,-0.14,-0.19,-0.22,-0.22,-0.03,0.0,-0.04,-0.03,-0.02,-0.04,-0.02,0.03,-0.18,-0.07,-0.07,-0.2,-0.12,-0.16,-0.11,-0.27,-0.22,-0.13,-0.04,-0.04,-0.07,-0.06,-0.03,-0.1,-0.09,-0.07,-0.09,0.01,-0.13,-0.1,-0.08,-0.08,0.04,-0.14,-0.06,-0.08,0.0,-0.05,-0.07,-0.07,-0.03,-0.02,-0.09,-0.1,-0.09
97o,0,2,0,7,5,2,offsuit,0,0,0,0,0,0,0,1,0,0,0,0,0.4612532553439827,0.0456883696028962,0.3507742273128031,0.3085174189395066,0.0645231676183532,0.1504484078928353,0.034021321686985,0.043152618797213,0.0023970348980665,0.0004774332513407,-0.32,-0.05,-0.15,-0.2,-0.27,-0.26,-0.28,-0.27,-0.3,-0.06,-0.02,-0.02,-0.04,-0.02,-0.03,-0.04,-0.03,-0.22,-0.16,-0.19,-0.21,-0.2,-0.24,-0.22,-0.16,-0.25,-0.09,-0.03,-0.07,-0.05,-0.08,-0.09,-0.09,-0.03,-0.04,-0.06,-0.05,-0.04,-0.01,-0.03,-0.04,-0.03,-0.02,-0.04,-0.04,-0.02,-0.04,-0.04,-0.02,-0.05,-0.04,-0.03,-0.02,-0.04
97s,1,2,0,7,5,2,suited,0,0,0,0,0,0,0,1,0,0,1,0,0.4907852334604912,0.039287079483284,0.3145738098303303,0.2828059225424098,0.0597797892737654,0.1315466458565798,0.1260373428217831,0.0404692279922575,0.0022481357246184,0.0032520464749712,-0.13,0.05,0.03,-0.07,-0.09,-0.09,-0.08,-0.08,-0.17,0.04,0.13,0.06,0.02,0.0,0.09,-0.09,0.09,-0.17,-0.05,-0.05,-0.13,-0.17,-0.2,-0.06,-0.13,-0.17,0.03,0.0,-0.07,-0.11,-0.17,-0.01,-0.01,-0.07,-0.03,0.07,-0.02,-0.09,0.02,-0.05,-0.09,-0.09,-0.06,0.0,0.04,0.07,-0.01,-0.05,-0.07,0.01,-0.04,-0.01,-0.02,-0.13
98o,0,1,0,7,6,1,offsuit,0,0,0,0,0,0,1,0,0,0,0,0,0.4801655650369169,0.0439510913100097,0.3481437026303035,0.2982715147753538,0.0619750449909471,0.170370165008649,0.0330794651964073,0.0414590882230712,0.0022931831597804,0.0004567447054775,-0.32,-0.04,-0.1,-0.15,-0.21,-0.2,-0.32,-0.3,-0.22,-0.09,-0.03,-0.04,-0.03,0.1,-0.06,-0.03,-0.06,-0.18,-0.1,-0.1,-0.15,-0.19,-0.19,-0.11,-0.17,-0.21,-0.1,-0.06,-0.08,-0.13,-0.09,-0.09,-0.14,-0.07,-0.05,-0.03,0.0,-0.05,-0.04,-0.08,-0.07,-0.08,-0.06,-0.06,-0.05,-0.05,-0.06,-0.05,-0.08,-0.04,-0.03,-0.05,-0.05,-0.04
98s,1,1,0,7,6,1,suited,0,0,0,0,0,0,1,0,0,1,0,0,0.508331565350946,0.0379756123864135,0.3138812350952063,0.2748815376345264,0.0577231080333972,0.1499176168982415,0.1203318951413379,0.0390887757016479,0.0021622777680631,0.0040379413411659,-0.18,0.08,0.05,0.03,-0.05,-0.07,-0.13,-0.01,-0.11,0.09,0.16,0.12,0.06,0.04,0.1,0.0,0.04,-0.03,0.03,-0.04,-0.06,-0.05,-0.08,-0.1,-0.11,-0.08,-0.11,0.09,-0.03,0.02,0.0,0.06,-0.03,-0.05,0.11,0.1,0.08,0.05,0.08,-0.15,-0.01,-0.04,0.0,0.0,-0.11,0.13,0.03,0.01,0.04,-0.08,-0.1,0.06,0.02,0.05
99o,0,0,1,7,7,0,pair,0,0,0,1,0,0,0,0,0,0,0,0,0.7223136800840655,0.0,0.3037331239004043,0.3825908431632056,0.1446655849526239,0.0235314647278401,0.0215878069832007,0.1121502856017029,0.0114472846517594,0.0002936060192629,0.16,0.47,0.44,0.47,0.39,0.14,0.25,0.23,0.19,0.23,0.62,0.64,0.62,0.39,0.33,0.41,0.31,0.18,0.53,0.46,0.44,0.4,0.14,0.27,0.3,0.19,0.31,0.59,0.46,0.26,0.45,0.29,0.32,0.15,0.53,0.45,0.43,0.37,0.31,0.31,0.46,0.35,0.28,0.23,0.35,0.65,0.38,0.34,0.25,0.2,0.33,0.27,0.33,0.27
A2o,0,1,0,12,0,12,offsuit,1,1,0,0,0,0,1,0,0,0,0,0,0.5513191097765766,0.0922547594751576,0.4221385224479362,0.306572508721542,0.066536711070492,0.0458522115577719,0.0282640915017449,0.0359297012344947,0.0022937947940313,0.0001576991968289,-0.35,-0.01,-0.13,-0.19,-0.26,-0.27,-0.23,-0.31,-0.33,-0.14,0.01,-0.04,-0.12,-0.09,-0.12,-0.12,-0.11,-0.27,-0.09,-0.12,-0.19,-0.2,-0.31,-0.29,-0.27,-0.27,-0.16,-0.08,-0.14,-0.22,-0.11,-0.16,-0.16,-0.14,-0.1,-0.07,-0.03,-0.1,-0.14,-0.16,-0.08,-0.14,-0.14,-0.14,-0.14,-0.12,-0.09,-0.13,-0.12,-0.14,-0.11,-0.09,-0.08,-0.06
A2s,1,1,0,12,0,12,suited,1,1,0,0,0,1,1,0,0,1,0,0,0.5766601103329843,0.0808382790789547,0.3819964627341813,0.2847825270425579,0.0623455745657025,0.0407225410288876,0.1119011099423327,0.0342722746045876,0.0021880357351058,0.0009531952676896,-0.13,0.09,0.04,-0.04,-0.04,-0.13,-0.13,-0.02,-0.04,0.11,0.13,0.12,0.07,-0.1,0.27,0.11,0.06,-0.12,0.07,0.01,-0.04,-0.05,-0.05,-0.14,-0.05,-0.13,-0.01,0.06,-0.02,-0.01,-0.05,0.0,-0.07,-0.04,0.03,-0.14,0.02,0.0,0.07,0.06,0.09,-0.03,0.07,-0.05,0.03,-0.15,0.05,-0.07,0.03,0.02,-0.02,-0.1,0.05,0.0
A3o,0,2,0,12,1,11,offsuit,1,1,0,0,0,0,0,1,0,0,0,0,0.5608676936275105,0.0914439866344191,0.4212720657610183,0.3036058174622171,0.0652776314608732,0.0521037464668799,0.0283709617566751,0.0354762044735211,0.0022551105355508,0.0001944754488449,-0.34,0.0,-0.05,-0.18,-0.22,-0.23,-0.27,-0.2,-0.27,-0.1,0.0,-0.06,-0.05,-0.08,-0.15,-0.11,-0.11,-0.28,-0.05,-0.13,-0.16,-0.19,-0.17,-0.23,-0.27,-0.26,-0.17,-0.05,-0.13,-0.17,-0.15,-0.1,-0.12,-0.11,-0.1,-0.15,-0.11,-0.12,-0.12,-0.12,-0.03,-0.09,-0.15,-0.12,-0.12,-0.07,-0.09,-0.1,-0.09,-0.1,-0.1,-0.11,-0.1,-0.12
A3s,1,2,0,12,1,11,suited,1,1,0,0,0,1,0,1,0,0,1,0,0.585424152652642,0.0803083200651455,0.3821243354151557,0.2826480538532338,0.0612979230581798,0.0463407819805062,0.1102319051676941,0.0339136447989506,0.0021558355176514,0.0009792001434825,0.02,0.16,0.01,-0.01,-0.06,0.13,-0.11,-0.12,-0.11,0.05,0.19,0.12,0.09,0.08,0.06,0.01,0.07,-0.12,0.12,0.01,0.04,0.0,-0.04,-0.09,-0.06,-0.09,-0.06,0.13,0.03,-0.04,-0.05,0.06,0.01,0.06,0.06,0.0,0.1,0.0,0.07,0.11,0.08,0.0,-0.01,-0.02,-0.09,0.03,-0.03,-0.01,-0.07,-0.08,-0.01,0.11,-0.03,0.0
A4o,0,3,0,12,2,10,offsuit,1,1,0,0,0,0,0,0,1,0,0,0,0.5700961460316738,0.0908435413687703,0.4206699324589542,0.300945022301173,0.0641011571379258,0.0574938652419886,0.0284402644030984,0.0350571124066111,0.0022189428123918,0.0002301618690866,-0.3,0.03,-0.05,-0.16,-0.2,-0.08,-0.23,-0.26,-0.3,-0.1,0.02,-0.05,-0.07,-0.03,-0.1,-0.08,-0.09,-0.27,-0.02,-0.12,-0.15,-0.2,-0.22,-0.22,-0.24,-0.24,-0.13,-0.08,-0.12,-0.17,-0.18,-0.15,-0.11,-0.1,-0.09,-0.11,-0.13,-0.07,-0.13,-0.15,-0.01,-0.09,-0.09,-0.12,-0.13,-0.09,-0.12,-0.12,-0.08,-0.09,-0.08,-0.1,-0.09,-0.1
A4s,1,3,0,12,2,10,suited,1,1,0,0,0,1,0,0,1,0,0,1,0.5938966126361466,0.0799473748126906,0.3824193089122034,0.2807410920223235,0.0603129915898643,0.0512075757193008,0.1086628035794022,0.033580595528882,0.0021255375401703,0.0010027202951625,-0.05,0.15,0.12,0.02,-0.01,-0.05,-0.06,0.09,-0.18,0.08,0.23,0.13,0.15,0.33,0.09,0.08,0.0,-0.03,0.13,0.06,0.01,0.0,0.05,-0.04,0.14,-0.05,0.02,0.13,0.08,0.25,0.12,0.01,0.0,0.03,0.1,-0.14,0.11,0.03,-0.04,0.07,0.01,0.15,0.02,0.03,0.05,0.02,0.07,0.01,0.18,0.04,0.08,0.03,-0.02,0.16
A5o,0,4,0,12,3,9,offsuit,1,1,0,0,0,0,0,0,0,0,0,0,0.5800958754597645,0.091713814917069,0.4199520318146077,0.2977280980649147,0.0628439053175294,0.0623496402528924,0.0284005112217931,0.0345691523934863,0.0021787502569179,0.0002640957607893,-0.3,0.05,-0.05,-0.09,-0.17,-0.31,-0.21,-0.25,-0.27,-0.13,0.04,0.02,-0.03,-0.09,-0.08,-0.1,-0.08,-0.26,-0.02,-0.1,-0.13,-0.16,-0.29,-0.23,-0.23,-0.28,-0.12,-0.05,-0.1,-0.09,-0.14,-0.13,-0.15,-0.15,-0.08,0.03,-0.14,-0.1,-0.08,-0.12,-0.09,-0.15,-0.09,-0.12,-0.15,-0.09,-0.13,-0.1,-0.12,-0.11,-0.11,-0.11,-0.11,-0.08
A5s,1,4,0,12,3,9,suited,1,1,0,0,0,1,0,0,0,0,0,0,0.6030606517495645,0.0808878822226513,0.3826601382597194,0.2783552604660584,0.059257996413366,0.0556286533464647,0.1069092687830555,0.0331858781624953,0.0020916181372453,0.0010233042089437,0.01,0.14,0.12,0.06,-0.02,-0.06,0.06,0.01,-0.08,0.16,0.15,0.12,0.18,0.21,0.21,0.18,0.09,0.11,0.13,0.07,0.06,0.09,-0.05,0.03,0.02,-0.01,0.09,0.2,0.07,-0.06,0.0,-0.05,-0.06,0.07,0.11,0.27,0.23,-0.01,0.0,0.0,0.32,0.19,0.14,0.02,0.08,-0.06,0.08,0.07,0.02,0.11,0.1,0.01,0.02,0.2
A6o,0,5,0,12,4,8,offsuit,1,1,0,0,0,0,0,0,0,0,0,0,0.5797135768611145,0.1000001186087676,0.4340030977026241,0.3027840336317806,0.0628859965548334,0.0344505087467097,0.0288010357634361,0.0346379652107855,0.002173753123837,0.0002634906572257,-0.28,0.07,-0.03,-0.15,-0.18,-0.24,-0.25,-0.23,-0.26,-0.09,0.05,0.01,-0.04,-0.06,-0.04,-0.11,-0.09,-0.29,-0.02,-0.12,-0.12,-0.18,-0.17,-0.21,-0.22,-0.25,-0.18,-0.03,-0.14,-0.07,-0.2,-0.13,-0.15,-0.15,-0.09,-0.05,-0.11,-0.13,-0.13,-0.12,-0.07,-0.12,-0.15,-0.12,-0.11,-0.04,-0.16,-0.11,-0.13,-0.09,-0.08,-0.1,-0.09,-0.13
A6s,1,5,0,12,4,8,suited,1,1,0,0,0,1,0,0,0,0,0,0,0.6026020104074732,0.088219240116774,0.3955940946400262,0.2831930100892346,0.0593124758165625,0.0306088992217743,0.1075031135511171,0.0332635184576313,0.0020874965941789,0.0002181515127007,-0.15,0.19,0.12,0.07,-0.02,0.09,-0.19,-0.1,-0.16,-0.01,0.2,0.19,0.2,-0.03,0.13,0.12,0.02,0.01,0.13,0.06,0.01,-0.04,0.16,-0.02,-0.14,-0.05,-0.13,0.1,0.05,-0.01,0.0,-0.04,0.07,0.04,0.08,-0.1,0.03,0.05,-0.07,-0.03,0.04,0.03,-0.1,-0.01,0.0,-0.03,-0.01,0.04,0.05,0.09,0.1,-0.02,0.13,0.0
A7o,0,6,0,12,5,7,offsuit,1,1,0,0,0,0,0,0,0,0,0,0,0.5914701300194677,0.1001554092354806,0.4357661490248167,0.2991361866181569,0.0616528050018407,0.0383295181341028,0.0285839343196926,0.0339941366341603,0.0021243583497484,0.0002575026820006,-0.25,0.09,-0.05,-0.06,-0.14,-0.08,-0.2,-0.27,-0.29,-0.06,0.05,0.06,-0.04,-0.04,-0.11,-0.01,-0.09,-0.22,0.01,-0.03,-0.11,-0.14,-0.29,-0.27,-0.22,-0.24,-0.15,-0.02,-0.09,-0.08,-0.04,-0.1,-0.18,-0.12,-0.06,-0.03,-0.11,-0.09,-0.12,-0.11,0.06,-0.06,-0.09,-0.07,-0.11,-0.05,-0.07,-0.12,-0.15,-0.12,-0.1,-0.11,-0.11,-0.1
A7s,1,6,0,12,5,7,suited,1,1,0,0,0,1,0,0,0,0,0,0,0.613464284055387,0.0885505284289055,0.3982445084443742,0.280473573256405,0.0582899463340639,0.0341389336871003,0.1052845828712859,0.032724990947704,0.0020450470183537,0.0002478890118071,-0.06,0.15,0.16,0.08,0.05,0.01,0.06,-0.08,-0.05,0.08,0.19,0.19,0.13,0.27,0.07,-0.02,0.18,-0.07,0.18,0.07,0.04,-0.01,0.01,0.0,0.03,-0.03,0.03,0.14,0.14,0.25,0.12,0.0,0.11,0.12,0.17,0.19,0.18,-0.03,0.02,-0.01,0.07,-0.01,0.07,0.04,0.1,0.23,0.11,0.06,0.25,0.02,0.18,0.1,0.07,0.01
A8o,0,6,0,12,6,6,offsuit,1,1,0,0,0,0,0,0,0,0,0,0,0.6017761803493643,0.1015704585158682,0.4394187327282037,0.2966646263464852,0.0606276709272464,0.037538529801997,0.0284143510727259,0.0334329180272119,0.0020805238606287,0.0002521887196326,-0.28,0.11,0.05,0.0,-0.11,-0.17,-0.18,-0.24,-0.23,-0.09,0.14,0.08,0.02,-0.03,-0.01,0.02,-0.04,-0.21,0.11,-0.02,-0.09,-0.1,-0.2,-0.19,-0.22,-0.2,-0.18,0.01,-0.05,-0.02,-0.04,-0.05,-0.09,-0.08,-0.04,-0.04,-0.05,-0.11,-0.16,-0.11,-0.03,-0.01,-0.08,-0.09,-0.09,-0.07,-0.1,-0.1,-0.08,-0.09,-0.11,-0.16,0.01,-0.06
A8s,1,6,0,12,6,6,suited,1,1,0,0,0,1,0,0,0,0,0,0,0.6229698027539876,0.0899779746629262,0.4024694642987927,0.2787671569218666,0.0574407903976276,0.03350638040792,0.1033337864945516,0.0322539913987455,0.002007159490266,0.0002432959273034,-0.11,0.21,0.06,0.12,0.11,0.07,-0.03,-0.05,-0.01,0.14,0.33,0.2,0.2,0.06,0.16,0.02,0.17,-0.01,0.17,0.14,0.05,0.07,-0.02,0.07,0.01,0.04,0.12,0.26,0.17,0.13,0.11,0.03,0.1,0.03,0.18,-0.01,0.19,0.12,0.01,0.17,0.0,-0.05,0.15,0.04,0.06,0.04,0.18,0.08,0.08,0.14,0.04,0.01,0.08,0.1
A9o,0,5,0,12,7,5,offsuit,1,1,0,0,0,0,0,0,0,0,0,0,0.6106561701237844,0.1038876007133419,0.4447800661029909,0.2954939770290516,0.0598375254706818,0.0324325819543649,0.0283120106862817,0.0329657249148514,0.0020428870965647,0.0002476260318707,-0.19,0.14,0.03,0.01,-0.08,-0.08,-0.07,-0.12,-0.21,-0.03,0.14,0.15,0.07,-0.08,0.01,-0.01,-0.05,-0.22,0.1,0.04,0.0,-0.07,-0.13,-0.13,-0.17,-0.17,-0.08,0.07,-0.01,-0.04,-0.07,-0.07,0.0,-0.11,0.05,0.11,0.01,-0.03,-0.03,-0.13,0.1,-0.11,-0.04,-0.1,-0.07,-0.1,-0.05,-0.1,-0.09,-0.06,0.02,-0.12,-0.08,-0.1
A9s,1,5,0,12,7,5,suited,1,1,0,0,0,1,0,0,0,0,0,0,0.6311473208798295,0.0921892641751,0.4081042066688775,0.2781931373122114,0.0567908738945229,0.0289981295602171,0.1016817728128803,0.0318617356180033,0.0019744716894678,0.0002064082687194,0.05,0.3,0.15,0.14,0.13,0.18,0.03,0.11,0.01,0.19,0.29,0.33,0.38,0.42,0.17,0.19,0.15,0.16,0.25,0.21,0.17,0.12,0.03,0.12,0.04,0.1,0.23,0.25,0.28,0.14,0.08,0.21,0.09,0.07,0.27,0.17,0.21,0.15,0.09,0.13,0.12,0.02,0.24,0.08,0.12,0.09,0.24,0.1,0.2,0.12,0.2,0.19,0.43,0.19
AAo,0,0,1,12,12,0,pair,1,2,0,0,1,0,0,0,0,0,0,0,0.8539612509294112,0.0,0.3374044567663671,0.3973001849716772,0.126725116602845,0.0080517969239256,0.0213881447962936,0.0991533591507284,0.0098780246122867,9.89161758763017e-05,2.81,1.13,1.64,1.97,2.26,2.26,2.79,2.28,2.67,2.96,1.73,2.1,2.36,2.38,2.73,2.6,2.81,2.72,1.16,1.65,1.99,2.2,2.62,2.33,2.7,2.65,2.48,1.92,2.09,2.05,1.95,2.31,2.35,2.53,2.18,2.58,2.21,2.31,2.55,2.73,2.53,2.23,2.2,2.48,2.76,2.43,2.47,2.54,2.79,2.53,2.64,2.77,2.73,2.89
AJo,0,3,0,12,9,3,offsuit,1,2,0,0,0,0,0,0,1,0,0,0,0.638479956402895,0.0954554518525493,0.4444503738068611,0.2879432836340823,0.0578393947321279,0.0528212146902113,0.0277444562120167,0.0315999221581165,0.0019421247576941,0.0002037781563406,0.1,0.28,0.26,0.25,0.19,0.15,-0.04,0.07,0.0,0.15,0.36,0.38,0.34,0.37,0.33,0.17,0.29,0.03,0.24,0.31,0.23,0.15,0.06,0.04,0.09,0.05,0.03,0.28,0.23,0.22,0.22,0.07,0.08,0.1,0.31,0.13,0.15,0.12,0.08,0.1,0.25,0.2,0.14,0.17,0.07,0.27,0.19,0.18,0.15,0.17,0.2,0.09,0.25,0.19
AJs,1,3,0,12,9,3,suited,1,2,0,0,0,2,0,0,1,0,0,1,0.6570523147687444,0.085078320325236,0.4097975868680384,0.2723893952830453,0.0551414994407292,0.0477195601561427,0.0964127773548427,0.0306851647846045,0.001885947624402,0.0008897481629588,0.25,0.34,0.37,0.39,0.44,0.32,0.34,0.41,0.41,0.49,0.59,0.6,0.55,0.42,0.52,0.52,0.51,0.41,0.34,0.38,0.4,0.42,0.52,0.3,0.33,0.42,0.27,0.4,0.49,0.33,0.28,0.36,0.27,0.41,0.64,0.48,0.44,0.24,0.32,0.4,0.73,0.5,0.45,0.38,0.44,0.72,0.45,0.34,0.51,0.45,0.35,0.51,0.46,0.54
AKo,0,1,0,12,11,1,offsuit,1,2,0,0,0,0,1,0,0,0,0,0,0.6558523709708305,0.0953424050661938,0.455093624395783,0.290182270103082,0.057575919272067,0.0411069022186347,0.0277775091391919,0.0309057006700442,0.0018838928499428,0.0001317762850602,0.42,0.38,0.46,0.47,0.49,0.41,0.62,0.37,0.43,0.61,0.53,0.61,0.7,0.67,0.63,0.61,0.61,0.42,0.34,0.41,0.45,0.43,0.42,0.37,0.53,0.38,0.48,0.56,0.52,0.52,0.52,0.43,0.44,0.42,0.59,0.58,0.65,0.46,0.44,0.55,0.38,0.65,0.51,0.49,0.5,0.5,0.63,0.55,0.5,0.64,0.58,0.57,0.6,0.59
AKs,1,1,0,12,11,1,suited,1,2,0,0,0,2,1,0,0,1,0,0,0.6733059565926232,0.0851673117493023,0.4207804725776156,0.2752454001732456,0.0550049324364361,0.0372814851393377,0.0937971754102992,0.0300880102080899,0.0018340916265686,0.0008011206791046,0.78,0.47,0.6,0.72,0.72,0.55,0.58,0.84,0.65,0.99,0.66,0.76,0.93,1.0,0.94,0.96,0.85,0.68,0.46,0.62,0.7,0.7,0.7,0.69,0.63,0.81,0.79,0.74,0.71,0.77,0.68,0.91,0.65,0.9,0.87,0.85,0.8,0.81,0.77,0.83,1.02,1.17,0.76,0.77,0.82,0.73,0.75,0.91,0.86,0.81,1.02,0.82,0.8,1.01
AQo,0,2,0,12,10,2,offsuit,1,2,0,0,0,0,0,1,0,0,0,0,0.6470327716806741,0.0953052334002977,0.4502250961767203,0.2888645409818847,0.0576563205448256,0.0468700519451445,0.0277548001151032,0.031244375720247,0.0019123693117298,0.0001672118040468,0.17,0.33,0.31,0.34,0.32,0.18,0.16,0.22,0.21,0.37,0.4,0.45,0.46,0.35,0.41,0.31,0.35,0.18,0.28,0.27,0.31,0.32,0.23,0.27,0.17,0.18,0.21,0.41,0.36,0.38,0.26,0.22,0.26,0.3,0.4,0.41,0.52,0.27,0.28,0.21,0.35,0.26,0.26,0.3,0.31,0.42,0.28,0.34,0.26,0.45,0.34,0.33,0.35,0.3
AQs,1,2,0,12,10,2,suited,1,2,0,0,0,2,0,1,0,0,1,0,0.6650434419831119,0.0850426532589073,0.4157016934011059,0.2736400727766174,0.0550284135071887,0.0424244191149669,0.0950783742475049,0.0303801099892752,0.0018595131849712,0.0008447505194621,0.51,0.43,0.51,0.49,0.48,0.78,0.56,0.53,0.45,0.64,0.54,0.8,0.7,1.04,0.61,0.75,0.71,0.57,0.4,0.45,0.53,0.57,0.85,0.43,0.46,0.51,0.51,0.58,0.61,0.6,0.62,0.47,0.67,0.6,0.71,0.4,0.71,0.46,0.61,0.53,0.73,0.76,0.68,0.63,0.5,0.38,0.76,0.71,0.7,0.58,0.62,0.65,0.61,0.64
ATo,0,4,0,12,8,4,offsuit,1,2,0,0,0,0,0,0,0,0,0,0,0.6302209265229093,0.0957184654341704,0.4380140779845682,0.2872906295746442,0.0581069304679026,0.0589543706252961,0.0277382207088801,0.0319632172437816,0.0019726124194319,0.0002414755413245,-0.04,0.21,0.17,0.12,0.1,-0.01,0.1,-0.05,-0.08,0.06,0.27,0.31,0.25,0.22,0.12,0.08,0.1,-0.08,0.19,0.16,0.1,0.12,0.0,-0.11,-0.08,-0.04,-0.07,0.19,0.14,0.11,0.07,-0.03,-0.03,-0.02,0.19,0.18,0.09,0.07,0.02,0.02,-0.03,0.17,0.08,0.03,0.01,0.02,0.05,0.02,0.0,0.07,0.04,0.03,0.03,0.0
ATs,1,4,0,12,8,4,suited,1,2,0,0,0,2,0,0,0,0,0,0,0.6493498031680508,0.0852103685277557,0.4032993576196422,0.271381427044673,0.0553288898035315,0.0531613515243611,0.0977744308629766,0.0309953159867885,0.0019129228329934,0.0009359357972777,0.23,0.3,0.33,0.25,0.29,0.31,0.28,0.15,0.12,0.46,0.57,0.54,0.47,0.38,0.48,0.32,0.45,0.19,0.29,0.38,0.29,0.29,0.32,0.22,0.16,0.28,0.28,0.34,0.34,0.27,0.38,0.26,0.23,0.24,0.49,0.23,0.29,0.3,0.27,0.25,0.24,0.1,0.36,0.31,0.4,0.45,0.32,0.35,0.28,0.38,0.23,0.26,0.47,0.31
J2o,0,9,0,9,0,9,offsuit,0,1,0,0,0,0,0,0,0,0,0,0,0.4407606097698955,0.0669447694985703,0.3993570306891527,0.3331086550628451,0.0735915227048966,0.0458085625944497,0.0336193813168853,0.0446526691047479,0.0026155747460239,0.000301834282428,-0.43,-0.13,-0.23,-0.28,-0.33,-0.35,-0.35,-0.39,-0.39,-0.04,-0.03,-0.03,-0.02,-0.05,0.01,-0.03,-0.03,-0.28,-0.22,-0.25,-0.25,-0.26,-0.29,-0.27,-0.29,-0.3,-0.08,-0.06,-0.06,-0.11,-0.11,-0.09,-0.08,-0.04,-0.03,0.0,-0.04,-0.05,-0.04,-0.04,-0.04,-0.05,-0.03,-0.03,-0.03,-0.07,-0.06,-0.01,-0.04,-0.01,-0.03,-0.03,-0.03,-0.02
J2s,1,9,0,9,0,9,suited,0,1,0,0,0,1,0,0,0,0,0,0,0.4725887443362238,0.0571792603340839,0.3537220295823213,0.3025097307961041,0.0674747595807817,0.0394255733095775,0.1354369020524529,0.0415378442725696,0.0024331207666162,0.0002807793054925,-0.32,-0.08,-0.12,-0.24,-0.23,-0.33,-0.26,-0.31,-0.32,-0.11,-0.05,-0.06,-0.07,-0.22,-0.05,-0.08,-0.13,-0.27,-0.14,-0.22,-0.19,-0.24,-0.21,-0.21,-0.28,-0.21,-0.12,-0.07,-0.11,-0.22,-0.1,-0.1,-0.11,-0.12,-0.07,-0.11,-0.11,-0.14,-0.06,-0.08,-0.12,-0.08,-0.11,-0.08,-0.07,0.0,-0.05,-0.03,-0.01,-0.07,-0.12,-0.08,-0.14,-0.1
J3o,0,8,0,9,1,8,offsuit,0,1,0,0,0,0,0,0,0,0,0,0,0.4504682899635925,0.066854947811453,0.3993255960446502,0.3291415284465597,0.0718546718141935,0.0523959468612166,0.0336327367774075,0.0438900451905526,0.0025597093960173,0.0003448176579492,-0.42,-0.12,-0.23,-0.28,-0.35,-0.3,-0.36,-0.38,-0.38,-0.03,-0.03,-0.03,-0.04,-0.04,-0.08,-0.04,-0.01,-0.28,-0.21,-0.25,-0.26,-0.26,-0.27,-0.3,-0.3,-0.3,-0.12,-0.05,-0.05,-0.09,-0.06,-0.08,-0.08,-0.04,-0.03,-0.05,-0.04,-0.04,-0.04,-0.03,-0.03,-0.05,-0.04,-0.03,-0.03,-0.03,-0.04,-0.02,-0.04,-0.03,-0.03,-0.03,-0.01,-0.03
J3s,1,8,0,9,1,8,suited,0,1,0,0,0,1,0,0,0,0,0,0,0.4815062610875625,0.0572916664293749,0.3548915851519584,0.2998685467138116,0.0660911812284307,0.0452398621285911,0.1329478525701489,0.0409587632088486,0.0023887542284305,0.0003217883404051,-0.31,-0.07,-0.17,-0.16,-0.2,-0.22,-0.25,-0.23,-0.27,-0.04,-0.08,-0.04,-0.04,-0.12,-0.21,-0.17,-0.07,-0.27,-0.1,-0.13,-0.21,-0.24,-0.13,-0.23,-0.22,-0.29,-0.08,-0.12,-0.12,-0.1,-0.17,-0.16,-0.16,-0.06,-0.1,0.04,-0.06,-0.09,-0.08,-0.1,-0.05,-0.08,-0.05,-0.1,-0.13,-0.06,-0.09,-0.1,-0.11,-0.09,-0.09,-0.07,-0.13,-0.1
J4o,0,7,0,9,2,7,offsuit,0,1,0,0,0,0,0,0,0,0,0,0,0.4600101983177199,0.0667759154005422,0.3991294058470559,0.3254546820387208,0.0702152851380271,0.0587618483468655,0.033595227273709,0.0431744265698021,0.0025070669035156,0.0003861424817614,-0.38,-0.11,-0.2,-0.28,-0.33,-0.04,-0.31,-0.35,-0.4,-0.04,-0.04,-0.03,-0.04,-0.07,-0.04,-0.02,-0.04,-0.27,-0.22,-0.21,-0.24,-0.27,-0.28,-0.33,-0.27,-0.28,-0.1,-0.05,-0.05,-0.09,-0.11,-0.08,-0.07,-0.04,-0.05,-0.06,-0.06,-0.05,-0.04,-0.05,-0.03,-0.01,-0.04,-0.02,-0.04,-0.05,-0.03,-0.03,-0.03,-0.01,-0.03,-0.04,-0.03,-0.03
J4s,1,7,0,9,2,7,suited,0,1,0,0,0,1,0,0,0,0,0,0,0.4902763459646899,0.0574009271161288,0.3558359222746229,0.2973994701800915,0.0647742642282543,0.0508880013042523,0.1305824401777096,0.0404109516186881,0.0023465965246576,0.0003614265755945,-0.2,-0.01,-0.1,-0.18,-0.24,-0.22,-0.3,-0.1,-0.26,-0.09,-0.04,-0.05,-0.03,-0.04,-0.07,-0.06,-0.1,-0.28,-0.15,-0.14,-0.18,-0.2,-0.24,-0.31,-0.2,-0.26,-0.09,-0.06,-0.09,-0.14,-0.14,-0.15,-0.13,-0.03,-0.01,-0.26,-0.09,-0.06,-0.14,-0.12,-0.08,-0.18,-0.07,-0.1,-0.05,-0.02,0.07,-0.08,-0.06,-0.03,-0.11,-0.09,-0.09,0.05
J5o,0,6,0,9,3,6,offsuit,0,1,0,0,0,0,0,0,0,0,0,0,0.4704642740589299,0.068454842892264,0.3987430651112311,0.3210039124637993,0.0684757366636578,0.0646777522583929,0.0334101819622307,0.0423607583097482,0.0024492182061941,0.0004245321324816,-0.38,-0.08,-0.21,-0.29,-0.33,-0.36,-0.33,-0.34,-0.37,-0.03,-0.04,-0.04,-0.04,-0.05,-0.05,-0.04,-0.03,-0.28,-0.19,-0.22,-0.24,-0.26,-0.26,-0.29,-0.3,-0.3,-0.11,-0.06,-0.06,-0.1,-0.1,-0.08,-0.08,-0.04,-0.04,-0.11,-0.03,-0.05,-0.04,-0.06,-0.07,-0.04,-0.03,-0.04,-0.05,-0.02,-0.04,-0.05,-0.05,-0.06,-0.03,-0.03,-0.05,-0.05
J5s,1,6,0,9,3,6,suited,0,1,0,0,0,1,0,0,0,0,0,0,0.4998625406454809,0.059031331308905,0.3566797867640598,0.2942859025403759,0.0633717145467004,0.0561926005791432,0.1279627219686726,0.0397774437963075,0.0022998558909026,0.0003986426049325,-0.23,-0.01,-0.19,-0.16,-0.22,0.03,-0.19,-0.33,-0.33,-0.11,0.05,0.0,-0.07,0.0,0.08,-0.08,-0.09,-0.25,-0.11,-0.14,-0.13,-0.22,-0.18,-0.23,-0.24,-0.11,-0.17,-0.07,-0.07,-0.05,-0.12,-0.12,-0.1,-0.05,-0.08,-0.09,-0.26,-0.02,-0.11,-0.08,-0.05,-0.03,-0.09,-0.1,-0.1,0.18,0.02,-0.07,-0.15,-0.03,-0.02,-0.17,-0.06,-0.08
J6o,0,5,0,9,4,5,offsuit,0,1,0,0,0,0,0,0,0,0,0,0,0.4774831835577166,0.0717987645635535,0.4045973637279988,0.3204575471813766,0.0673685230054858,0.0577763258395367,0.0333878650742452,0.0417907043957428,0.0024058860828468,0.0004170201292134,-0.37,-0.11,-0.2,-0.26,-0.3,-0.36,-0.27,-0.35,-0.39,-0.05,-0.03,-0.03,-0.04,-0.03,-0.03,-0.02,-0.02,-0.28,-0.16,-0.23,-0.23,-0.24,-0.28,-0.31,-0.27,-0.27,-0.07,-0.05,-0.06,-0.07,-0.11,-0.11,-0.09,-0.06,-0.05,-0.07,-0.04,-0.05,-0.05,-0.04,-0.06,-0.05,-0.04,-0.04,-0.04,-0.04,-0.04,-0.03,-0.04,-0.05,-0.04,-0.04,-0.03,-0.04
J6s,1,5,0,9,4,5,suited,0,1,0,0,0,1,0,0,0,0,0,0,0.5063156987859146,0.0620371957834314,0.3627598331258164,0.2944515540869643,0.0624838421224366,0.0503034287304373,0.126019655086922,0.0393295284303812,0.0022641951073193,0.0003507675262912,-0.27,-0.01,-0.11,-0.15,-0.2,-0.14,-0.25,-0.3,-0.23,0.01,-0.03,-0.04,-0.08,-0.05,0.01,-0.08,0.01,-0.2,-0.09,-0.15,-0.19,-0.15,-0.15,-0.17,-0.11,-0.22,-0.19,-0.04,-0.1,-0.18,-0.18,-0.07,-0.12,-0.11,-0.09,-0.26,-0.04,0.0,-0.11,-0.15,-0.13,-0.07,-0.1,-0.05,-0.05,-0.11,-0.15,-0.08,-0.04,-0.07,-0.06,-0.07,-0.1,-0.06
J7o,0,4,0,9,5,4,offsuit,0,1,0,0,0,0,0,0,0,0,0,0,0.4966898562269004,0.0701238849377023,0.3988592543758569,0.3097448767907806,0.0646742198519479,0.0811913478205129,0.0325037133044671,0.040198819538272,0.0023044488212486,0.0003994345592113,-0.35,-0.07,-0.16,-0.25,-0.3,-0.3,-0.26,-0.26,-0.34,-0.05,-0.04,-0.05,-0.04,-0.05,-0.04,-0.05,-0.05,-0.28,-0.11,-0.21,-0.22,-0.24,-0.33,-0.23,-0.25,-0.3,-0.1,-0.05,-0.06,-0.09,-0.03,-0.08,-0.1,-0.06,-0.07,-0.06,-0.06,-0.06,-0.05,-0.06,-0.06,-0.04,-0.04,-0.07,-0.04,-0.06,-0.06,-0.05,-0.05,-0.04,-0.04,-0.04,-0.06,-0.05
J7s,1,4,0,9,5,4,suited,0,1,0,0,0,1,0,0,0,0,0,0,0.5241512237389241,0.0608743706651677,0.3595215358480101,0.2860703044215548,0.0602916275364043,0.0713430452810114,0.1204736019119229,0.0380239976558669,0.0021798242955689,0.0012216923844926,-0.24,0.07,-0.11,-0.07,-0.16,-0.16,-0.17,-0.25,-0.31,-0.08,0.04,0.06,-0.02,0.09,0.07,0.07,-0.04,-0.15,0.01,-0.08,-0.09,-0.13,-0.19,-0.27,-0.08,-0.19,-0.12,-0.01,-0.04,-0.06,0.03,-0.13,-0.22,-0.02,-0.04,-0.01,-0.07,0.11,-0.07,-0.01,0.13,-0.07,-0.13,-0.13,-0.11,0.03,-0.02,0.0,-0.06,-0.07,-0.05,-0.08,-0.07,-0.02
J8o,0,3,0,9,6,3,offsuit,0,1,0,0,0,0,0,0,1,0,0,0,0.5154505913322012,0.0672957410898913,0.393706330126558,0.3000884922071819,0.0622644034958182,0.1035965020950244,0.031697577977134,0.0387551522530845,0.0022123353872632,0.000383465368044,-0.26,-0.01,-0.09,-0.16,-0.23,-0.24,-0.27,-0.29,-0.32,-0.06,0.03,-0.03,-0.04,-0.05,-0.05,-0.08,-0.05,-0.28,-0.06,-0.15,-0.19,-0.17,-0.24,-0.21,-0.26,-0.23,-0.07,-0.07,-0.07,-0.04,-0.04,-0.08,-0.09,-0.08,-0.05,-0.03,-0.07,-0.1,-0.07,-0.07,0.01,-0.09,-0.06,-0.05,-0.08,-0.01,-0.04,-0.02,-0.09,-0.06,-0.09,-0.04,-0.02,-0.06
J8s,1,3,0,9,6,3,suited,0,1,0,0,0,1,0,0,1,0,0,1,0.5415732507853489,0.0586701300130198,0.3565743367748197,0.2784485152081735,0.0583137361533694,0.0916674840933214,0.1153640850460543,0.0368283406403619,0.0021024405247503,0.0020309315461293,-0.23,0.12,-0.01,-0.04,-0.09,-0.13,-0.23,-0.06,-0.16,-0.02,0.21,0.08,0.03,0.18,0.01,0.01,0.06,-0.1,0.03,-0.07,-0.07,-0.07,-0.11,-0.08,-0.18,-0.09,-0.06,0.04,0.01,-0.11,-0.03,0.05,-0.04,-0.18,0.03,-0.03,0.03,0.0,-0.04,-0.12,0.03,0.0,-0.02,-0.02,-0.03,-0.28,-0.03,-0.04,-0.05,0.05,-0.06,0.02,0.02,-0.01
J9o,0,2,0,9,7,2,offsuit,0,1,0,0,0,0,0,1,0,0,0,0,0.533594946371945,0.0631364840811941,0.3892919737306916,0.2917563850658747,0.0602209638091573,0.1246386591927731,0.0309893818127169,0.0374671369098745,0.0021298501276524,0.000369165270065,-0.27,0.03,-0.09,-0.14,-0.15,-0.17,-0.27,-0.28,-0.26,-0.05,0.09,0.01,-0.01,-0.02,-0.07,0.04,0.01,-0.22,-0.01,-0.01,-0.1,-0.17,-0.09,-0.21,-0.21,-0.22,-0.15,-0.02,-0.05,-0.12,-0.07,-0.1,-0.08,-0.07,-0.03,0.03,-0.09,-0.05,-0.09,-0.07,-0.07,-0.04,-0.07,-0.07,-0.08,-0.02,-0.08,-0.08,-0.09,-0.05,-0.08,-0.09,-0.04,-0.07
J9s,1,2,0,9,7,2,suited,0,1,0,0,0,1,0,1,0,0,1,0,0.5584368149260097,0.0552561255058752,0.3540749604349608,0.2718501170318915,0.0566309992368705,0.110906033404866,0.1107095862462852,0.035752074535517,0.0020324966180362,0.0027876069856974,-0.12,0.12,0.12,0.0,0.01,-0.11,0.07,-0.08,-0.02,0.18,0.25,0.16,0.15,0.06,0.3,0.09,0.0,-0.04,0.13,0.05,0.05,0.01,-0.09,-0.09,-0.1,-0.04,-0.09,0.09,0.13,-0.16,0.0,0.0,-0.06,-0.04,0.11,0.15,0.06,0.0,-0.07,-0.11,0.16,-0.13,0.18,0.01,-0.03,0.06,0.01,0.0,-0.01,0.17,0.05,0.0,0.12,0.07
JJo,0,0,1,9,9,0,pair,0,2,0,0,1,0,0,0,0,0,0,0,0.7764445867002695,0.0,0.3172715496369945,0.3896131729344986,0.1357901391381879,0.0188308077764869,0.0213970441768908,0.106175845647784,0.0106999914957281,0.0002214491934289,0.63,0.73,0.86,0.87,0.9,0.9,0.55,0.79,0.65,0.89,1.0,1.04,1.03,1.03,1.14,0.74,0.91,0.67,0.68,0.87,0.89,0.9,0.77,0.54,0.78,0.67,0.83,0.92,0.96,0.69,0.72,0.78,0.72,0.66,0.96,0.83,0.89,0.89,0.76,0.86,0.94,1.08,0.75,0.87,0.76,0.96,0.94,0.8,0.91,0.93,0.81,1.01,0.97,1.01
JTo,0,1,0,9,8,1,offsuit,0,2,0,0,0,0,1,0,0,0,0,0,0.5540128293889144,0.0555599463086243,0.3828145565878325,0.2823057158992325,0.0581814136609585,0.1524540168671594,0.030188379745406,0.0360957491734292,0.0020433431665771,0.0003568785907802,-0.19,0.09,0.02,-0.04,-0.08,-0.12,-0.19,-0.2,-0.15,-0.01,0.15,0.14,0.08,0.13,0.06,0.03,0.03,-0.2,0.07,-0.01,-0.02,-0.07,-0.11,-0.07,-0.11,-0.12,-0.12,0.1,-0.03,-0.08,0.03,-0.08,-0.1,-0.11,0.06,0.05,-0.06,-0.05,-0.06,-0.02,0.03,0.01,-0.06,-0.08,-0.07,0.04,0.01,-0.07,-0.02,-0.05,-0.04,0.0,-0.04,-0.03
JTs,1,1,0,9,8,1,suited,0,2,0,0,0,2,1,0,0,1,0,0,0.5774042085776575,0.0488218062676165,0.349739821348222,0.264203598357169,0.0549467094720563,0.1363697015377837,0.1058466043962889,0.0345949123857774,0.0019585636276715,0.0035182826074143,0.01,0.15,0.18,0.14,0.12,-0.03,0.2,0.0,0.04,0.15,0.32,0.25,0.25,0.17,0.31,0.25,0.21,0.07,0.18,0.15,0.07,0.13,0.03,0.22,0.07,-0.05,-0.04,0.21,0.21,0.13,0.29,0.03,0.13,0.09,0.31,0.13,0.21,0.15,0.03,0.01,0.1,0.2,0.07,0.16,0.14,0.12,0.23,0.19,0.17,0.17,0.14,0.12,0.45,0.2
K2o,0,11,0,11,0,11,offsuit,0,1,0,0,0,0,0,0,0,0,0,0,0.5053087109634029,0.087224963721577,0.4246959669061342,0.3197150445120904,0.070019058604337,0.0262927668901169,0.0303465546021923,0.0391177315474006,0.0024135295482404,0.000174383667911,-0.37,-0.09,-0.2,-0.26,-0.3,-0.26,-0.27,-0.32,-0.35,-0.06,-0.06,-0.07,-0.07,-0.03,-0.06,-0.06,-0.05,-0.26,-0.19,-0.22,-0.25,-0.26,-0.29,-0.28,-0.3,-0.29,-0.11,-0.08,-0.11,-0.12,-0.07,-0.12,-0.1,-0.06,-0.08,-0.12,-0.07,-0.07,-0.07,-0.06,-0.12,-0.07,-0.05,-0.07,-0.07,-0.09,-0.07,-0.06,-0.07,-0.04,-0.06,-0.05,-0.06,-0.05
K2s,1,11,0,11,0,11,suited,0,1,0,0,0,1,0,0,0,0,0,0,0.533435843249303,0.0757117569465647,0.3811460732429189,0.294509164093273,0.0650645749364905,0.0229873620701627,0.1211683981494165,0.0369670406804377,0.0022808338179101,0.0001647960628253,-0.22,0.01,-0.12,-0.13,-0.11,-0.22,-0.04,-0.33,-0.22,-0.12,0.05,0.0,0.04,-0.05,-0.05,-0.11,-0.02,-0.15,-0.05,-0.14,-0.08,-0.17,-0.21,-0.12,-0.17,-0.17,-0.16,-0.06,-0.03,-0.11,-0.19,-0.12,-0.03,-0.03,-0.05,-0.05,-0.12,-0.12,-0.14,-0.07,-0.11,-0.12,-0.02,0.01,-0.09,-0.12,0.0,-0.09,-0.09,0.02,-0.13,-0.05,-0.09,0.0
K3o,0,10,0,11,1,10,offsuit,0,1,0,0,0,0,0,0,0,0,0,0,0.5148802060853988,0.0868004158220484,0.4242522879359241,0.3163922346929749,0.068585526838572,0.0323980487734504,0.0304246027502232,0.038563588870047,0.0023690705181343,0.0002142237986253,-0.38,-0.07,-0.19,-0.26,-0.29,-0.27,-0.32,-0.35,-0.33,-0.05,-0.04,-0.05,-0.05,-0.08,-0.04,-0.03,-0.03,-0.27,-0.16,-0.21,-0.25,-0.26,-0.3,-0.26,-0.25,-0.29,-0.13,-0.07,-0.1,-0.12,-0.11,-0.12,-0.09,-0.06,-0.1,-0.07,-0.07,-0.03,-0.07,-0.07,-0.01,-0.04,-0.08,-0.07,-0.07,-0.09,-0.05,-0.07,-0.08,-0.08,-0.03,-0.06,-0.05,-0.06
K3s,1,10,0,11,1,10,suited,0,1,0,0,0,1,0,0,0,0,0,0,0.5422260100209289,0.0755393191538583,0.381784938368729,0.2921884118121306,0.0638914426872405,0.0283975035820377,0.11921580680668,0.0365351632692169,0.0022444585867773,0.0002029557333293,-0.12,0.02,-0.02,-0.11,-0.13,-0.26,-0.1,-0.23,-0.25,-0.05,0.1,-0.01,-0.05,-0.06,-0.08,-0.09,-0.04,-0.12,-0.05,-0.08,-0.13,-0.17,-0.14,-0.11,-0.06,-0.16,-0.1,-0.04,-0.05,-0.17,-0.12,-0.1,-0.13,-0.12,-0.04,-0.18,-0.01,-0.07,-0.02,-0.1,-0.18,-0.02,-0.13,-0.05,-0.03,-0.07,-0.09,-0.1,-0.09,-0.04,-0.04,-0.01,-0.03,-0.08
K4o,0,9,0,11,2,9,offsuit,0,1,0,0,0,0,0,0,0,0,0,0,0.5242962915442801,0.0864018267272931,0.4236793166155235,0.3132985105197623,0.0672233645971327,0.0383226388381526,0.0304543499209825,0.0380403991925741,0.0023268952195429,0.000252698369036,-0.37,-0.04,-0.18,-0.21,-0.28,-0.24,-0.32,-0.3,-0.32,0.01,-0.06,-0.06,-0.05,0.06,-0.06,-0.06,-0.06,-0.3,-0.18,-0.19,-0.22,-0.25,-0.26,-0.28,-0.27,-0.29,-0.11,-0.06,-0.1,-0.2,-0.1,-0.14,-0.12,-0.08,-0.06,-0.09,-0.08,-0.07,-0.07,-0.07,-0.04,-0.05,-0.08,-0.05,-0.06,-0.07,-0.07,-0.08,-0.08,-0.05,-0.07,-0.07,-0.05,-0.06
K4s,1,9,0,11,2,9,suited,0,1,0,0,0,1,0,0,0,0,0,0,0.5508771718184482,0.0753759537122524,0.3822407138064203,0.2900200108207293,0.0627687266947228,0.0336704663252339,0.1173499176546782,0.036124535825261,0.0022097036704182,0.0002399714902836,-0.07,0.05,0.0,-0.1,-0.11,0.16,-0.05,0.09,-0.2,-0.09,0.15,-0.01,0.01,0.11,-0.15,0.1,-0.06,-0.16,-0.01,-0.04,-0.08,-0.12,-0.19,-0.21,-0.22,-0.18,-0.09,0.04,-0.04,-0.14,-0.15,-0.1,-0.02,-0.09,-0.03,-0.17,-0.03,-0.01,-0.03,0.03,0.0,-0.04,-0.08,-0.12,-0.04,0.06,-0.02,-0.05,-0.07,-0.01,-0.02,-0.06,-0.03,-0.03
K5o,0,8,0,11,3,8,offsuit,0,1,0,0,0,0,0,0,0,0,0,0,0.534563794985738,0.0875025279092821,0.4228819631556383,0.3095564111510251,0.0657691577712725,0.0439241391011455,0.0303599577063841,0.0374365996333773,0.002280178869744,0.0002890647021307,-0.34,-0.04,-0.17,-0.23,-0.26,-0.34,-0.28,-0.28,-0.32,-0.03,-0.03,-0.07,-0.07,-0.05,-0.03,-0.03,-0.05,-0.29,-0.13,-0.19,-0.22,-0.25,-0.26,-0.24,-0.29,-0.25,-0.11,-0.09,-0.09,-0.11,-0.09,-0.1,-0.1,-0.08,-0.07,-0.08,-0.11,-0.09,-0.07,-0.07,-0.11,-0.07,-0.06,-0.06,-0.09,-0.07,-0.07,-0.07,-0.07,-0.06,-0.06,-0.07,-0.07,-0.09
K5s,1,8,0,11,3,8,suited,0,1,0,0,0,1,0,0,0,0,0,0,0.5602914753685008,0.0765296289804932,0.3825554034688774,0.2872980357002341,0.0615667837896404,0.0386916846481234,0.1152698610999636,0.0356424872251429,0.0021709035284132,0.0002752115591114,-0.13,0.08,0.05,-0.1,-0.14,0.07,-0.21,-0.15,-0.16,0.01,0.09,0.04,-0.02,0.1,0.08,-0.05,-0.08,-0.21,0.02,-0.02,-0.1,-0.16,-0.06,-0.15,-0.24,-0.17,-0.06,0.0,0.01,-0.02,-0.17,-0.07,-0.13,-0.04,-0.05,0.04,0.06,0.02,-0.02,-0.06,0.23,-0.04,-0.08,-0.12,-0.01,-0.06,-0.01,-0.03,0.01,-0.04,-0.07,-0.08,-0.04,0.02
K6o,0,7,0,11,4,7,offsuit,0,1,0,0,0,0,0,0,0,0,0,0,0.5439249164369245,0.0891679381577233,0.4262053036246986,0.3073763136258703,0.0645861876446179,0.0430479571060999,0.0302516040172531,0.036846697074336,0.0022347001998363,0.0002832985495642,-0.32,-0.01,-0.13,-0.18,-0.25,-0.3,-0.23,-0.29,-0.31,-0.06,-0.02,-0.05,-0.05,-0.09,-0.05,-0.04,-0.05,-0.27,-0.11,-0.17,-0.18,-0.22,-0.19,-0.19,-0.22,-0.23,-0.1,-0.07,-0.11,-0.12,-0.16,-0.07,-0.13,-0.05,-0.07,-0.04,-0.09,-0.07,-0.06,-0.07,-0.1,-0.05,-0.06,-0.09,-0.06,-0.06,-0.06,-0.07,-0.07,-0.07,-0.06,-0.06,-0.04,-0.06
K6s,1,7,0,11,4,7,suited,0,1,0,0,0,1,0,0,0,0,0,0,0.568938879241124,0.0781475270830991,0.3865158439016702,0.2859360182663176,0.0605960521530397,0.0380062935347254,0.1132346744806048,0.0351608011743113,0.0021324529917056,0.0002703364145258,-0.17,0.05,-0.07,-0.02,-0.09,0.13,-0.11,-0.22,-0.22,-0.03,0.03,0.0,0.03,0.1,0.0,0.1,0.16,-0.17,0.05,-0.06,-0.1,-0.14,-0.13,-0.11,-0.07,-0.17,-0.11,0.07,-0.02,-0.14,-0.04,-0.06,0.02,0.03,-0.01,-0.07,-0.09,-0.1,-0.04,-0.03,0.07,0.02,-0.03,-0.08,-0.08,-0.02,-0.07,-0.06,-0.06,-0.07,-0.12,0.07,-0.1,0.01
K7o,0,6,0,11,5,6,offsuit,0,1,0,0,0,0,0,0,0,0,0,0,0.5537772397491616,0.0912798663792307,0.4295737623025373,0.3048186087307901,0.0634045729985808,0.042145204168421,0.0300853457164019,0.0362274402139512,0.0021878419564277,0.0002773575336588,-0.32,-0.02,-0.12,-0.16,-0.21,-0.25,-0.27,-0.27,-0.3,-0.04,0.01,-0.04,-0.04,-0.12,-0.03,-0.09,-0.08,-0.26,-0.1,-0.12,-0.16,-0.21,-0.24,-0.3,-0.23,-0.29,-0.13,-0.05,-0.08,-0.1,-0.1,-0.1,-0.13,-0.09,-0.07,-0.16,-0.08,-0.09,-0.08,-0.07,-0.1,-0.05,-0.06,-0.08,-0.07,-0.06,0.02,-0.06,-0.08,-0.05,-0.06,-0.06,-0.06,-0.05
K7s,1,6,0,11,5,6,suited,0,1,0,0,0,1,0,0,0,0,0,0,0.5780165446074298,0.0801687903433507,0.3905345095149864,0.2842394151874594,0.0596261085209062,0.0372973974919575,0.111124045872873,0.0346517555361373,0.0020926834514971,0.0002652940808319,-0.12,0.06,0.03,-0.04,0.01,-0.14,-0.07,-0.17,-0.07,0.0,0.15,0.1,0.1,-0.01,0.16,0.11,0.0,-0.07,0.06,-0.03,-0.02,-0.07,0.07,-0.11,-0.11,-0.11,-0.09,0.04,0.03,0.0,0.07,-0.04,-0.12,-0.03,0.06,0.16,0.11,-0.07,0.0,0.12,0.17,-0.02,0.08,0.0,-0.04,-0.03,-0.02,-0.07,-0.04,0.03,-0.04,-0.04,-0.02,0.03
K8o,0,5,0,11,6,5,offsuit,0,1,0,0,0,0,0,0,0,0,0,0,0.562177141893959,0.0944731409510765,0.4349349555240772,0.3035174243891656,0.0624519395969594,0.0365249525059022,0.0299754527403148,0.0357028672694499,0.0021470779041098,0.0002721891189442,-0.28,0.01,-0.08,-0.16,-0.19,-0.24,-0.25,-0.26,-0.27,-0.08,0.01,-0.03,-0.06,-0.08,0.01,-0.08,-0.05,-0.27,-0.07,-0.11,-0.17,-0.16,-0.26,-0.28,-0.23,-0.27,-0.13,-0.04,-0.08,-0.1,-0.11,-0.11,-0.13,-0.1,-0.04,-0.09,-0.07,-0.08,-0.09,-0.09,-0.14,-0.06,-0.07,-0.07,-0.06,-0.12,-0.07,-0.09,-0.08,-0.07,-0.09,-0.07,-0.06,-0.06
K8s,1,5,0,11,6,5,suited,0,1,0,0,0,1,0,0,0,0,0,0,0.5857331121129751,0.0831281985360406,0.396207969710595,0.2836200005673511,0.0588463758861369,0.0323855778414889,0.1093087779737419,0.0342199770781545,0.0020578995196964,0.0002252228867943,-0.12,0.1,-0.01,0.05,-0.06,0.04,-0.19,0.0,-0.11,0.01,0.13,0.07,0.09,0.06,0.16,0.08,0.04,-0.08,0.09,0.06,0.0,-0.07,-0.07,-0.06,-0.09,-0.13,-0.04,0.03,0.06,0.06,0.02,0.01,0.03,-0.02,0.08,0.0,0.05,0.07,-0.01,-0.03,-0.13,-0.04,0.02,0.06,0.0,0.13,0.0,-0.01,-0.09,0.07,-0.01,0.07,-0.02,0.0
K9o,0,4,0,11,7,4,offsuit,0,1,0,0,0,0,0,0,0,0,0,0,0.5803766754672562,0.0899267111919766,0.4306368581287316,0.2954789825454435,0.0605494481706165,0.0571181700078333,0.0293591915544081,0.0345961052449138,0.0020718790645666,0.0002626540915096,-0.22,0.08,-0.04,-0.09,-0.11,-0.23,-0.15,-0.25,-0.22,-0.05,0.14,0.04,-0.01,0.04,-0.04,-0.03,-0.07,-0.26,0.03,-0.07,-0.1,-0.14,-0.12,-0.1,-0.16,-0.19,-0.13,0.02,-0.05,-0.14,-0.12,-0.1,-0.11,-0.1,-0.01,-0.09,-0.09,-0.1,-0.09,-0.09,-0.05,-0.06,-0.05,-0.09,-0.1,-0.09,-0.05,-0.07,-0.08,-0.08,-0.07,-0.1,-0.06,-0.06
K9s,1,4,0,11,7,4,suited,0,1,0,0,0,1,0,0,0,0,0,0,0.6026571891979073,0.0793982252823925,0.3937732185815582,0.2771235121583682,0.0572590726784792,0.0510813251679596,0.105113629690842,0.033279208247975,0.0019930585246536,0.0009787496677713,-0.02,0.15,0.08,0.12,0.11,0.04,-0.08,-0.01,-0.04,0.02,0.26,0.27,0.23,0.09,0.18,0.12,0.07,-0.07,0.13,0.1,0.11,0.06,0.03,0.03,0.05,-0.03,-0.06,0.22,0.1,-0.01,0.06,0.06,0.07,0.04,0.15,0.25,0.12,-0.04,0.05,0.13,0.19,-0.09,0.0,0.07,0.03,0.07,0.09,0.03,0.02,0.19,0.1,0.07,0.1,0.09
KJo,0,2,0,11,9,2,offsuit,0,2,0,0,0,0,0,1,0,0,0,0,0.6081249655899678,0.081926382451125,0.4296826018442171,0.2877177265005694,0.0584088356291607,0.0782442027374275,0.0287333461021609,0.0331047576208984,0.0019661741808732,0.0002159729335674,-0.17,0.19,0.12,0.07,0.05,0.02,0.06,-0.08,-0.08,0.06,0.27,0.26,0.2,0.3,0.15,0.21,0.09,-0.08,0.15,0.08,0.07,0.03,-0.05,-0.03,-0.04,0.0,-0.03,0.19,0.13,0.04,-0.02,-0.03,0.03,-0.02,0.16,0.16,0.16,0.04,0.02,-0.03,0.21,0.11,0.1,0.09,-0.04,0.13,0.09,0.03,0.05,0.11,0.09,0.01,0.1,0.09
KJs,1,2,0,11,9,2,suited,0,2,0,0,0,2,0,1,0,0,1,0,0.6284761953896628,0.0726752959173529,0.3949606728430825,0.2712443007054047,0.0555036204510723,0.0705337772940521,0.099515249949507,0.03200695675972,0.0019010608300768,0.0016590652497313,0.12,0.25,0.3,0.26,0.28,0.37,0.3,0.13,0.17,0.4,0.39,0.4,0.41,0.27,0.35,0.43,0.44,0.17,0.25,0.24,0.31,0.3,0.24,0.17,0.31,0.17,0.13,0.35,0.33,0.19,0.27,0.15,0.19,0.27,0.38,0.51,0.22,0.27,0.1,0.32,0.34,0.36,0.42,0.2,0.23,0.52,0.36,0.24,0.24,0.4,0.35,0.29,0.28,0.29
KKo,0,0,1,11,11,0,pair,0,2,0,0,1,0,0,0,0,0,0,0,0.8257703262441572,0.0,0.3311090151010871,0.3955213822586568,0.1309252439483496,0.0090992591584256,0.0214623906506273,0.1016262131082533,0.0101518902130343,0.0001046055615657,1.73,0.95,1.32,1.49,1.72,1.88,1.64,1.53,1.62,2.09,1.35,1.67,1.72,1.81,1.84,1.78,2.06,1.9,0.98,1.37,1.52,1.73,1.28,1.77,1.74,1.69,1.72,1.55,1.64,1.63,1.58,1.84,1.7,1.7,1.65,1.53,1.61,1.54,1.66,1.59,1.75,1.71,1.73,1.73,1.9,1.8,1.67,1.75,2.01,1.8,1.96,1.97,1.95,1.94
KQo,0,1,0,11,10,1,offsuit,0,2,0,0,0,0,1,0,0,0,0,0,0.6169521209555511,0.082215783273227,0.435950622693566,0.2885602838547563,0.0581867839180584,0.0715579505942068,0.0287200082646854,0.0326973309315803,0.0019339501162366,0.0001772863536828,0.0,0.2,0.17,0.14,0.15,0.23,0.05,0.06,-0.01,0.17,0.36,0.33,0.27,0.25,0.28,0.21,0.22,0.03,0.17,0.2,0.23,0.16,0.11,0.08,0.07,0.06,0.06,0.26,0.21,0.11,0.16,0.06,0.16,0.15,0.25,0.2,0.18,0.1,0.11,0.08,0.26,0.07,0.13,0.15,0.09,0.25,0.13,0.13,0.13,0.16,0.13,0.14,0.2,0.15
KQs,1,1,0,11,10,1,suited,0,2,0,0,0,2,1,0,0,1,0,0,0.6367164418940464,0.0730268087650774,0.4013318683757472,0.2724573192224944,0.0553626341809273,0.0646394086561796,0.0980488040980861,0.0316602029916402,0.0018726931140507,0.0016002605957966,0.17,0.37,0.35,0.32,0.3,0.18,0.07,0.29,0.37,0.42,0.5,0.59,0.52,0.3,0.58,0.46,0.68,0.36,0.3,0.36,0.28,0.32,0.67,0.4,0.41,0.35,0.4,0.41,0.44,0.62,0.3,0.38,0.42,0.31,0.45,0.53,0.12,0.31,0.38,0.36,0.36,0.26,0.28,0.44,0.31,0.32,0.37,0.38,0.42,0.4,0.41,0.45,0.42,0.4
KTo,0,3,0,11,8,3,offsuit,0,2,0,0,0,0,0,0,1,0,0,0,0.5998753095744848,0.0818424507364058,0.4229188387067813,0.2869697005328273,0.0586883585497674,0.0850930262509079,0.0287332383925007,0.0335006237966401,0.0019979845161352,0.0002557785180339,-0.16,0.14,0.06,0.06,-0.03,-0.01,-0.05,-0.22,-0.1,0.07,0.2,0.14,0.13,0.15,0.02,0.01,0.04,-0.2,0.1,0.05,-0.01,-0.01,0.11,-0.03,-0.09,-0.07,-0.07,0.11,0.06,0.06,0.0,-0.08,-0.06,-0.09,0.06,0.07,-0.03,-0.04,0.01,-0.06,0.03,-0.03,-0.02,-0.02,-0.06,0.09,0.04,-0.06,-0.06,-0.01,-0.03,-0.04,0.0,0.0
KTs,1,3,0,11,8,3,suited,0,2,0,0,0,2,0,0,1,0,0,1,0.620788103116255,0.0725079058919392,0.3881687487784577,0.270124038409639,0.0556959123558108,0.0765560133920752,0.1009583147184422,0.0323416372183427,0.0019289518249745,0.0017184774103184,0.03,0.28,0.2,0.21,0.2,0.35,0.2,0.19,0.01,0.31,0.36,0.39,0.28,0.38,0.16,0.29,0.15,0.15,0.25,0.21,0.17,0.22,0.19,0.09,0.07,0.08,0.11,0.29,0.29,0.2,0.05,0.24,0.1,0.19,0.22,0.02,-0.05,0.22,0.06,0.15,0.25,0.17,0.23,0.37,0.1,0.27,0.21,0.1,0.27,0.23,0.14,0.06,0.28,0.09
Q2o,0,10,0,10,0,10,offsuit,0,1,0,0,0,0,0,0,0,0,0,0,0.4717181660664534,0.0773288314456364,0.4131660357034982,0.3257216568086284,0.0718219619041663,0.0354620959756072,0.0319517136009412,0.0418068504617369,0.0025065813771014,0.0002342727226836,-0.4,-0.11,-0.22,-0.27,-0.33,-0.35,-0.37,-0.33,-0.38,-0.04,-0.06,-0.05,-0.05,-0.02,-0.04,-0.03,-0.03,-0.3,-0.23,-0.24,-0.25,-0.26,-0.29,-0.3,-0.25,-0.28,-0.11,-0.07,-0.07,-0.06,-0.09,-0.1,-0.1,-0.05,-0.05,-0.05,-0.04,-0.05,-0.06,-0.04,-0.07,-0.04,-0.05,-0.04,-0.05,-0.05,0.0,-0.03,-0.05,-0.05,-0.03,-0.04,-0.02,-0.04
Q2s,1,10,0,10,0,10,suited,0,1,0,0,0,1,0,0,0,0,0,0,0.5017632532443549,0.0665983254490155,0.3684162021424743,0.2979940519841645,0.0663070463431844,0.0307681053569525,0.1281393876431346,0.0392065054149347,0.0023506744767641,0.000219701189375,-0.24,-0.01,-0.09,-0.15,-0.22,-0.15,-0.22,-0.27,-0.13,-0.08,-0.07,-0.06,-0.08,-0.11,-0.1,0.01,-0.07,-0.29,-0.16,-0.18,-0.15,-0.17,-0.17,-0.12,-0.17,-0.23,-0.11,-0.08,-0.12,-0.15,-0.13,-0.08,-0.12,-0.1,-0.06,-0.24,0.0,-0.1,-0.13,-0.11,-0.06,0.03,-0.12,-0.08,-0.1,-0.03,-0.04,-0.06,-0.05,-0.25,-0.05,-0.11,-0.06,-0.1
Q3o,0,9,0,10,1,9,offsuit,0,1,0,0,0,0,0,0,0,0,0,0,0.4813769814575682,0.0770739519002013,0.4128841821497817,0.3220965332809185,0.0702397400169047,0.0418199838418577,0.0319991825031358,0.0411539279982874,0.002456738548355,0.0002757597605577,-0.34,-0.11,-0.23,-0.28,-0.3,-0.34,-0.32,-0.34,-0.33,-0.04,-0.04,-0.03,-0.05,-0.07,-0.03,-0.04,-0.04,-0.27,-0.19,-0.23,-0.23,-0.28,-0.16,-0.26,-0.28,-0.29,-0.12,-0.06,-0.07,-0.12,-0.11,-0.09,-0.1,-0.03,-0.04,-0.07,-0.09,-0.05,-0.05,-0.05,-0.06,-0.04,-0.04,-0.04,-0.03,-0.06,-0.04,-0.04,-0.05,-0.03,-0.03,-0.05,-0.04,-0.04
Q3s,1,9,0,10,1,9,suited,0,1,0,0,0,1,0,0,0,0,0,0,0.5106350614938847,0.0665740125867591,0.3692849152332965,0.2955215129586643,0.0650290682954592,0.03638843290401,0.1259283778741432,0.0387038591187995,0.002310478423134,0.0002593426057338,-0.33,0.0,-0.12,-0.18,-0.17,-0.24,-0.03,-0.22,-0.23,0.01,-0.01,-0.02,-0.03,-0.06,-0.02,-0.08,-0.01,-0.27,-0.1,-0.08,-0.18,-0.17,-0.19,-0.24,-0.26,-0.24,-0.01,0.01,-0.11,0.13,-0.1,-0.13,-0.17,-0.12,-0.07,0.01,-0.11,-0.12,-0.09,-0.08,-0.08,-0.13,-0.05,-0.12,-0.01,0.02,-0.14,-0.08,-0.07,-0.04,-0.07,-0.13,-0.05,-0.13
Q4o,0,8,0,10,2,8,offsuit,0,1,0,0,0,0,0,0,0,0,0,0,0.4908747995345647,0.0768382154408665,0.4124587254016162,0.3187236357789105,0.0687413116268366,0.0479764614518671,0.0319969503665929,0.0405393530087784,0.0024096138942966,0.000315733030235,-0.39,-0.1,-0.22,-0.27,-0.32,-0.33,-0.26,-0.33,-0.35,-0.05,-0.03,-0.05,-0.06,-0.07,-0.06,-0.05,-0.04,-0.27,-0.2,-0.24,-0.24,-0.23,-0.28,-0.3,-0.28,-0.32,-0.08,-0.06,-0.07,-0.06,-0.11,-0.1,-0.09,-0.05,-0.05,-0.07,-0.05,-0.07,-0.05,-0.03,-0.09,-0.06,-0.06,-0.04,-0.04,-0.01,-0.04,-0.05,-0.04,-0.01,-0.04,-0.04,-0.06,-0.03
Q4s,1,8,0,10,2,8,suited,0,1,0,0,0,1,0,0,0,0,0,0,0.5193632826729289,0.066553054021551,0.3699520921669187,0.2932101248694052,0.0638093887327728,0.0418568187228946,0.1238214559009306,0.0382271608503774,0.0022721797731857,0.0002977249619637,-0.25,-0.03,-0.08,-0.08,-0.17,-0.33,-0.19,-0.22,-0.27,-0.06,-0.02,-0.08,-0.02,-0.11,0.04,-0.06,-0.08,-0.19,-0.04,-0.1,-0.08,-0.19,-0.15,-0.04,-0.16,-0.25,-0.09,-0.09,-0.1,-0.08,-0.12,-0.1,-0.19,-0.11,-0.06,-0.03,-0.07,-0.09,-0.12,-0.1,0.0,-0.15,-0.03,-0.1,-0.12,-0.08,-0.1,-0.06,-0.07,-0.07,-0.01,-0.01,-0.11,-0.05
Q5o,0,7,0,10,3,7,offsuit,0,1,0,0,0,0,0,0,0,0,0,0,0.5012550743104514,0.0782260094628657,0.4118235717619098,0.3146473599447595,0.0671467929673057,0.0537502439449906,0.0318593325801043,0.0398358409685167,0.0023576387075625,0.0003532096619848,-0.39,-0.09,-0.21,-0.22,-0.29,-0.18,-0.3,-0.34,-0.34,-0.05,-0.04,-0.03,-0.06,-0.07,-0.06,-0.04,-0.04,-0.31,-0.18,-0.21,-0.24,-0.25,-0.24,-0.3,-0.29,-0.29,-0.1,-0.06,-0.09,-0.08,-0.11,-0.09,-0.09,-0.07,-0.05,-0.07,-0.05,-0.06,-0.04,-0.04,-0.05,-0.02,-0.06,-0.06,-0.05,-0.04,-0.05,-0.04,-0.03,-0.04,-0.05,-0.05,-0.03,-0.04
Q5s,1,7,0,10,3,7,suited,0,1,0,0,0,1,0,0,0,0,0,0,0.5288817017989857,0.067947863085829,0.3704963034152115,0.2903015771917236,0.062507298345724,0.0470299856752048,0.1214811637547615,0.0376721971753597,0.0022295859231326,0.0003340254330529,-0.15,0.04,-0.06,-0.19,-0.19,-0.42,-0.17,-0.25,-0.23,-0.09,-0.02,-0.03,-0.02,-0.02,0.0,0.0,-0.04,-0.21,0.0,-0.07,-0.12,-0.16,-0.11,-0.07,-0.25,-0.2,-0.02,-0.02,-0.08,-0.05,-0.01,-0.12,-0.11,-0.03,-0.02,0.03,0.11,-0.11,-0.08,-0.09,-0.05,-0.08,-0.15,-0.08,-0.05,-0.05,-0.07,-0.07,-0.06,-0.02,-0.07,-0.12,-0.06,-0.06
Q6o,0,6,0,10,4,6,offsuit,0,1,0,0,0,0,0,0,0,0,0,0,0.5106733378879061,0.0800802381871445,0.4156040607498643,0.3123123344198349,0.0658626154966844,0.052612082562229,0.0317154637092892,0.0391597528799092,0.0023077215474364,0.0003457304476077,-0.38,-0.07,-0.18,-0.23,-0.28,-0.29,-0.32,-0.34,-0.35,-0.06,-0.03,-0.04,-0.05,0.04,-0.03,-0.04,-0.05,-0.28,-0.13,-0.22,-0.21,-0.26,-0.26,-0.27,-0.29,-0.29,-0.11,-0.07,-0.07,-0.08,-0.03,-0.12,-0.08,-0.06,-0.05,-0.12,-0.08,-0.06,-0.06,-0.06,-0.04,-0.07,-0.05,-0.05,-0.06,-0.08,-0.06,-0.07,-0.05,-0.06,-0.04,-0.05,-0.04,-0.04
Q6s,1,6,0,10,4,6,suited,0,1,0,0,0,1,0,0,0,0,0,0,0.5375786990854152,0.0697180704389395,0.3749146052274398,0.2888894452390448,0.0614662696121125,0.0461510781396594,0.1192179096294724,0.0371269141996738,0.0021879244271832,0.0003277830864742,-0.15,0.0,-0.08,-0.07,-0.13,-0.05,-0.29,-0.17,-0.2,-0.03,0.07,0.01,-0.02,-0.03,-0.11,-0.07,0.07,-0.2,-0.02,-0.08,-0.13,-0.17,-0.11,-0.03,-0.18,-0.23,-0.16,0.0,-0.08,0.03,-0.1,-0.08,-0.09,-0.09,-0.05,0.0,-0.08,-0.05,-0.07,-0.05,-0.03,-0.03,-0.1,-0.17,-0.13,0.18,0.0,-0.02,-0.03,-0.09,-0.09,-0.07,-0.05,-0.03
Q7o,0,5,0,10,5,5,offsuit,0,1,0,0,0,0,0,0,0,0,0,0,0.5183393609804328,0.0838410984889704,0.4208667227934459,0.3112443575522118,0.0648099433155296,0.0463814457136195,0.0316395922430239,0.0386116539551057,0.0022657450435596,0.0003394408945332,-0.34,-0.05,-0.17,-0.18,-0.29,-0.32,-0.33,-0.3,-0.37,-0.05,-0.04,-0.03,-0.06,-0.06,-0.03,-0.03,-0.03,-0.29,-0.12,-0.16,-0.2,-0.24,-0.23,-0.23,-0.26,-0.29,-0.11,-0.07,-0.09,-0.12,-0.1,-0.07,-0.09,-0.07,-0.07,-0.01,-0.06,-0.06,-0.05,-0.06,-0.06,-0.03,-0.08,-0.03,-0.07,-0.03,-0.06,-0.05,-0.05,-0.05,-0.07,-0.06,-0.05,-0.07
Q7s,1,5,0,10,5,5,suited,0,1,0,0,0,1,0,0,0,0,0,0,0.5446096439407995,0.0731322022435654,0.3804922799148278,0.288536080910334,0.0606114182981659,0.0407688216404414,0.1173362010020283,0.0366862775019929,0.002152762017294,0.00028395647135,-0.17,0.03,-0.01,-0.08,-0.11,-0.1,-0.17,-0.17,-0.17,0.04,0.05,0.1,-0.02,0.08,0.08,0.0,-0.05,-0.2,0.0,-0.11,-0.05,-0.12,-0.2,-0.16,-0.22,-0.2,-0.04,0.0,0.0,-0.13,-0.11,-0.09,-0.09,-0.12,0.0,-0.18,0.01,-0.11,-0.12,-0.1,0.19,-0.02,-0.07,-0.16,-0.08,0.06,-0.05,-0.13,-0.04,-0.11,-0.04,-0.03,-0.09,-0.06
Q8o,0,4,0,10,6,4,offsuit,0,1,0,0,0,0,0,0,0,0,0,0,0.537241234358355,0.0809168589614484,0.4158388553241937,0.3017720824555997,0.0624993606443601,0.0683302418501933,0.0308774060766425,0.037261637969867,0.0021773596850019,0.000326197032693,-0.3,-0.04,-0.14,-0.16,-0.23,-0.26,-0.24,-0.29,-0.32,-0.07,0.01,-0.01,-0.05,-0.03,-0.06,-0.05,-0.04,-0.28,-0.08,-0.12,-0.18,-0.19,-0.24,-0.26,-0.24,-0.28,-0.11,-0.05,-0.08,-0.09,-0.11,-0.12,-0.09,-0.1,-0.08,-0.02,-0.08,-0.05,-0.06,-0.08,-0.04,-0.04,-0.08,-0.07,-0.09,-0.09,-0.07,-0.05,-0.03,-0.08,-0.05,-0.07,-0.07,-0.05
Q8s,1,4,0,10,6,4,suited,0,1,0,0,0,1,0,0,0,0,0,0,0.5621675804949521,0.0708682871435135,0.3776567565180532,0.2809893885595535,0.0587056564109955,0.0605958274867086,0.1124544872130953,0.0355580374693582,0.0020778582799732,0.0010937009187487,-0.18,0.11,0.02,0.01,-0.1,0.09,-0.11,-0.11,-0.16,0.02,0.14,0.08,0.02,0.22,0.01,-0.14,0.06,-0.1,0.04,-0.01,-0.03,-0.09,-0.17,-0.19,-0.15,-0.1,-0.07,0.11,0.03,0.02,0.14,-0.09,-0.03,-0.07,-0.02,0.04,-0.03,-0.02,-0.03,-0.12,0.04,0.22,0.01,0.04,0.02,0.03,-0.03,-0.02,0.02,-0.06,-0.08,-0.06,0.01,-0.07
Q9o,0,3,0,10,7,3,offsuit,0,1,0,0,0,0,0,0,1,0,0,0,0.5552604280373178,0.0763928022848416,0.4112063738018033,0.2936220124797772,0.0605088998979467,0.0895554735772273,0.0302244559994894,0.0360761864125438,0.0020992958818791,0.0003144996644912,-0.22,0.02,-0.03,-0.14,-0.18,-0.24,-0.11,-0.24,-0.21,-0.07,0.04,0.07,-0.04,0.1,-0.06,-0.07,-0.03,-0.25,-0.02,-0.09,-0.06,-0.15,-0.22,-0.2,-0.22,-0.2,-0.11,-0.01,-0.06,-0.1,-0.06,-0.1,-0.13,-0.11,-0.03,-0.1,-0.08,-0.02,-0.06,-0.05,-0.02,-0.08,-0.04,-0.09,-0.09,-0.04,-0.04,-0.09,-0.08,-0.06,-0.09,-0.05,-0.07,-0.05
Q9s,1,3,0,10,7,3,suited,0,1,0,0,0,1,0,0,1,0,0,1,0.5789184769649032,0.0671482061054522,0.374934553681807,0.2744666424499863,0.0570531072314423,0.0799168222781962,0.1080582578891394,0.0345594107315238,0.0020111262018257,0.0018518734306266,-0.13,0.16,0.07,0.04,0.01,-0.15,-0.03,-0.01,-0.14,0.0,0.18,0.21,0.19,0.12,0.17,0.23,0.08,-0.07,0.03,0.01,0.04,0.06,0.04,0.06,0.08,-0.02,-0.04,0.2,0.12,0.29,0.09,-0.02,0.04,0.11,0.11,0.07,0.24,-0.06,0.07,0.07,0.05,0.02,0.0,0.05,0.06,0.31,0.08,0.05,-0.07,0.09,-0.01,-0.01,-0.04,0.01
QJo,0,1,0,10,9,1,offsuit,0,2,0,0,0,0,1,0,0,0,0,0,0.5833958631224174,0.0690248655750811,0.4107883590465548,0.28560573014953,0.0582824918903805,0.1100968952936498,0.0295189548407844,0.0344327586392664,0.0019870281693408,0.000262916395412,-0.11,0.11,0.11,0.05,0.03,0.0,-0.16,-0.07,-0.13,0.02,0.25,0.19,0.17,0.24,0.08,0.02,0.03,-0.1,0.16,0.07,0.03,-0.01,-0.14,-0.11,-0.1,-0.12,-0.1,0.12,0.11,-0.03,0.0,-0.02,-0.02,-0.08,0.14,0.01,0.06,0.06,-0.07,-0.01,0.05,0.06,0.03,-0.01,-0.1,0.01,0.12,-0.03,0.03,0.18,-0.02,-0.03,0.04,0.02
QJs,1,1,0,10,9,1,suited,0,2,0,0,0,2,1,0,0,1,0,0,0.6050896735833807,0.0609793325990174,0.3766671634917748,0.2684726204199232,0.0552439314459991,0.0989646238242548,0.1020723275849986,0.0331681782486782,0.0019141847294881,0.0025176376558654,0.07,0.24,0.29,0.16,0.15,0.29,0.14,0.16,0.06,0.23,0.3,0.31,0.35,0.52,0.41,0.11,0.39,0.17,0.16,0.25,0.22,0.31,0.22,-0.04,0.12,0.06,0.15,0.31,0.27,0.15,0.45,0.2,0.25,0.11,0.34,0.39,0.26,0.18,0.13,0.16,0.3,0.26,0.3,0.2,0.3,0.35,0.29,0.21,0.13,0.25,0.25,0.2,0.21,0.34
QQo,0,0,1,10,10,0,pair,0,2,0,0,1,0,0,0,0,0,0,0,0.8010166460077921,0.0,0.3242470393327019,0.3928163036620734,0.1332867241021575,0.0138139197598543,0.0214258648260071,0.1038362086772148,0.0104127268218791,0.0001612128181116,1.22,0.85,1.05,1.14,1.3,0.88,1.04,1.16,1.14,1.36,1.2,1.24,1.46,1.39,1.41,1.33,1.36,1.18,0.88,1.04,1.2,1.31,1.23,1.34,1.13,0.99,1.28,1.18,1.27,1.26,1.21,1.09,1.27,1.21,1.32,0.89,1.12,1.16,1.13,1.21,1.07,1.27,1.32,1.2,1.22,1.5,1.19,1.24,1.24,1.51,1.33,1.22,1.26,1.49
QTo,0,2,0,10,8,2,offsuit,0,2,0,0,0,0,0,1,0,0,0,0,0.5749207871705951,0.0684992035142499,0.4034685525804422,0.2848832607283368,0.0585876489827223,0.1178200309377036,0.0295384141372489,0.0348764426646715,0.0020210619639063,0.000305384490718,-0.16,0.09,0.03,-0.01,-0.04,-0.08,-0.08,-0.09,-0.14,0.01,0.15,0.14,0.06,0.02,0.11,0.01,0.03,-0.16,0.07,-0.01,-0.04,-0.04,-0.01,-0.14,-0.15,-0.14,-0.1,0.09,0.03,-0.04,-0.09,-0.06,-0.12,-0.07,0.07,-0.02,-0.09,-0.08,-0.06,-0.05,0.09,-0.09,-0.04,-0.05,-0.08,0.01,0.02,-0.1,-0.12,-0.03,-0.03,-0.03,0.02,-0.03
QTs,1,2,0,10,8,2,suited,0,2,0,0,0,2,0,1,0,0,1,0,0.59719671954716,0.060430069045593,0.3693715444221423,0.267345572716047,0.0554527801397981,0.105690043345021,0.1036324461610322,0.0335406442547121,0.001943788572274,0.0025931113433799,-0.03,0.2,0.13,0.15,0.16,0.27,0.11,-0.03,0.09,0.07,0.33,0.35,0.3,0.23,0.13,0.31,0.26,0.02,0.19,0.17,0.12,0.11,0.16,-0.09,0.01,0.18,0.04,0.28,0.25,0.4,0.32,0.11,0.1,0.12,0.27,0.27,0.23,0.09,0.24,0.11,0.16,0.18,0.12,0.06,0.02,0.08,0.21,0.11,0.15,0.26,0.29,0.15,0.17,0.12
T2o,0,8,0,8,0,8,offsuit,0,1,0,0,0,0,0,0,0,0,0,0,0.4124288881426693,0.056179760127962,0.3830602152305997,0.3417636063102571,0.0754953643974664,0.0574105757666636,0.0353334928825637,0.0476390188699161,0.0027403892486076,0.0003775771659634,-0.42,-0.15,-0.25,-0.3,-0.35,-0.33,-0.35,-0.37,-0.37,-0.01,-0.02,-0.03,-0.02,-0.06,-0.02,-0.02,-0.01,-0.28,-0.23,-0.26,-0.25,-0.25,-0.28,-0.26,-0.29,-0.28,-0.1,-0.03,-0.04,-0.09,-0.08,-0.06,-0.08,-0.01,-0.03,-0.04,-0.02,-0.02,-0.03,-0.02,-0.03,0.01,-0.02,-0.02,-0.02,0.01,-0.02,-0.02,-0.02,0.0,-0.02,-0.02,-0.02,-0.01
T2s,1,8,0,8,0,8,suited,0,1,0,0,0,1,0,0,0,0,0,0,0.4459072965531266,0.0475682755842146,0.3369553576997279,0.3079342400738044,0.0687182344169943,0.0489951732315545,0.1430103918526143,0.0439423097654688,0.0025277395735016,0.0003482778021192,-0.31,-0.08,-0.16,-0.22,-0.26,-0.29,-0.29,-0.32,-0.36,-0.1,-0.12,-0.06,-0.07,-0.08,-0.06,-0.08,-0.08,-0.29,-0.17,-0.2,-0.21,-0.24,0.04,-0.3,-0.31,-0.28,-0.11,-0.06,-0.11,-0.13,-0.14,-0.1,-0.11,-0.1,-0.11,-0.19,-0.1,-0.05,-0.11,-0.08,-0.04,-0.06,-0.06,0.02,-0.07,-0.05,-0.07,-0.04,-0.07,-0.06,-0.05,-0.1,-0.01,-0.06
T3o,0,7,0,8,1,7,offsuit,0,1,0,0,0,0,0,0,0,0,0,0,0.4221472849783974,0.0562408575161763,0.3833845152524955,0.3374163673960085,0.0735960824543596,0.0641961400722109,0.0353098723284814,0.0467564543207647,0.0026778577473774,0.0004218529121253,-0.41,-0.14,-0.21,-0.29,-0.34,-0.39,-0.38,-0.36,-0.41,-0.02,-0.02,-0.02,-0.02,-0.02,-0.02,-0.02,-0.01,-0.28,-0.25,-0.26,-0.26,-0.26,-0.3,-0.29,-0.25,-0.26,-0.09,-0.03,-0.05,-0.09,-0.08,-0.08,-0.07,-0.03,-0.02,-0.04,-0.04,-0.02,-0.02,-0.03,-0.02,-0.02,-0.03,-0.02,-0.01,-0.02,-0.02,-0.02,-0.01,-0.02,-0.02,-0.02,-0.03,-0.02
T3s,1,7,0,8,1,7,suited,0,1,0,0,0,1,0,0,0,0,0,0,0.4548348512495664,0.0477969441081556,0.3385048382967709,0.3051101281076803,0.0672272137042347,0.0549823933274417,0.1402269478109451,0.0432821522133823,0.0024788758752458,0.0003905065561431,-0.3,-0.09,-0.19,-0.25,-0.23,-0.37,-0.09,-0.3,-0.33,-0.11,-0.07,-0.05,-0.06,-0.1,0.04,-0.02,-0.06,-0.23,-0.16,-0.21,-0.23,-0.23,-0.24,-0.24,-0.26,-0.25,-0.11,-0.08,-0.09,-0.19,-0.12,-0.1,-0.13,-0.07,-0.08,-0.22,-0.08,-0.07,-0.08,-0.04,-0.07,0.15,-0.12,-0.09,-0.04,-0.13,-0.07,-0.13,-0.03,-0.07,-0.08,-0.05,-0.04,-0.04
T4o,0,6,0,8,2,6,offsuit,0,1,0,0,0,0,0,0,0,0,0,0,0.431695930071161,0.0563032584291191,0.3835142193756956,0.3333826908036947,0.0718092703327405,0.0707417903506464,0.0352344685957941,0.0459308391582812,0.0026191276599821,0.0004643352940459,-0.41,-0.13,-0.25,-0.3,-0.35,-0.33,-0.36,-0.37,-0.37,-0.01,-0.02,-0.02,-0.02,-0.04,-0.04,-0.02,-0.03,-0.27,-0.23,-0.24,-0.25,-0.25,-0.24,-0.29,-0.28,-0.27,-0.09,-0.03,-0.05,-0.1,-0.1,-0.08,-0.09,-0.03,-0.02,-0.02,-0.02,-0.02,-0.03,-0.01,-0.02,-0.03,-0.03,0.0,0.0,-0.01,-0.02,-0.02,-0.02,-0.02,-0.02,-0.02,-0.02,-0.01
T4s,1,6,0,8,2,6,suited,0,1,0,0,0,1,0,0,0,0,0,0,0.4636118506319628,0.0480156186097601,0.339799332851645,0.3024712918003717,0.0658116874820474,0.0607904041106509,0.137588679401975,0.0426591595938811,0.0024325657203626,0.0004312604293058,-0.33,-0.07,-0.2,-0.18,-0.24,-0.24,-0.31,-0.22,-0.2,-0.06,-0.07,-0.03,-0.08,-0.07,0.04,-0.07,-0.09,-0.26,-0.16,-0.14,-0.25,-0.22,-0.25,-0.16,-0.23,-0.19,-0.12,-0.06,-0.07,-0.06,0.13,-0.14,-0.07,-0.09,-0.06,-0.08,-0.12,-0.11,-0.11,-0.08,-0.11,-0.09,-0.08,-0.12,-0.07,-0.11,-0.07,-0.07,-0.11,-0.07,-0.08,-0.13,-0.07,-0.05
T5o,0,5,0,8,3,5,offsuit,0,1,0,0,0,0,0,0,0,0,0,0,0.4396190928458753,0.0594522138382093,0.3850631204866742,0.3308135382922793,0.0702577181971419,0.0708997385524018,0.0351922116947245,0.0452463551516676,0.0025689253933845,0.0005061783935166,-0.39,-0.11,-0.24,-0.3,-0.33,-0.38,-0.36,-0.35,-0.38,-0.02,-0.03,-0.02,-0.02,-0.02,-0.03,-0.03,-0.02,-0.29,-0.2,-0.23,-0.24,-0.24,-0.28,-0.26,-0.27,-0.29,-0.09,-0.04,-0.04,-0.1,-0.08,-0.08,-0.08,-0.03,-0.03,-0.03,-0.03,-0.03,-0.02,-0.03,-0.03,-0.03,-0.03,-0.03,-0.02,-0.03,-0.02,-0.03,-0.02,-0.03,-0.03,-0.03,-0.02,-0.02
T5s,1,5,0,8,3,5,suited,0,1,0,0,0,1,0,0,0,0,0,0,0.4708342449392989,0.0508458160581659,0.3421601018017921,0.3010090362291917,0.0645718669225344,0.0610957056562527,0.1353545437543867,0.0421437566578714,0.0023927695585962,0.0004264033612084,-0.23,-0.04,-0.14,-0.22,-0.24,-0.23,-0.25,-0.25,-0.27,-0.08,-0.05,-0.06,-0.03,-0.09,-0.08,-0.04,-0.07,-0.28,-0.14,-0.2,-0.19,-0.18,0.09,-0.29,-0.18,-0.28,-0.1,-0.06,-0.11,-0.11,-0.11,-0.09,-0.13,-0.07,-0.09,-0.05,0.04,-0.04,-0.09,-0.01,-0.03,-0.16,-0.06,-0.07,-0.09,-0.09,-0.1,-0.07,-0.05,-0.07,-0.19,-0.02,-0.09,-0.04
T6o,0,4,0,8,4,4,offsuit,0,1,0,0,0,0,0,0,0,0,0,0,0.4590838136962751,0.0579779860130103,0.3795114164977867,0.3190035792049406,0.067187461810115,0.0958187528611155,0.03418741753703,0.0433778685197228,0.0024523190181082,0.0004831985381705,-0.36,-0.1,-0.2,-0.27,-0.28,-0.35,-0.36,-0.34,-0.35,-0.03,-0.02,-0.02,-0.02,-0.03,-0.03,0.02,-0.02,-0.3,-0.19,-0.21,-0.24,-0.23,-0.29,-0.25,-0.24,-0.28,-0.1,-0.01,-0.05,-0.1,-0.08,-0.06,-0.08,-0.04,-0.02,-0.04,0.01,-0.05,-0.03,-0.03,-0.02,-0.02,-0.03,-0.02,-0.01,-0.04,-0.02,-0.02,-0.03,-0.02,-0.02,-0.02,-0.02,-0.02
T6s,1,4,0,8,4,4,suited,0,1,0,0,0,1,0,0,0,0,0,0,0.488932982658068,0.0498535132590194,0.3393116163902525,0.2919786650034187,0.0621147478810573,0.0833694148622811,0.1290714391373368,0.0406405178764164,0.0022976188874082,0.0013624667028092,-0.31,-0.04,-0.07,-0.17,-0.19,-0.34,-0.13,-0.26,-0.31,-0.05,0.0,0.0,-0.03,0.22,-0.08,-0.09,-0.11,-0.19,-0.08,-0.12,-0.14,-0.17,-0.12,-0.32,-0.14,-0.26,-0.14,-0.06,-0.06,-0.1,-0.04,-0.14,-0.13,-0.12,-0.08,-0.18,-0.23,-0.01,-0.13,-0.11,-0.06,-0.04,-0.01,-0.09,-0.06,-0.02,0.0,-0.12,-0.11,-0.03,-0.08,-0.07,-0.13,-0.07
T7o,0,3,0,8,5,3,offsuit,0,1,0,0,0,0,0,0,1,0,0,0,0.4781741087963989,0.0565194789233942,0.3738172284942538,0.308041095507601,0.0643786092478783,0.1195006112435,0.0332546585331309,0.0416797109857948,0.0023463016092024,0.0004623054552443,-0.33,-0.06,-0.17,-0.22,-0.25,-0.27,-0.26,-0.28,-0.34,-0.03,-0.02,-0.01,-0.03,-0.03,-0.08,-0.01,-0.01,-0.26,-0.16,-0.2,-0.2,-0.22,-0.21,-0.27,-0.23,-0.28,-0.07,-0.05,-0.05,-0.1,-0.12,-0.09,-0.05,-0.04,-0.04,-0.07,-0.04,-0.03,-0.04,-0.03,-0.03,-0.01,-0.03,-0.04,-0.03,-0.03,-0.03,-0.03,-0.01,0.02,-0.02,-0.05,-0.03,-0.03
T7s,1,3,0,8,5,3,suited,0,1,0,0,0,1,0,0,1,0,0,1,0.5066549500905715,0.0488390853689052,0.336091931940846,0.2834786276157662,0.0598402335099294,0.1047744868183793,0.1232777316284893,0.0392603059961749,0.0022102071406047,0.0022273899809046,-0.15,0.04,-0.04,-0.08,-0.16,-0.14,-0.19,-0.15,-0.28,-0.09,0.02,0.1,0.04,0.09,0.04,0.01,0.01,-0.17,-0.03,-0.05,-0.07,-0.12,-0.1,-0.13,-0.18,-0.2,-0.12,0.07,-0.06,0.07,-0.06,-0.03,-0.12,-0.07,0.02,0.01,-0.06,-0.09,-0.05,-0.04,0.08,-0.05,-0.03,-0.11,-0.06,0.02,-0.02,-0.09,-0.09,0.06,0.03,0.03,-0.01,0.06
T8o,0,2,0,8,6,2,offsuit,0,1,0,0,0,0,0,1,0,0,0,0,0.4971024460590318,0.054140340064857,0.3692091554753956,0.2981332751405059,0.0618967186570017,0.1414273299969179,0.0323847882124757,0.0401165531225322,0.0022487571610954,0.0004430821692183,-0.29,-0.03,-0.1,-0.19,-0.21,-0.26,-0.15,-0.28,-0.29,-0.04,0.01,0.01,-0.01,0.01,-0.01,-0.03,-0.04,-0.25,-0.06,-0.16,-0.15,-0.2,-0.24,-0.23,-0.26,-0.23,-0.11,-0.04,-0.06,-0.02,-0.12,-0.1,-0.09,-0.06,-0.04,-0.04,-0.1,-0.01,-0.04,-0.04,-0.04,0.0,0.0,-0.06,-0.06,-0.02,-0.03,-0.05,-0.04,-0.04,-0.06,-0.05,-0.03,-0.04
T8s,1,2,0,8,6,2,suited,0,1,0,0,0,1,0,1,0,0,1,0,0.5242281424674183,0.0469965177540397,0.3336372502914895,0.2757360488368242,0.0578184474968064,0.1247986996406924,0.1178796626971896,0.0379759625741929,0.002128913170737,0.0030284975380279,-0.16,0.12,0.01,-0.04,-0.09,-0.05,-0.09,-0.11,-0.2,0.08,0.14,0.13,0.07,0.18,0.04,0.05,0.01,-0.13,0.03,0.06,-0.04,-0.09,-0.14,-0.18,-0.13,-0.13,-0.02,0.08,0.04,0.11,-0.1,-0.06,0.0,-0.07,0.08,-0.09,-0.02,-0.07,-0.01,0.02,0.1,-0.03,0.05,-0.06,0.01,-0.11,0.11,-0.05,0.04,0.0,0.07,0.03,0.03,0.06
T9o,0,1,0,8,7,1,offsuit,0,1,0,0,0,0,1,0,0,0,0,0,0.5158610684976401,0.0505113652296778,0.3660528066963102,0.2892431864960201,0.0597541545279336,0.1616063090255912,0.0315773801776009,0.0386708830291419,0.0021586000758668,0.000425314741857,-0.31,0.03,-0.05,-0.13,-0.15,-0.16,-0.23,-0.28,-0.21,-0.07,0.04,0.05,0.01,-0.01,-0.05,-0.03,-0.06,-0.14,0.02,-0.06,-0.13,-0.14,-0.03,0.07,-0.13,-0.24,-0.09,0.0,-0.07,-0.05,-0.13,-0.11,-0.11,-0.07,-0.01,-0.07,0.03,-0.09,-0.08,-0.08,-0.05,-0.01,-0.06,-0.06,-0.07,0.03,0.01,-0.08,-0.07,0.02,-0.09,-0.09,-0.05,-0.05
T9s,1,1,0,8,7,1,suited,0,1,0,0,0,1,1,0,0,1,0,0,0.5416502919693553,0.0440309699846931,0.3323112517033993,0.2687495387149666,0.05606881294367,0.1434048718810111,0.1128337665899979,0.0367757313436353,0.0020530029539845,0.0037720538846417,-0.1,0.12,0.1,0.05,-0.01,0.08,0.07,-0.09,-0.13,0.11,0.14,0.26,0.15,0.46,0.05,0.12,0.06,-0.08,0.17,0.03,-0.01,-0.01,-0.12,-0.06,-0.01,-0.13,-0.05,0.16,0.12,0.13,0.07,-0.01,0.02,-0.02,0.14,0.07,0.28,-0.1,-0.04,0.09,0.05,-0.01,0.06,-0.01,-0.1,0.0,0.09,0.04,0.05,0.01,0.09,0.02,0.11,0.06
TTo,0,0,1,8,8,0,pair,0,2,0,1,0,0,0,0,0,0,0,0,0.7518886526351776,0.0,0.3102757683613936,0.385680023329477,0.1384861462329333,0.0241852334114007,0.0213823923251236,0.1086866025891037,0.0110180963147539,0.000285737435814,0.37,0.63,0.64,0.69,0.58,0.51,0.37,0.51,0.37,0.56,0.79,0.83,0.81,0.87,0.75,0.62,0.6,0.38,0.63,0.71,0.65,0.6,0.4,0.42,0.44,0.41,0.43,0.79,0.68,0.56,0.42,0.45,0.38,0.52,0.77,0.8,0.63,0.4,0.55,0.45,0.65,0.27,0.62,0.5,0.42,0.32,0.56,0.46,0.46,0.6,0.65,0.54,0.62,0.5
