,hole_card1,hole_card2,flop_win_rate,turn_win_rate,river_win_rate
0,2c,2d,0.677,0.594,0.499
1,2c,2h,0.671,0.587,0.487
2,2c,2s,0.671,0.585,0.499
3,2c,3c,0.235,0.29,0.326
4,2c,3d,0.233,0.276,0.303
5,2c,3h,0.236,0.282,0.291
6,2c,3s,0.245,0.288,0.3
7,2c,4c,0.246,0.318,0.349
8,2c,4d,0.224,0.263,0.303
9,2c,4h,0.214,0.254,0.284
10,2c,4s,0.237,0.279,0.311
11,2c,5c,0.245,0.296,0.346
12,2c,5d,0.266,0.305,0.327
13,2c,5h,0.247,0.301,0.316
14,2c,5s,0.255,0.282,0.306
15,2c,6c,0.266,0.326,0.342
16,2c,6d,0.252,0.278,0.306
17,2c,6h,0.267,0.305,0.328
18,2c,6s,0.262,0.278,0.302
19,2c,7c,0.297,0.328,0.369
20,2c,7d,0.277,0.321,0.349
21,2c,7h,0.302,0.337,0.323
22,2c,7s,0.267,0.301,0.307
23,2c,8c,0.347,0.369,0.384
24,2c,8d,0.328,0.352,0.352
25,2c,8h,0.324,0.329,0.347
26,2c,8s,0.329,0.337,0.344
27,2c,9c,0.357,0.385,0.381
28,2c,9d,0.375,0.377,0.396
29,2c,9h,0.35,0.359,0.368
30,2c,9s,0.334,0.361,0.343
31,2c,Tc,0.414,0.426,0.444
32,2c,Td,0.406,0.403,0.394
33,2c,Th,0.409,0.416,0.398
34,2c,Ts,0.393,0.418,0.403
35,2c,Jc,0.436,0.431,0.438
36,2c,Jd,0.434,0.439,0.411
37,2c,Jh,0.451,0.432,0.423
38,2c,Js,0.437,0.43,0.414
39,2c,Qc,0.5,0.487,0.499
40,2c,Qd,0.493,0.479,0.444
41,2c,Qh,0.53,0.507,0.461
42,2c,Qs,0.504,0.485,0.455
43,2c,Kc,0.571,0.532,0.499
44,2c,Kd,0.526,0.501,0.466
45,2c,Kh,0.571,0.54,0.49
46,2c,Ks,0.531,0.502,0.475
47,2c,Ac,0.592,0.556,0.519
48,2c,Ad,0.621,0.581,0.551
49,2c,Ah,0.619,0.572,0.538
50,2c,As,0.611,0.568,0.51
51,2d,2h,0.662,0.578,0.493
52,2d,2s,0.665,0.579,0.499
53,2d,3c,0.226,0.258,0.283
54,2d,3d,0.249,0.305,0.363
55,2d,3h,0.243,0.276,0.317
56,2d,3s,0.224,0.253,0.285
57,2d,4c,0.222,0.266,0.275
58,2d,4d,0.227,0.293,0.347
59,2d,4h,0.244,0.288,0.332
60,2d,4s,0.224,0.267,0.32
61,2d,5c,0.277,0.298,0.313
62,2d,5d,0.254,0.306,0.345
63,2d,5h,0.262,0.279,0.304
64,2d,5s,0.251,0.297,0.315
65,2d,6c,0.235,0.273,0.301
66,2d,6d,0.29,0.336,0.343
67,2d,6h,0.256,0.286,0.301
68,2d,6s,0.261,0.294,0.302
69,2d,7c,0.298,0.324,0.317
70,2d,7d,0.295,0.315,0.33
71,2d,7h,0.313,0.341,0.341
72,2d,7s,0.27,0.314,0.297
73,2d,8c,0.339,0.342,0.343
74,2d,8d,0.336,0.386,0.39
75,2d,8h,0.319,0.344,0.364
76,2d,8s,0.3,0.316,0.322
77,2d,9c,0.394,0.391,0.378
78,2d,9d,0.393,0.42,0.425
79,2d,9h,0.363,0.383,0.37
80,2d,9s,0.351,0.363,0.364
81,2d,Tc,0.387,0.393,0.397
82,2d,Td,0.394,0.404,0.402
83,2d,Th,0.388,0.401,0.382
84,2d,Ts,0.409,0.428,0.428
85,2d,Jc,0.465,0.464,0.433
86,2d,Jd,0.47,0.472,0.474
87,2d,Jh,0.445,0.446,0.412
88,2d,Js,0.433,0.427,0.415
89,2d,Qc,0.496,0.469,0.452
90,2d,Qd,0.512,0.517,0.512
91,2d,Qh,0.525,0.489,0.449
92,2d,Qs,0.474,0.455,0.435
93,2d,Kc,0.559,0.524,0.484
94,2d,Kd,0.573,0.546,0.52
95,2d,Kh,0.557,0.508,0.477
96,2d,Ks,0.569,0.544,0.522
97,2d,Ac,0.604,0.56,0.519
98,2d,Ad,0.601,0.577,0.541
99,2d,Ah,0.602,0.568,0.531
100,2d,As,0.626,0.575,0.528
101,2h,2s,0.634,0.552,0.463
102,2h,3c,0.208,0.252,0.289
103,2h,3d,0.208,0.27,0.292
104,2h,3h,0.242,0.294,0.343
105,2h,3s,0.203,0.258,0.279
106,2h,4c,0.227,0.255,0.285
107,2h,4d,0.241,0.286,0.295
108,2h,4h,0.253,0.312,0.342
109,2h,4s,0.236,0.279,0.317
110,2h,5c,0.26,0.318,0.316
111,2h,5d,0.266,0.313,0.317
112,2h,5h,0.295,0.355,0.366
113,2h,5s,0.245,0.272,0.317
114,2h,6c,0.271,0.304,0.321
115,2h,6d,0.276,0.3,0.325
116,2h,6h,0.272,0.328,0.346
117,2h,6s,0.252,0.294,0.312
118,2h,7c,0.318,0.343,0.342
119,2h,7d,0.297,0.321,0.332
120,2h,7h,0.289,0.34,0.372
121,2h,7s,0.273,0.297,0.312
122,2h,8c,0.302,0.339,0.335
123,2h,8d,0.29,0.311,0.313
124,2h,8h,0.32,0.381,0.385
125,2h,8s,0.32,0.342,0.341
126,2h,9c,0.342,0.349,0.357
127,2h,9d,0.383,0.39,0.376
128,2h,9h,0.361,0.383,0.394
129,2h,9s,0.374,0.376,0.364
130,2h,Tc,0.395,0.387,0.382
131,2h,Td,0.416,0.413,0.399
132,2h,Th,0.41,0.413,0.417
133,2h,Ts,0.424,0.414,0.417
134,2h,Jc,0.44,0.432,0.407
135,2h,Jd,0.457,0.428,0.411
136,2h,Jh,0.445,0.432,0.439
137,2h,Js,0.432,0.426,0.426
138,2h,Qc,0.473,0.446,0.438
139,2h,Qd,0.508,0.487,0.451
140,2h,Qh,0.507,0.499,0.495
141,2h,Qs,0.478,0.469,0.452
142,2h,Kc,0.572,0.532,0.503
143,2h,Kd,0.555,0.516,0.481
144,2h,Kh,0.569,0.547,0.508
145,2h,Ks,0.549,0.521,0.481
146,2h,Ac,0.583,0.554,0.521
147,2h,Ad,0.616,0.552,0.511
148,2h,Ah,0.64,0.602,0.568
149,2h,As,0.628,0.587,0.546
150,2s,3c,0.225,0.269,0.311
151,2s,3d,0.247,0.284,0.313
152,2s,3h,0.23,0.273,0.277
153,2s,3s,0.23,0.297,0.342
154,2s,4c,0.256,0.28,0.311
155,2s,4d,0.211,0.264,0.289
156,2s,4h,0.227,0.277,0.309
157,2s,4s,0.231,0.294,0.347
158,2s,5c,0.247,0.29,0.31
159,2s,5d,0.249,0.312,0.337
160,2s,5h,0.242,0.297,0.315
161,2s,5s,0.245,0.306,0.344
162,2s,6c,0.272,0.304,0.325
163,2s,6d,0.27,0.305,0.317
164,2s,6h,0.28,0.309,0.33
165,2s,6s,0.279,0.326,0.353
166,2s,7c,0.311,0.326,0.337
167,2s,7d,0.27,0.306,0.343
168,2s,7h,0.28,0.294,0.301
169,2s,7s,0.285,0.319,0.353
170,2s,8c,0.312,0.319,0.338
171,2s,8d,0.327,0.332,0.339
172,2s,8h,0.346,0.354,0.349
173,2s,8s,0.33,0.369,0.375
174,2s,9c,0.343,0.355,0.34
175,2s,9d,0.37,0.384,0.385
176,2s,9h,0.344,0.347,0.371
177,2s,9s,0.357,0.365,0.38
178,2s,Tc,0.397,0.381,0.402
179,2s,Td,0.418,0.432,0.424
180,2s,Th,0.361,0.378,0.355
181,2s,Ts,0.425,0.448,0.413
182,2s,Jc,0.455,0.441,0.418
183,2s,Jd,0.444,0.429,0.429
184,2s,Jh,0.431,0.431,0.428
185,2s,Js,0.472,0.459,0.469
186,2s,Qc,0.489,0.452,0.437
187,2s,Qd,0.492,0.479,0.46
188,2s,Qh,0.507,0.483,0.447
189,2s,Qs,0.536,0.526,0.505
190,2s,Kc,0.543,0.503,0.47
191,2s,Kd,0.556,0.528,0.488
192,2s,Kh,0.574,0.543,0.484
193,2s,Ks,0.549,0.544,0.512
194,2s,Ac,0.624,0.574,0.544
195,2s,Ad,0.633,0.593,0.546
196,2s,Ah,0.643,0.58,0.53
197,2s,As,0.635,0.603,0.548
198,3c,3d,0.666,0.602,0.521
199,3c,3h,0.691,0.611,0.524
200,3c,3s,0.656,0.587,0.521
201,3c,4c,0.231,0.286,0.338
202,3c,4d,0.26,0.295,0.33
203,3c,4h,0.259,0.299,0.327
204,3c,4s,0.242,0.289,0.312
205,3c,5c,0.252,0.315,0.346
206,3c,5d,0.281,0.307,0.338
207,3c,5h,0.267,0.303,0.349
208,3c,5s,0.265,0.298,0.341
209,3c,6c,0.278,0.317,0.369
210,3c,6d,0.272,0.305,0.325
211,3c,6h,0.264,0.301,0.33
212,3c,6s,0.278,0.326,0.351
213,3c,7c,0.294,0.339,0.378
214,3c,7d,0.293,0.314,0.338
215,3c,7h,0.314,0.322,0.332
216,3c,7s,0.299,0.332,0.342
217,3c,8c,0.331,0.362,0.379
218,3c,8d,0.296,0.308,0.315
219,3c,8h,0.336,0.361,0.371
220,3c,8s,0.309,0.344,0.335
221,3c,9c,0.403,0.425,0.44
222,3c,9d,0.366,0.356,0.365
223,3c,9h,0.328,0.353,0.365
224,3c,9s,0.364,0.372,0.359
225,3c,Tc,0.43,0.429,0.446
226,3c,Td,0.421,0.402,0.399
227,3c,Th,0.401,0.388,0.392
228,3c,Ts,0.415,0.396,0.393
229,3c,Jc,0.472,0.461,0.451
230,3c,Jd,0.447,0.446,0.439
231,3c,Jh,0.45,0.453,0.447
232,3c,Js,0.475,0.454,0.427
233,3c,Qc,0.503,0.482,0.487
234,3c,Qd,0.505,0.489,0.475
235,3c,Qh,0.523,0.481,0.453
236,3c,Qs,0.51,0.497,0.484
237,3c,Kc,0.557,0.539,0.517
238,3c,Kd,0.581,0.541,0.499
239,3c,Kh,0.538,0.484,0.434
240,3c,Ks,0.582,0.532,0.493
241,3c,Ac,0.656,0.6,0.569
242,3c,Ad,0.647,0.592,0.548
243,3c,Ah,0.647,0.575,0.527
244,3c,As,0.619,0.551,0.508
245,3d,3h,0.68,0.606,0.521
246,3d,3s,0.703,0.635,0.561
247,3d,4c,0.244,0.304,0.345
248,3d,4d,0.264,0.319,0.364
249,3d,4h,0.247,0.282,0.3
250,3d,4s,0.227,0.266,0.313
251,3d,5c,0.27,0.295,0.317
252,3d,5d,0.25,0.287,0.351
253,3d,5h,0.263,0.307,0.324
254,3d,5s,0.269,0.305,0.325
255,3d,6c,0.256,0.304,0.337
256,3d,6d,0.282,0.335,0.36
257,3d,6h,0.255,0.297,0.309
258,3d,6s,0.269,0.289,0.314
259,3d,7c,0.295,0.316,0.345
260,3d,7d,0.305,0.346,0.37
261,3d,7h,0.295,0.313,0.322
262,3d,7s,0.318,0.339,0.332
263,3d,8c,0.337,0.346,0.351
264,3d,8d,0.32,0.356,0.38
265,3d,8h,0.342,0.341,0.334
266,3d,8s,0.339,0.34,0.351
267,3d,9c,0.368,0.378,0.375
268,3d,9d,0.367,0.402,0.41
269,3d,9h,0.366,0.364,0.371
270,3d,9s,0.35,0.368,0.372
271,3d,Tc,0.429,0.433,0.415
272,3d,Td,0.406,0.414,0.417
273,3d,Th,0.396,0.404,0.389
274,3d,Ts,0.44,0.418,0.398
275,3d,Jc,0.454,0.435,0.413
276,3d,Jd,0.482,0.482,0.48
277,3d,Jh,0.47,0.435,0.413
278,3d,Js,0.449,0.436,0.439
279,3d,Qc,0.472,0.471,0.46
280,3d,Qd,0.542,0.507,0.516
281,3d,Qh,0.49,0.494,0.458
282,3d,Qs,0.506,0.465,0.451
283,3d,Kc,0.557,0.519,0.484
284,3d,Kd,0.576,0.547,0.53
285,3d,Kh,0.531,0.512,0.487
286,3d,Ks,0.564,0.533,0.498
287,3d,Ac,0.647,0.585,0.539
288,3d,Ad,0.653,0.6,0.571
289,3d,Ah,0.62,0.574,0.528
290,3d,As,0.627,0.578,0.543
291,3h,3s,0.694,0.608,0.503
292,3h,4c,0.256,0.294,0.331
293,3h,4d,0.26,0.312,0.321
294,3h,4h,0.261,0.301,0.367
295,3h,4s,0.281,0.325,0.347
296,3h,5c,0.283,0.333,0.371
297,3h,5d,0.249,0.287,0.306
298,3h,5h,0.323,0.358,0.387
299,3h,5s,0.28,0.31,0.339
300,3h,6c,0.301,0.325,0.354
301,3h,6d,0.269,0.308,0.333
302,3h,6h,0.256,0.339,0.386
303,3h,6s,0.268,0.296,0.319
304,3h,7c,0.298,0.329,0.316
305,3h,7d,0.291,0.316,0.333
306,3h,7h,0.31,0.346,0.376
307,3h,7s,0.302,0.32,0.341
308,3h,8c,0.337,0.358,0.342
309,3h,8d,0.354,0.364,0.343
310,3h,8h,0.337,0.36,0.379
311,3h,8s,0.343,0.353,0.355
312,3h,9c,0.365,0.383,0.388
313,3h,9d,0.343,0.361,0.386
314,3h,9h,0.382,0.402,0.417
315,3h,9s,0.397,0.397,0.39
316,3h,Tc,0.384,0.388,0.404
317,3h,Td,0.421,0.418,0.407
318,3h,Th,0.398,0.412,0.42
319,3h,Ts,0.416,0.397,0.384
320,3h,Jc,0.453,0.451,0.449
321,3h,Jd,0.462,0.444,0.414
322,3h,Jh,0.463,0.462,0.464
323,3h,Js,0.438,0.423,0.443
324,3h,Qc,0.485,0.439,0.42
325,3h,Qd,0.49,0.449,0.437
326,3h,Qh,0.492,0.484,0.486
327,3h,Qs,0.498,0.482,0.444
328,3h,Kc,0.568,0.526,0.493
329,3h,Kd,0.546,0.499,0.473
330,3h,Kh,0.59,0.547,0.522
331,3h,Ks,0.562,0.516,0.47
332,3h,Ac,0.614,0.565,0.549
333,3h,Ad,0.656,0.606,0.571
334,3h,Ah,0.622,0.584,0.571
335,3h,As,0.642,0.587,0.55
336,3s,4c,0.229,0.29,0.32
337,3s,4d,0.275,0.322,0.355
338,3s,4h,0.244,0.284,0.321
339,3s,4s,0.272,0.325,0.35
340,3s,5c,0.272,0.299,0.323
341,3s,5d,0.234,0.284,0.326
342,3s,5h,0.255,0.301,0.34
343,3s,5s,0.276,0.344,0.37
344,3s,6c,0.305,0.322,0.34
345,3s,6d,0.266,0.304,0.335
346,3s,6h,0.242,0.299,0.339
347,3s,6s,0.318,0.342,0.386
348,3s,7c,0.293,0.314,0.328
349,3s,7d,0.285,0.318,0.332
350,3s,7h,0.288,0.311,0.333
351,3s,7s,0.318,0.372,0.364
352,3s,8c,0.344,0.367,0.364
353,3s,8d,0.325,0.338,0.338
354,3s,8h,0.293,0.322,0.337
355,3s,8s,0.35,0.373,0.383
356,3s,9c,0.368,0.388,0.385
357,3s,9d,0.364,0.368,0.383
358,3s,9h,0.384,0.386,0.383
359,3s,9s,0.38,0.394,0.394
360,3s,Tc,0.402,0.394,0.386
361,3s,Td,0.42,0.42,0.4
362,3s,Th,0.414,0.417,0.408
363,3s,Ts,0.399,0.413,0.443
364,3s,Jc,0.455,0.446,0.434
365,3s,Jd,0.477,0.449,0.443
366,3s,Jh,0.447,0.439,0.424
367,3s,Js,0.444,0.448,0.46
368,3s,Qc,0.508,0.496,0.466
369,3s,Qd,0.5,0.479,0.454
370,3s,Qh,0.538,0.495,0.477
371,3s,Qs,0.49,0.459,0.455
372,3s,Kc,0.596,0.576,0.538
373,3s,Kd,0.592,0.545,0.517
374,3s,Kh,0.563,0.539,0.502
375,3s,Ks,0.584,0.562,0.544
376,3s,Ac,0.657,0.586,0.56
377,3s,Ad,0.627,0.573,0.542
378,3s,Ah,0.628,0.577,0.526
379,3s,As,0.647,0.603,0.585
380,4c,4d,0.725,0.663,0.586
381,4c,4h,0.717,0.656,0.571
382,4c,4s,0.724,0.633,0.543
383,4c,5c,0.269,0.308,0.37
384,4c,5d,0.275,0.329,0.349
385,4c,5h,0.26,0.297,0.328
386,4c,5s,0.3,0.315,0.329
387,4c,6c,0.267,0.324,0.369
388,4c,6d,0.297,0.325,0.34
389,4c,6h,0.313,0.35,0.372
390,4c,6s,0.295,0.339,0.37
391,4c,7c,0.302,0.356,0.402
392,4c,7d,0.291,0.334,0.351
393,4c,7h,0.325,0.364,0.376
394,4c,7s,0.324,0.339,0.345
395,4c,8c,0.346,0.378,0.401
396,4c,8d,0.336,0.328,0.365
397,4c,8h,0.347,0.357,0.372
398,4c,8s,0.338,0.341,0.341
399,4c,9c,0.384,0.408,0.42
400,4c,9d,0.375,0.39,0.389
401,4c,9h,0.363,0.379,0.383
402,4c,9s,0.383,0.38,0.383
403,4c,Tc,0.427,0.429,0.435
404,4c,Td,0.412,0.404,0.402
405,4c,Th,0.417,0.417,0.4
406,4c,Ts,0.444,0.428,0.421
407,4c,Jc,0.48,0.471,0.467
408,4c,Jd,0.466,0.435,0.412
409,4c,Jh,0.464,0.458,0.424
410,4c,Js,0.452,0.437,0.413
411,4c,Qc,0.49,0.476,0.489
412,4c,Qd,0.508,0.486,0.466
413,4c,Qh,0.507,0.485,0.458
414,4c,Qs,0.495,0.473,0.444
415,4c,Kc,0.561,0.54,0.518
416,4c,Kd,0.548,0.513,0.467
417,4c,Kh,0.579,0.531,0.506
418,4c,Ks,0.567,0.518,0.5
419,4c,Ac,0.675,0.628,0.584
420,4c,Ad,0.629,0.574,0.56
421,4c,Ah,0.64,0.568,0.542
422,4c,As,0.652,0.573,0.549
423,4d,4h,0.705,0.64,0.556
424,4d,4s,0.705,0.626,0.537
425,4d,5c,0.279,0.328,0.364
426,4d,5d,0.271,0.325,0.365
427,4d,5h,0.296,0.337,0.363
428,4d,5s,0.272,0.318,0.334
429,4d,6c,0.278,0.316,0.339
430,4d,6d,0.278,0.324,0.362
431,4d,6h,0.281,0.308,0.334
432,4d,6s,0.294,0.327,0.33
433,4d,7c,0.306,0.34,0.348
434,4d,7d,0.325,0.397,0.419
435,4d,7h,0.311,0.342,0.363
436,4d,7s,0.332,0.349,0.363
437,4d,8c,0.322,0.34,0.361
438,4d,8d,0.373,0.385,0.421
439,4d,8h,0.332,0.365,0.355
440,4d,8s,0.366,0.384,0.39
441,4d,9c,0.383,0.386,0.388
442,4d,9d,0.41,0.417,0.426
443,4d,9h,0.382,0.396,0.413
444,4d,9s,0.386,0.389,0.389
445,4d,Tc,0.422,0.404,0.406
446,4d,Td,0.409,0.427,0.441
447,4d,Th,0.399,0.402,0.399
448,4d,Ts,0.433,0.404,0.422
449,4d,Jc,0.437,0.426,0.415
450,4d,Jd,0.463,0.453,0.456
451,4d,Jh,0.442,0.432,0.445
452,4d,Js,0.476,0.457,0.435
453,4d,Qc,0.513,0.468,0.463
454,4d,Qd,0.527,0.506,0.511
455,4d,Qh,0.499,0.483,0.453
456,4d,Qs,0.507,0.471,0.436
457,4d,Kc,0.57,0.528,0.481
458,4d,Kd,0.58,0.534,0.512
459,4d,Kh,0.581,0.546,0.518
460,4d,Ks,0.581,0.547,0.529
461,4d,Ac,0.622,0.582,0.539
462,4d,Ad,0.651,0.604,0.569
463,4d,Ah,0.618,0.564,0.519
464,4d,As,0.646,0.58,0.551
465,4h,4s,0.707,0.632,0.55
466,4h,5c,0.279,0.319,0.345
467,4h,5d,0.297,0.344,0.346
468,4h,5h,0.304,0.345,0.389
469,4h,5s,0.271,0.309,0.357
470,4h,6c,0.298,0.335,0.346
471,4h,6d,0.29,0.322,0.345
472,4h,6h,0.286,0.337,0.38
473,4h,6s,0.293,0.336,0.346
474,4h,7c,0.307,0.329,0.355
475,4h,7d,0.322,0.351,0.357
476,4h,7h,0.318,0.359,0.406
477,4h,7s,0.323,0.328,0.346
478,4h,8c,0.318,0.342,0.35
479,4h,8d,0.325,0.344,0.357
480,4h,8h,0.336,0.372,0.404
481,4h,8s,0.324,0.332,0.338
482,4h,9c,0.391,0.395,0.38
483,4h,9d,0.382,0.373,0.368
484,4h,9h,0.383,0.4,0.426
485,4h,9s,0.378,0.376,0.379
486,4h,Tc,0.429,0.443,0.443
487,4h,Td,0.402,0.425,0.399
488,4h,Th,0.432,0.451,0.463
489,4h,Ts,0.409,0.431,0.423
490,4h,Jc,0.448,0.451,0.428
491,4h,Jd,0.467,0.45,0.446
492,4h,Jh,0.481,0.462,0.457
493,4h,Js,0.462,0.458,0.429
494,4h,Qc,0.522,0.485,0.466
495,4h,Qd,0.535,0.49,0.487
496,4h,Qh,0.541,0.54,0.523
497,4h,Qs,0.517,0.491,0.449
498,4h,Kc,0.546,0.525,0.5
499,4h,Kd,0.539,0.504,0.478
500,4h,Kh,0.573,0.54,0.514
501,4h,Ks,0.581,0.538,0.499
502,4h,Ac,0.647,0.582,0.54
503,4h,Ad,0.608,0.55,0.522
504,4h,Ah,0.647,0.606,0.587
505,4h,As,0.645,0.603,0.551
506,4s,5c,0.268,0.323,0.353
507,4s,5d,0.275,0.317,0.353
508,4s,5h,0.279,0.327,0.367
509,4s,5s,0.274,0.343,0.386
510,4s,6c,0.313,0.351,0.36
511,4s,6d,0.282,0.333,0.354
512,4s,6h,0.317,0.344,0.358
513,4s,6s,0.291,0.331,0.373
514,4s,7c,0.302,0.325,0.356
515,4s,7d,0.314,0.332,0.35
516,4s,7h,0.306,0.344,0.344
517,4s,7s,0.348,0.373,0.397
518,4s,8c,0.343,0.35,0.347
519,4s,8d,0.344,0.355,0.36
520,4s,8h,0.343,0.35,0.353
521,4s,8s,0.333,0.354,0.374
522,4s,9c,0.39,0.385,0.383
523,4s,9d,0.403,0.418,0.404
524,4s,9h,0.389,0.394,0.384
525,4s,9s,0.375,0.401,0.409
526,4s,Tc,0.432,0.421,0.42
527,4s,Td,0.429,0.43,0.425
528,4s,Th,0.423,0.405,0.42
529,4s,Ts,0.424,0.438,0.456
530,4s,Jc,0.501,0.479,0.452
531,4s,Jd,0.472,0.469,0.438
532,4s,Jh,0.485,0.465,0.444
533,4s,Js,0.456,0.472,0.471
534,4s,Qc,0.526,0.505,0.499
535,4s,Qd,0.528,0.499,0.478
536,4s,Qh,0.534,0.512,0.484
537,4s,Qs,0.51,0.497,0.488
538,4s,Kc,0.549,0.518,0.482
539,4s,Kd,0.566,0.539,0.499
540,4s,Kh,0.589,0.551,0.525
541,4s,Ks,0.591,0.573,0.565
542,4s,Ac,0.64,0.566,0.519
543,4s,Ad,0.635,0.576,0.538
544,4s,Ah,0.632,0.582,0.541
545,4s,As,0.649,0.593,0.561
546,5c,5d,0.734,0.673,0.601
547,5c,5h,0.736,0.664,0.59
548,5c,5s,0.741,0.68,0.601
549,5c,6c,0.308,0.364,0.406
550,5c,6d,0.319,0.368,0.404
551,5c,6h,0.279,0.329,0.347
552,5c,6s,0.305,0.355,0.376
553,5c,7c,0.328,0.363,0.397
554,5c,7d,0.311,0.363,0.386
555,5c,7h,0.341,0.363,0.372
556,5c,7s,0.343,0.372,0.412
557,5c,8c,0.36,0.406,0.417
558,5c,8d,0.339,0.375,0.368
559,5c,8h,0.347,0.375,0.386
560,5c,8s,0.357,0.385,0.383
561,5c,9c,0.409,0.431,0.428
562,5c,9d,0.384,0.415,0.398
563,5c,9h,0.411,0.41,0.409
564,5c,9s,0.4,0.4,0.38
565,5c,Tc,0.418,0.423,0.446
566,5c,Td,0.452,0.442,0.447
567,5c,Th,0.41,0.411,0.408
568,5c,Ts,0.452,0.436,0.424
569,5c,Jc,0.489,0.491,0.473
570,5c,Jd,0.488,0.474,0.45
571,5c,Jh,0.456,0.465,0.471
572,5c,Js,0.467,0.46,0.452
573,5c,Qc,0.541,0.524,0.52
574,5c,Qd,0.509,0.482,0.471
575,5c,Qh,0.548,0.516,0.496
576,5c,Qs,0.508,0.475,0.45
577,5c,Kc,0.565,0.556,0.521
578,5c,Kd,0.58,0.548,0.518
579,5c,Kh,0.577,0.548,0.511
580,5c,Ks,0.603,0.561,0.513
581,5c,Ac,0.645,0.605,0.559
582,5c,Ad,0.658,0.591,0.558
583,5c,Ah,0.623,0.596,0.576
584,5c,As,0.633,0.575,0.53
585,5d,5h,0.753,0.691,0.607
586,5d,5s,0.733,0.694,0.625
587,5d,6c,0.288,0.329,0.351
588,5d,6d,0.332,0.423,0.446
589,5d,6h,0.308,0.366,0.401
590,5d,6s,0.292,0.323,0.334
591,5d,7c,0.325,0.37,0.387
592,5d,7d,0.323,0.371,0.403
593,5d,7h,0.332,0.368,0.368
594,5d,7s,0.314,0.359,0.379
595,5d,8c,0.36,0.38,0.391
596,5d,8d,0.346,0.385,0.419
597,5d,8h,0.385,0.382,0.395
598,5d,8s,0.383,0.399,0.392
599,5d,9c,0.384,0.406,0.414
600,5d,9d,0.397,0.426,0.417
601,5d,9h,0.402,0.403,0.405
602,5d,9s,0.38,0.375,0.391
603,5d,Tc,0.429,0.434,0.432
604,5d,Td,0.448,0.439,0.44
605,5d,Th,0.422,0.415,0.409
606,5d,Ts,0.397,0.396,0.4
607,5d,Jc,0.479,0.447,0.435
608,5d,Jd,0.477,0.484,0.492
609,5d,Jh,0.476,0.464,0.454
610,5d,Js,0.469,0.487,0.464
611,5d,Qc,0.515,0.5,0.465
612,5d,Qd,0.513,0.498,0.503
613,5d,Qh,0.544,0.523,0.478
614,5d,Qs,0.526,0.498,0.482
615,5d,Kc,0.56,0.532,0.505
616,5d,Kd,0.575,0.553,0.523
617,5d,Kh,0.56,0.53,0.506
618,5d,Ks,0.6,0.539,0.492
619,5d,Ac,0.661,0.584,0.547
620,5d,Ad,0.667,0.607,0.586
621,5d,Ah,0.647,0.571,0.546
622,5d,As,0.667,0.604,0.558
623,5h,5s,0.756,0.69,0.608
624,5h,6c,0.281,0.321,0.363
625,5h,6d,0.298,0.327,0.357
626,5h,6h,0.305,0.351,0.394
627,5h,6s,0.304,0.365,0.384
628,5h,7c,0.323,0.351,0.401
629,5h,7d,0.346,0.371,0.388
630,5h,7h,0.358,0.413,0.412
631,5h,7s,0.332,0.369,0.392
632,5h,8c,0.349,0.358,0.387
633,5h,8d,0.356,0.38,0.374
634,5h,8h,0.351,0.372,0.404
635,5h,8s,0.371,0.381,0.377
636,5h,9c,0.391,0.39,0.402
637,5h,9d,0.389,0.42,0.402
638,5h,9h,0.404,0.427,0.44
639,5h,9s,0.381,0.406,0.41
640,5h,Tc,0.392,0.404,0.404
641,5h,Td,0.439,0.411,0.405
642,5h,Th,0.409,0.441,0.452
643,5h,Ts,0.449,0.442,0.436
644,5h,Jc,0.476,0.454,0.446
645,5h,Jd,0.484,0.472,0.451
646,5h,Jh,0.476,0.462,0.468
647,5h,Js,0.451,0.443,0.435
648,5h,Qc,0.536,0.502,0.473
649,5h,Qd,0.536,0.49,0.474
650,5h,Qh,0.57,0.546,0.542
651,5h,Qs,0.521,0.52,0.513
652,5h,Kc,0.601,0.547,0.532
653,5h,Kd,0.584,0.543,0.499
654,5h,Kh,0.584,0.531,0.524
655,5h,Ks,0.588,0.539,0.509
656,5h,Ac,0.652,0.604,0.569
657,5h,Ad,0.666,0.595,0.569
658,5h,Ah,0.672,0.622,0.609
659,5h,As,0.648,0.597,0.542
660,5s,6c,0.329,0.365,0.388
661,5s,6d,0.292,0.35,0.365
662,5s,6h,0.319,0.355,0.387
663,5s,6s,0.307,0.358,0.407
664,5s,7c,0.29,0.321,0.351
665,5s,7d,0.342,0.378,0.381
666,5s,7h,0.334,0.375,0.386
667,5s,7s,0.345,0.379,0.409
668,5s,8c,0.359,0.381,0.411
669,5s,8d,0.36,0.389,0.409
670,5s,8h,0.374,0.4,0.413
671,5s,8s,0.361,0.403,0.425
672,5s,9c,0.399,0.396,0.408
673,5s,9d,0.381,0.407,0.402
674,5s,9h,0.379,0.407,0.385
675,5s,9s,0.397,0.421,0.429
676,5s,Tc,0.418,0.42,0.426
677,5s,Td,0.438,0.426,0.431
678,5s,Th,0.414,0.425,0.409
679,5s,Ts,0.436,0.461,0.469
680,5s,Jc,0.496,0.486,0.466
681,5s,Jd,0.488,0.464,0.438
682,5s,Jh,0.465,0.456,0.421
683,5s,Js,0.469,0.466,0.467
684,5s,Qc,0.528,0.497,0.484
685,5s,Qd,0.527,0.501,0.501
686,5s,Qh,0.528,0.519,0.507
687,5s,Qs,0.518,0.493,0.503
688,5s,Kc,0.557,0.514,0.467
689,5s,Kd,0.585,0.545,0.502
690,5s,Kh,0.575,0.532,0.507
691,5s,Ks,0.593,0.584,0.567
692,5s,Ac,0.644,0.602,0.547
693,5s,Ad,0.642,0.594,0.539
694,5s,Ah,0.624,0.553,0.518
695,5s,As,0.661,0.62,0.577
696,6c,6d,0.764,0.7,0.629
697,6c,6h,0.746,0.674,0.616
698,6c,6s,0.761,0.7,0.622
699,6c,7c,0.33,0.361,0.387
700,6c,7d,0.33,0.357,0.383
701,6c,7h,0.345,0.384,0.415
702,6c,7s,0.324,0.374,0.396
703,6c,8c,0.369,0.435,0.439
704,6c,8d,0.38,0.405,0.416
705,6c,8h,0.357,0.387,0.402
706,6c,8s,0.379,0.414,0.438
707,6c,9c,0.398,0.441,0.446
708,6c,9d,0.388,0.4,0.406
709,6c,9h,0.408,0.424,0.433
710,6c,9s,0.385,0.422,0.416
711,6c,Tc,0.424,0.428,0.448
712,6c,Td,0.429,0.436,0.422
713,6c,Th,0.434,0.423,0.427
714,6c,Ts,0.423,0.429,0.42
715,6c,Jc,0.474,0.481,0.475
716,6c,Jd,0.467,0.456,0.451
717,6c,Jh,0.467,0.454,0.441
718,6c,Js,0.5,0.496,0.472
719,6c,Qc,0.564,0.555,0.535
720,6c,Qd,0.529,0.511,0.502
721,6c,Qh,0.534,0.526,0.507
722,6c,Qs,0.53,0.512,0.489
723,6c,Kc,0.588,0.563,0.542
724,6c,Kd,0.602,0.559,0.506
725,6c,Kh,0.612,0.571,0.521
726,6c,Ks,0.589,0.555,0.51
727,6c,Ac,0.665,0.6,0.55
728,6c,Ad,0.623,0.572,0.528
729,6c,Ah,0.659,0.605,0.552
730,6c,As,0.645,0.608,0.559
731,6d,6h,0.781,0.712,0.653
732,6d,6s,0.773,0.707,0.618
733,6d,7c,0.328,0.361,0.365
734,6d,7d,0.356,0.395,0.421
735,6d,7h,0.36,0.388,0.399
736,6d,7s,0.352,0.391,0.422
737,6d,8c,0.365,0.382,0.39
738,6d,8d,0.352,0.385,0.413
739,6d,8h,0.377,0.416,0.418
740,6d,8s,0.341,0.37,0.4
741,6d,9c,0.41,0.438,0.414
742,6d,9d,0.397,0.424,0.453
743,6d,9h,0.383,0.417,0.407
744,6d,9s,0.427,0.441,0.445
745,6d,Tc,0.434,0.435,0.432
746,6d,Td,0.447,0.462,0.466
747,6d,Th,0.427,0.437,0.441
748,6d,Ts,0.443,0.442,0.467
749,6d,Jc,0.502,0.485,0.459
750,6d,Jd,0.517,0.524,0.515
751,6d,Jh,0.506,0.502,0.461
752,6d,Js,0.507,0.49,0.467
753,6d,Qc,0.513,0.496,0.465
754,6d,Qd,0.541,0.543,0.525
755,6d,Qh,0.521,0.5,0.487
756,6d,Qs,0.517,0.491,0.46
757,6d,Kc,0.605,0.575,0.527
758,6d,Kd,0.574,0.537,0.521
759,6d,Kh,0.589,0.538,0.505
760,6d,Ks,0.578,0.541,0.492
761,6d,Ac,0.671,0.618,0.569
762,6d,Ad,0.659,0.605,0.564
763,6d,Ah,0.674,0.632,0.608
764,6d,As,0.672,0.63,0.58
765,6h,6s,0.771,0.702,0.631
766,6h,7c,0.336,0.371,0.391
767,6h,7d,0.339,0.365,0.397
768,6h,7h,0.353,0.415,0.447
769,6h,7s,0.347,0.382,0.391
770,6h,8c,0.395,0.424,0.423
771,6h,8d,0.389,0.408,0.417
772,6h,8h,0.353,0.411,0.441
773,6h,8s,0.379,0.399,0.392
774,6h,9c,0.408,0.422,0.399
775,6h,9d,0.428,0.436,0.435
776,6h,9h,0.398,0.415,0.448
777,6h,9s,0.387,0.403,0.419
778,6h,Tc,0.425,0.419,0.42
779,6h,Td,0.435,0.431,0.422
780,6h,Th,0.462,0.475,0.474
781,6h,Ts,0.464,0.455,0.439
782,6h,Jc,0.485,0.464,0.436
783,6h,Jd,0.494,0.496,0.469
784,6h,Jh,0.485,0.503,0.515
785,6h,Js,0.483,0.485,0.462
786,6h,Qc,0.547,0.52,0.491
787,6h,Qd,0.557,0.546,0.521
788,6h,Qh,0.538,0.518,0.517
789,6h,Qs,0.54,0.505,0.486
790,6h,Kc,0.593,0.555,0.517
791,6h,Kd,0.585,0.543,0.505
792,6h,Kh,0.612,0.591,0.546
793,6h,Ks,0.573,0.532,0.495
794,6h,Ac,0.677,0.62,0.585
795,6h,Ad,0.664,0.599,0.553
796,6h,Ah,0.662,0.615,0.577
797,6h,As,0.658,0.609,0.569
798,6s,7c,0.335,0.354,0.402
799,6s,7d,0.325,0.353,0.359
800,6s,7h,0.326,0.367,0.383
801,6s,7s,0.342,0.386,0.422
802,6s,8c,0.309,0.33,0.379
803,6s,8d,0.345,0.372,0.398
804,6s,8h,0.391,0.416,0.407
805,6s,8s,0.367,0.428,0.427
806,6s,9c,0.403,0.43,0.434
807,6s,9d,0.406,0.449,0.437
808,6s,9h,0.414,0.407,0.413
809,6s,9s,0.411,0.448,0.441
810,6s,Tc,0.445,0.469,0.459
811,6s,Td,0.456,0.454,0.456
812,6s,Th,0.434,0.442,0.43
813,6s,Ts,0.442,0.459,0.451
814,6s,Jc,0.475,0.485,0.458
815,6s,Jd,0.498,0.474,0.461
816,6s,Jh,0.474,0.461,0.433
817,6s,Js,0.463,0.475,0.457
818,6s,Qc,0.527,0.503,0.478
819,6s,Qd,0.521,0.494,0.475
820,6s,Qh,0.547,0.523,0.494
821,6s,Qs,0.547,0.536,0.513
822,6s,Kc,0.611,0.567,0.519
823,6s,Kd,0.601,0.554,0.503
824,6s,Kh,0.601,0.569,0.53
825,6s,Ks,0.589,0.552,0.514
826,6s,Ac,0.643,0.592,0.541
827,6s,Ad,0.662,0.606,0.545
828,6s,Ah,0.656,0.609,0.556
829,6s,As,0.665,0.616,0.579
830,7c,7d,0.788,0.741,0.673
831,7c,7h,0.76,0.701,0.626
832,7c,7s,0.782,0.714,0.647
833,7c,8c,0.371,0.419,0.431
834,7c,8d,0.382,0.418,0.418
835,7c,8h,0.365,0.398,0.414
836,7c,8s,0.382,0.409,0.434
837,7c,9c,0.416,0.46,0.475
838,7c,9d,0.41,0.43,0.44
839,7c,9h,0.413,0.437,0.432
840,7c,9s,0.414,0.435,0.437
841,7c,Tc,0.461,0.481,0.5
842,7c,Td,0.43,0.45,0.466
843,7c,Th,0.429,0.449,0.472
844,7c,Ts,0.482,0.482,0.466
845,7c,Jc,0.504,0.511,0.511
846,7c,Jd,0.5,0.495,0.503
847,7c,Jh,0.51,0.507,0.489
848,7c,Js,0.505,0.48,0.474
849,7c,Qc,0.537,0.536,0.52
850,7c,Qd,0.557,0.527,0.501
851,7c,Qh,0.528,0.52,0.501
852,7c,Qs,0.542,0.531,0.515
853,7c,Kc,0.575,0.56,0.54
854,7c,Kd,0.588,0.544,0.517
855,7c,Kh,0.601,0.598,0.547
856,7c,Ks,0.618,0.574,0.54
857,7c,Ac,0.646,0.605,0.576
858,7c,Ad,0.677,0.614,0.595
859,7c,Ah,0.677,0.628,0.579
860,7c,As,0.669,0.625,0.583
861,7d,7h,0.782,0.737,0.671
862,7d,7s,0.774,0.713,0.644
863,7d,8c,0.369,0.418,0.418
864,7d,8d,0.4,0.446,0.448
865,7d,8h,0.409,0.424,0.413
866,7d,8s,0.364,0.415,0.446
867,7d,9c,0.406,0.411,0.444
868,7d,9d,0.419,0.462,0.477
869,7d,9h,0.391,0.423,0.426
870,7d,9s,0.415,0.441,0.441
871,7d,Tc,0.442,0.453,0.456
872,7d,Td,0.471,0.488,0.494
873,7d,Th,0.443,0.426,0.42
874,7d,Ts,0.441,0.444,0.423
875,7d,Jc,0.464,0.454,0.435
876,7d,Jd,0.5,0.49,0.479
877,7d,Jh,0.488,0.48,0.473
878,7d,Js,0.485,0.477,0.462
879,7d,Qc,0.55,0.549,0.536
880,7d,Qd,0.555,0.534,0.52
881,7d,Qh,0.537,0.526,0.482
882,7d,Qs,0.544,0.509,0.485
883,7d,Kc,0.625,0.59,0.541
884,7d,Kd,0.632,0.609,0.596
885,7d,Kh,0.598,0.576,0.549
886,7d,Ks,0.613,0.566,0.522
887,7d,Ac,0.669,0.609,0.563
888,7d,Ad,0.654,0.602,0.586
889,7d,Ah,0.673,0.613,0.561
890,7d,As,0.683,0.62,0.584
891,7h,7s,0.781,0.73,0.655
892,7h,8c,0.377,0.42,0.427
893,7h,8d,0.39,0.419,0.451
894,7h,8h,0.386,0.428,0.433
895,7h,8s,0.38,0.428,0.443
896,7h,9c,0.431,0.455,0.432
897,7h,9d,0.416,0.435,0.429
898,7h,9h,0.428,0.464,0.494
899,7h,9s,0.433,0.427,0.442
900,7h,Tc,0.467,0.492,0.485
901,7h,Td,0.442,0.443,0.45
902,7h,Th,0.451,0.477,0.458
903,7h,Ts,0.449,0.46,0.432
904,7h,Jc,0.51,0.504,0.495
905,7h,Jd,0.483,0.47,0.464
906,7h,Jh,0.489,0.495,0.491
907,7h,Js,0.5,0.505,0.475
908,7h,Qc,0.549,0.506,0.482
909,7h,Qd,0.534,0.518,0.469
910,7h,Qh,0.558,0.538,0.517
911,7h,Qs,0.518,0.508,0.487
912,7h,Kc,0.569,0.528,0.493
913,7h,Kd,0.606,0.568,0.528
914,7h,Kh,0.616,0.576,0.555
915,7h,Ks,0.615,0.588,0.541
916,7h,Ac,0.667,0.619,0.576
917,7h,Ad,0.671,0.608,0.575
918,7h,Ah,0.667,0.628,0.606
919,7h,As,0.662,0.605,0.555
920,7s,8c,0.39,0.431,0.427
921,7s,8d,0.382,0.415,0.428
922,7s,8h,0.407,0.436,0.429
923,7s,8s,0.363,0.408,0.433
924,7s,9c,0.425,0.436,0.448
925,7s,9d,0.424,0.435,0.437
926,7s,9h,0.4,0.43,0.459
927,7s,9s,0.448,0.488,0.494
928,7s,Tc,0.468,0.455,0.454
929,7s,Td,0.423,0.448,0.461
930,7s,Th,0.448,0.44,0.445
931,7s,Ts,0.478,0.476,0.494
932,7s,Jc,0.495,0.492,0.463
933,7s,Jd,0.497,0.499,0.485
934,7s,Jh,0.492,0.476,0.471
935,7s,Js,0.528,0.523,0.526
936,7s,Qc,0.538,0.516,0.502
937,7s,Qd,0.532,0.512,0.479
938,7s,Qh,0.547,0.533,0.497
939,7s,Qs,0.55,0.536,0.519
940,7s,Kc,0.605,0.564,0.534
941,7s,Kd,0.634,0.592,0.542
942,7s,Kh,0.611,0.57,0.523
943,7s,Ks,0.612,0.572,0.549
944,7s,Ac,0.654,0.594,0.559
945,7s,Ad,0.688,0.633,0.573
946,7s,Ah,0.682,0.646,0.576
947,7s,As,0.687,0.649,0.601
948,8c,8d,0.818,0.741,0.671
949,8c,8h,0.806,0.759,0.69
950,8c,8s,0.823,0.758,0.703
951,8c,9c,0.446,0.48,0.506
952,8c,9d,0.407,0.443,0.473
953,8c,9h,0.429,0.438,0.441
954,8c,9s,0.439,0.446,0.46
955,8c,Tc,0.486,0.507,0.502
956,8c,Td,0.477,0.48,0.478
957,8c,Th,0.456,0.481,0.477
958,8c,Ts,0.462,0.48,0.479
959,8c,Jc,0.515,0.521,0.555
960,8c,Jd,0.505,0.511,0.483
961,8c,Jh,0.504,0.504,0.492
962,8c,Js,0.47,0.46,0.442
963,8c,Qc,0.565,0.558,0.568
964,8c,Qd,0.569,0.542,0.516
965,8c,Qh,0.571,0.562,0.55
966,8c,Qs,0.574,0.554,0.5
967,8c,Kc,0.613,0.579,0.549
968,8c,Kd,0.626,0.596,0.558
969,8c,Kh,0.611,0.574,0.53
970,8c,Ks,0.632,0.6,0.532
971,8c,Ac,0.684,0.654,0.611
972,8c,Ad,0.69,0.66,0.627
973,8c,Ah,0.679,0.633,0.602
974,8c,As,0.707,0.669,0.616
975,8d,8h,0.821,0.764,0.704
976,8d,8s,0.784,0.717,0.646
977,8d,9c,0.425,0.472,0.482
978,8d,9d,0.4,0.421,0.472
979,8d,9h,0.423,0.456,0.469
980,8d,9s,0.455,0.492,0.496
981,8d,Tc,0.469,0.486,0.496
982,8d,Td,0.469,0.502,0.503
983,8d,Th,0.462,0.479,0.493
984,8d,Ts,0.456,0.473,0.464
985,8d,Jc,0.491,0.482,0.474
986,8d,Jd,0.514,0.539,0.534
987,8d,Jh,0.509,0.503,0.501
988,8d,Js,0.511,0.511,0.499
989,8d,Qc,0.542,0.502,0.505
990,8d,Qd,0.548,0.543,0.52
991,8d,Qh,0.564,0.564,0.532
992,8d,Qs,0.541,0.527,0.501
993,8d,Kc,0.618,0.582,0.55
994,8d,Kd,0.618,0.603,0.577
995,8d,Kh,0.604,0.561,0.509
996,8d,Ks,0.621,0.598,0.571
997,8d,Ac,0.663,0.619,0.589
998,8d,Ad,0.667,0.646,0.589
999,8d,Ah,0.676,0.619,0.567
1000,8d,As,0.685,0.63,0.578
1001,8h,8s,0.808,0.76,0.693
1002,8h,9c,0.414,0.445,0.457
1003,8h,9d,0.419,0.452,0.478
1004,8h,9h,0.427,0.475,0.473
1005,8h,9s,0.417,0.451,0.453
1006,8h,Tc,0.465,0.49,0.481
1007,8h,Td,0.473,0.498,0.496
1008,8h,Th,0.504,0.521,0.53
1009,8h,Ts,0.486,0.486,0.486
1010,8h,Jc,0.511,0.513,0.504
1011,8h,Jd,0.53,0.512,0.517
1012,8h,Jh,0.489,0.516,0.525
1013,8h,Js,0.533,0.536,0.529
1014,8h,Qc,0.55,0.534,0.524
1015,8h,Qd,0.548,0.53,0.507
1016,8h,Qh,0.561,0.563,0.535
1017,8h,Qs,0.559,0.554,0.525
1018,8h,Kc,0.607,0.563,0.554
1019,8h,Kd,0.614,0.579,0.543
1020,8h,Kh,0.623,0.603,0.578
1021,8h,Ks,0.592,0.572,0.539
1022,8h,Ac,0.698,0.634,0.601
1023,8h,Ad,0.653,0.602,0.553
1024,8h,Ah,0.687,0.636,0.606
1025,8h,As,0.692,0.632,0.592
1026,8s,9c,0.42,0.457,0.453
1027,8s,9d,0.406,0.434,0.454
1028,8s,9h,0.395,0.424,0.447
1029,8s,9s,0.423,0.465,0.5
1030,8s,Tc,0.447,0.455,0.467
1031,8s,Td,0.467,0.472,0.466
1032,8s,Th,0.465,0.483,0.493
1033,8s,Ts,0.464,0.499,0.504
1034,8s,Jc,0.496,0.483,0.505
1035,8s,Jd,0.499,0.501,0.502
1036,8s,Jh,0.518,0.53,0.499
1037,8s,Js,0.494,0.52,0.514
1038,8s,Qc,0.574,0.541,0.519
1039,8s,Qd,0.566,0.547,0.535
1040,8s,Qh,0.556,0.526,0.519
1041,8s,Qs,0.545,0.545,0.541
1042,8s,Kc,0.617,0.58,0.527
1043,8s,Kd,0.596,0.563,0.508
1044,8s,Kh,0.591,0.58,0.536
1045,8s,Ks,0.605,0.563,0.56
1046,8s,Ac,0.694,0.654,0.606
1047,8s,Ad,0.698,0.639,0.583
1048,8s,Ah,0.674,0.648,0.594
1049,8s,As,0.713,0.664,0.623
1050,9c,9d,0.838,0.78,0.724
1051,9c,9h,0.836,0.776,0.712
1052,9c,9s,0.833,0.783,0.731
1053,9c,Tc,0.476,0.51,0.509
1054,9c,Td,0.488,0.498,0.5
1055,9c,Th,0.46,0.483,0.494
1056,9c,Ts,0.46,0.5,0.512
1057,9c,Jc,0.537,0.543,0.534
1058,9c,Jd,0.554,0.552,0.528
1059,9c,Jh,0.514,0.525,0.508
1060,9c,Js,0.53,0.52,0.516
1061,9c,Qc,0.57,0.557,0.546
1062,9c,Qd,0.565,0.553,0.537
1063,9c,Qh,0.546,0.539,0.528
1064,9c,Qs,0.552,0.536,0.525
1065,9c,Kc,0.638,0.617,0.575
1066,9c,Kd,0.617,0.612,0.576
1067,9c,Kh,0.638,0.603,0.578
1068,9c,Ks,0.642,0.608,0.587
1069,9c,Ac,0.673,0.633,0.614
1070,9c,Ad,0.664,0.611,0.56
1071,9c,Ah,0.707,0.641,0.598
1072,9c,As,0.716,0.666,0.604
1073,9d,9h,0.802,0.76,0.706
1074,9d,9s,0.821,0.762,0.712
1075,9d,Tc,0.477,0.491,0.497
1076,9d,Td,0.506,0.527,0.534
1077,9d,Th,0.486,0.514,0.534
1078,9d,Ts,0.449,0.488,0.507
1079,9d,Jc,0.534,0.524,0.508
1080,9d,Jd,0.532,0.55,0.563
1081,9d,Jh,0.48,0.498,0.487
1082,9d,Js,0.531,0.534,0.524
1083,9d,Qc,0.568,0.537,0.51
1084,9d,Qd,0.582,0.562,0.56
1085,9d,Qh,0.561,0.558,0.523
1086,9d,Qs,0.606,0.583,0.555
1087,9d,Kc,0.635,0.598,0.571
1088,9d,Kd,0.64,0.612,0.594
1089,9d,Kh,0.632,0.585,0.54
1090,9d,Ks,0.635,0.597,0.576
1091,9d,Ac,0.702,0.653,0.617
1092,9d,Ad,0.684,0.636,0.606
1093,9d,Ah,0.668,0.626,0.581
1094,9d,As,0.701,0.661,0.636
1095,9h,9s,0.857,0.802,0.745
1096,9h,Tc,0.468,0.482,0.492
1097,9h,Td,0.496,0.523,0.529
1098,9h,Th,0.491,0.497,0.495
1099,9h,Ts,0.476,0.495,0.495
1100,9h,Jc,0.519,0.547,0.533
1101,9h,Jd,0.522,0.525,0.533
1102,9h,Jh,0.544,0.555,0.567
1103,9h,Js,0.521,0.539,0.522
1104,9h,Qc,0.551,0.549,0.511
1105,9h,Qd,0.57,0.563,0.548
1106,9h,Qh,0.568,0.553,0.549
1107,9h,Qs,0.602,0.588,0.547
1108,9h,Kc,0.602,0.583,0.543
1109,9h,Kd,0.646,0.626,0.579
1110,9h,Kh,0.641,0.635,0.609
1111,9h,Ks,0.626,0.599,0.576
1112,9h,Ac,0.679,0.637,0.584
1113,9h,Ad,0.692,0.666,0.619
1114,9h,Ah,0.657,0.61,0.589
1115,9h,As,0.673,0.599,0.566
1116,9s,Tc,0.451,0.46,0.489
1117,9s,Td,0.493,0.515,0.519
1118,9s,Th,0.47,0.511,0.498
1119,9s,Ts,0.481,0.512,0.532
1120,9s,Jc,0.526,0.533,0.531
1121,9s,Jd,0.533,0.538,0.526
1122,9s,Jh,0.551,0.547,0.525
1123,9s,Js,0.543,0.524,0.52
1124,9s,Qc,0.549,0.552,0.53
1125,9s,Qd,0.563,0.572,0.561
1126,9s,Qh,0.579,0.559,0.537
1127,9s,Qs,0.577,0.575,0.557
1128,9s,Kc,0.613,0.594,0.563
1129,9s,Kd,0.642,0.623,0.58
1130,9s,Kh,0.647,0.62,0.601
1131,9s,Ks,0.624,0.597,0.578
1132,9s,Ac,0.699,0.67,0.609
1133,9s,Ad,0.7,0.636,0.596
1134,9s,Ah,0.661,0.619,0.583
1135,9s,As,0.687,0.651,0.601
1136,Tc,Td,0.872,0.818,0.746
1137,Tc,Th,0.874,0.819,0.749
1138,Tc,Ts,0.858,0.794,0.736
1139,Jc,Tc,0.516,0.521,0.551
1140,Jd,Tc,0.548,0.545,0.541
1141,Jh,Tc,0.531,0.533,0.536
1142,Js,Tc,0.546,0.559,0.546
1143,Qc,Tc,0.577,0.584,0.58
1144,Qd,Tc,0.567,0.548,0.53
1145,Qh,Tc,0.597,0.575,0.569
1146,Qs,Tc,0.564,0.561,0.555
1147,Kc,Tc,0.636,0.628,0.598
1148,Kd,Tc,0.652,0.614,0.585
1149,Kh,Tc,0.662,0.658,0.624
1150,Ks,Tc,0.634,0.615,0.594
1151,Ac,Tc,0.714,0.675,0.636
1152,Ad,Tc,0.72,0.68,0.621
1153,Ah,Tc,0.697,0.664,0.606
1154,As,Tc,0.706,0.672,0.63
1155,Td,Th,0.871,0.817,0.768
1156,Td,Ts,0.866,0.813,0.732
1157,Jc,Td,0.503,0.506,0.511
1158,Jd,Td,0.528,0.537,0.56
1159,Jh,Td,0.561,0.562,0.557
1160,Js,Td,0.518,0.529,0.524
1161,Qc,Td,0.576,0.564,0.55
1162,Qd,Td,0.574,0.564,0.568
1163,Qh,Td,0.571,0.585,0.577
1164,Qs,Td,0.583,0.577,0.551
1165,Kc,Td,0.608,0.604,0.592
1166,Kd,Td,0.627,0.603,0.586
1167,Kh,Td,0.658,0.609,0.579
1168,Ks,Td,0.628,0.602,0.57
1169,Ac,Td,0.694,0.651,0.603
1170,Ad,Td,0.698,0.669,0.626
1171,Ah,Td,0.704,0.667,0.617
1172,As,Td,0.703,0.648,0.625
1173,Th,Ts,0.862,0.797,0.728
1174,Jc,Th,0.509,0.528,0.529
1175,Jd,Th,0.544,0.543,0.544
1176,Jh,Th,0.554,0.563,0.585
1177,Js,Th,0.532,0.519,0.522
1178,Qc,Th,0.573,0.572,0.57
1179,Qd,Th,0.593,0.582,0.553
1180,Qh,Th,0.589,0.615,0.602
1181,Qs,Th,0.602,0.582,0.565
1182,Kc,Th,0.66,0.619,0.579
1183,Kd,Th,0.65,0.627,0.605
1184,Kh,Th,0.663,0.651,0.615
1185,Ks,Th,0.63,0.616,0.594
1186,Ac,Th,0.676,0.663,0.628
1187,Ad,Th,0.71,0.671,0.619
1188,Ah,Th,0.714,0.682,0.645
1189,As,Th,0.711,0.654,0.613
1190,Jc,Ts,0.517,0.522,0.525
1191,Jd,Ts,0.534,0.549,0.543
1192,Jh,Ts,0.535,0.53,0.541
1193,Js,Ts,0.519,0.535,0.541
1194,Qc,Ts,0.592,0.582,0.564
1195,Qd,Ts,0.604,0.582,0.544
1196,Qh,Ts,0.554,0.567,0.57
1197,Qs,Ts,0.602,0.59,0.58
1198,Kc,Ts,0.653,0.621,0.594
1199,Kd,Ts,0.636,0.607,0.579
1200,Kh,Ts,0.615,0.599,0.569
1201,Ks,Ts,0.646,0.633,0.626
1202,Ac,Ts,0.695,0.66,0.626
1203,Ad,Ts,0.689,0.634,0.594
1204,Ah,Ts,0.686,0.658,0.623
1205,As,Ts,0.696,0.638,0.61
1206,Jc,Jd,0.879,0.829,0.777
1207,Jc,Jh,0.897,0.82,0.778
1208,Jc,Js,0.859,0.816,0.763
1209,Jc,Qc,0.589,0.584,0.587
1210,Jc,Qd,0.59,0.584,0.562
1211,Jc,Qh,0.579,0.572,0.546
1212,Jc,Qs,0.586,0.577,0.574
1213,Jc,Kc,0.657,0.645,0.621
1214,Jc,Kd,0.639,0.617,0.596
1215,Jc,Kh,0.641,0.612,0.561
1216,Jc,Ks,0.646,0.619,0.586
1217,Ac,Jc,0.731,0.669,0.635
1218,Ad,Jc,0.717,0.672,0.647
1219,Ah,Jc,0.71,0.673,0.626
1220,As,Jc,0.7,0.66,0.619
1221,Jd,Jh,0.884,0.825,0.761
1222,Jd,Js,0.873,0.809,0.759
1223,Jd,Qc,0.589,0.581,0.573
1224,Jd,Qd,0.581,0.576,0.587
1225,Jd,Qh,0.576,0.562,0.529
1226,Jd,Qs,0.61,0.594,0.589
1227,Jd,Kc,0.646,0.618,0.587
1228,Jd,Kd,0.673,0.636,0.627
1229,Jd,Kh,0.65,0.619,0.598
1230,Jd,Ks,0.645,0.622,0.607
1231,Ac,Jd,0.702,0.65,0.631
1232,Ad,Jd,0.722,0.67,0.643
1233,Ah,Jd,0.705,0.671,0.64
1234,As,Jd,0.679,0.645,0.609
1235,Jh,Js,0.869,0.821,0.756
1236,Jh,Qc,0.561,0.572,0.573
1237,Jh,Qd,0.603,0.607,0.583
1238,Jh,Qh,0.618,0.624,0.589
1239,Jh,Qs,0.585,0.602,0.584
1240,Jh,Kc,0.673,0.652,0.626
1241,Jh,Kd,0.648,0.612,0.584
1242,Jh,Kh,0.669,0.636,0.623
1243,Jh,Ks,0.637,0.602,0.573
1244,Ac,Jh,0.7,0.635,0.59
1245,Ad,Jh,0.716,0.677,0.635
1246,Ah,Jh,0.724,0.678,0.648
1247,As,Jh,0.717,0.678,0.628
1248,Js,Qc,0.607,0.598,0.589
1249,Js,Qd,0.586,0.584,0.582
1250,Js,Qh,0.606,0.583,0.572
1251,Js,Qs,0.587,0.573,0.567
1252,Js,Kc,0.647,0.604,0.56
1253,Js,Kd,0.647,0.633,0.604
1254,Js,Kh,0.649,0.618,0.604
1255,Js,Ks,0.629,0.601,0.578
1256,Ac,Js,0.682,0.641,0.583
1257,Ad,Js,0.722,0.676,0.646
1258,Ah,Js,0.713,0.675,0.634
1259,As,Js,0.722,0.698,0.662
1260,Qc,Qd,0.907,0.85,0.788
1261,Qc,Qh,0.912,0.864,0.797
1262,Qc,Qs,0.904,0.846,0.785
1263,Kc,Qc,0.653,0.644,0.629
1264,Kd,Qc,0.66,0.654,0.626
1265,Kh,Qc,0.666,0.627,0.611
1266,Ks,Qc,0.666,0.633,0.589
1267,Ac,Qc,0.741,0.713,0.669
1268,Ad,Qc,0.694,0.638,0.604
1269,Ah,Qc,0.736,0.697,0.669
1270,As,Qc,0.71,0.658,0.623
1271,Qd,Qh,0.891,0.834,0.775
1272,Qd,Qs,0.907,0.862,0.809
1273,Kc,Qd,0.66,0.643,0.611
1274,Kd,Qd,0.653,0.624,0.614
1275,Kh,Qd,0.639,0.613,0.577
1276,Ks,Qd,0.641,0.624,0.584
1277,Ac,Qd,0.705,0.656,0.626
1278,Ad,Qd,0.727,0.679,0.647
1279,Ah,Qd,0.727,0.7,0.652
1280,As,Qd,0.732,0.695,0.658
1281,Qh,Qs,0.889,0.846,0.797
1282,Kc,Qh,0.683,0.658,0.626
1283,Kd,Qh,0.669,0.646,0.614
1284,Kh,Qh,0.641,0.647,0.631
1285,Ks,Qh,0.654,0.622,0.587
1286,Ac,Qh,0.712,0.664,0.61
1287,Ad,Qh,0.719,0.676,0.628
1288,Ah,Qh,0.71,0.669,0.639
1289,As,Qh,0.721,0.679,0.637
1290,Kc,Qs,0.646,0.618,0.592
1291,Kd,Qs,0.667,0.64,0.619
1292,Kh,Qs,0.631,0.586,0.581
1293,Ks,Qs,0.666,0.649,0.631
1294,Ac,Qs,0.703,0.66,0.629
1295,Ad,Qs,0.717,0.656,0.614
1296,Ah,Qs,0.724,0.687,0.659
1297,As,Qs,0.734,0.686,0.66
1298,Kc,Kd,0.939,0.896,0.844
1299,Kc,Kh,0.931,0.895,0.837
1300,Kc,Ks,0.927,0.878,0.82
1301,Ac,Kc,0.747,0.708,0.663
1302,Ad,Kc,0.726,0.674,0.627
1303,Ah,Kc,0.724,0.689,0.652
1304,As,Kc,0.722,0.674,0.641
1305,Kd,Kh,0.921,0.874,0.816
1306,Kd,Ks,0.94,0.907,0.85
1307,Ac,Kd,0.75,0.722,0.662
1308,Ad,Kd,0.724,0.693,0.663
1309,Ah,Kd,0.731,0.682,0.631
1310,As,Kd,0.731,0.688,0.654
1311,Kh,Ks,0.918,0.869,0.804
1312,Ac,Kh,0.713,0.662,0.625
1313,Ad,Kh,0.756,0.711,0.647
1314,Ah,Kh,0.724,0.688,0.662
1315,As,Kh,0.727,0.697,0.674
1316,Ac,Ks,0.716,0.683,0.639
1317,Ad,Ks,0.743,0.695,0.671
1318,Ah,Ks,0.726,0.684,0.64
1319,As,Ks,0.735,0.689,0.663
1320,Ac,Ad,0.959,0.916,0.866
1321,Ac,Ah,0.948,0.906,0.855
1322,Ac,As,0.959,0.907,0.856
1323,Ad,Ah,0.959,0.927,0.851
1324,Ad,As,0.953,0.906,0.858
1325,Ah,As,0.945,0.906,0.848
