hand,BB_play10,BB_play2,BB_play3,BB_play4,BB_play5,BB_play6,BB_play7,BB_play8,BB_play9,D_play10,D_play3,D_play4,D_play5,D_play6,D_play7,D_play8,D_play9,SB_play10,SB_play2,SB_play3,SB_play4,SB_play5,SB_play6,SB_play7,SB_play8,SB_play9,pos3_play10,pos3_play4,pos3_play5,pos3_play6,pos3_play7,pos3_play8,pos3_play9,pos4_play10,pos4_play5,pos4_play6,pos4_play7,pos4_play8,pos4_play9,pos5_play10,pos5_play6,pos5_play7,pos5_play8,pos5_play9,pos6_play10,pos6_play7,pos6_play8,pos6_play9,pos7_play10,pos7_play8,pos7_play9,pos8_play10,pos8_play9,pos9_play10,ev_pc1,ev_pc2
22o,-0.1,-0.01,-0.21,-0.18,-0.2,-0.2,-0.19,-0.16,-0.1,-0.12,-0.01,-0.07,-0.06,0.06,-0.11,0.02,-0.08,-0.12,-0.12,-0.15,-0.17,-0.15,-0.34,0.01,-0.08,-0.11,-0.12,-0.12,-0.16,-0.08,-0.08,-0.15,-0.14,-0.03,-0.09,-0.05,-0.03,-0.04,-0.05,-0.04,0.0,-0.06,-0.02,-0.16,0.02,-0.06,0.11,-0.01,0.02,0.03,-0.04,-0.05,-0.03,0.0,-1.9757240061443955,-0.2952869409677256
32o,-0.41,-0.2,-0.29,-0.32,-0.38,-0.32,-0.38,-0.38,-0.37,-0.04,-0.04,-0.04,-0.04,-0.05,-0.07,-0.04,-0.03,-0.29,-0.25,-0.28,-0.28,-0.28,-0.28,-0.29,-0.29,-0.29,-0.07,-0.06,-0.07,-0.14,-0.06,-0.08,-0.08,-0.05,-0.03,-0.07,-0.04,-0.04,-0.05,-0.04,-0.06,-0.05,-0.04,-0.03,-0.04,-0.04,-0.03,-0.04,-0.04,-0.03,-0.05,-0.04,-0.04,-0.03,-3.2699814994689316,-1.5804861933255936
32s,-0.33,-0.12,-0.24,-0.29,-0.3,-0.36,-0.33,-0.26,-0.29,-0.1,-0.06,-0.08,-0.12,-0.01,-0.13,-0.08,-0.08,-0.17,-0.21,-0.2,-0.24,-0.25,-0.31,-0.2,-0.32,-0.2,-0.14,-0.12,-0.14,-0.15,-0.08,-0.18,-0.15,-0.08,-0.08,-0.08,-0.08,-0.13,-0.1,-0.1,-0.06,-0.12,-0.12,-0.12,-0.08,-0.1,-0.1,-0.16,-0.09,-0.09,-0.11,-0.07,-0.07,-0.08,-3.6956439065982205,-0.6053438902047484
33o,-0.16,0.02,-0.08,-0.17,-0.13,-0.16,-0.1,-0.25,-0.14,0.03,0.0,0.04,-0.01,-0.09,0.01,-0.07,0.0,-0.1,-0.02,-0.11,-0.17,-0.17,-0.24,-0.19,-0.15,-0.19,-0.07,-0.03,-0.12,-0.13,-0.08,-0.06,-0.08,-0.04,0.0,-0.16,-0.04,-0.09,-0.06,-0.01,-0.02,-0.07,0.02,-0.02,-0.05,0.06,-0.07,-0.09,-0.01,-0.04,0.01,0.06,-0.02,-0.04,-1.7128058339116112,0.1049305500679755
42o,-0.4,-0.19,-0.25,-0.3,-0.36,-0.37,-0.37,-0.39,-0.37,-0.02,-0.04,-0.02,-0.02,-0.02,-0.02,-0.03,-0.03,-0.26,-0.23,-0.26,-0.26,-0.25,-0.21,-0.26,-0.24,-0.28,-0.09,-0.04,-0.05,-0.07,-0.08,-0.08,-0.08,-0.02,-0.02,-0.04,-0.02,-0.02,-0.02,-0.02,-0.02,-0.02,-0.02,-0.03,-0.02,-0.03,-0.02,-0.02,-0.02,-0.02,-0.02,-0.02,-0.02,-0.02,-2.833184067914293,-1.5676214017025851
42s,-0.26,-0.11,-0.25,-0.23,-0.27,-0.41,-0.26,-0.35,-0.32,-0.03,-0.06,-0.09,-0.1,-0.13,-0.1,-0.08,-0.09,-0.29,-0.19,-0.24,-0.24,-0.25,-0.28,-0.21,-0.26,-0.25,-0.18,-0.1,-0.09,-0.19,-0.19,-0.12,-0.12,-0.1,-0.1,-0.03,-0.06,-0.12,0.04,-0.06,-0.11,-0.08,-0.12,-0.09,-0.09,-0.1,-0.13,-0.1,0.03,-0.05,-0.1,-0.07,-0.05,-0.06,-3.527814121420871,-0.8191722464124166
43o,-0.36,-0.17,-0.27,-0.3,-0.34,-0.34,-0.34,-0.37,-0.35,-0.04,-0.04,-0.04,-0.04,-0.04,-0.02,-0.01,-0.04,-0.27,-0.24,-0.26,-0.26,-0.28,-0.23,-0.24,-0.3,-0.26,-0.09,-0.04,-0.06,-0.11,-0.15,-0.08,-0.08,-0.07,-0.05,-0.07,-0.07,-0.06,-0.02,-0.03,-0.05,0.0,-0.03,-0.01,-0.04,-0.07,-0.03,-0.03,-0.04,-0.03,-0.03,-0.02,-0.04,-0.03,-3.0595864172312055,-1.4418304462797389
43s,-0.22,-0.06,-0.2,-0.2,-0.25,-0.31,-0.27,-0.26,-0.26,-0.11,-0.08,-0.08,-0.12,0.1,-0.08,-0.15,-0.01,-0.25,-0.17,-0.2,-0.23,-0.25,-0.27,-0.23,-0.23,-0.21,-0.03,-0.04,-0.08,-0.07,-0.16,-0.11,-0.1,-0.05,-0.09,-0.2,-0.15,-0.05,-0.07,-0.06,-0.1,-0.09,-0.12,-0.08,-0.09,-0.1,-0.05,-0.1,-0.09,-0.07,-0.06,-0.04,-0.1,-0.06,-3.127976795877117,-0.47175872914240324
44o,-0.1,0.07,-0.01,-0.1,-0.09,-0.13,-0.14,-0.08,-0.2,-0.03,0.13,0.04,0.07,0.03,-0.02,-0.05,-0.08,0.05,0.04,-0.06,-0.08,-0.12,-0.09,-0.09,-0.09,-0.04,-0.08,0.06,-0.03,0.16,-0.17,-0.1,-0.01,-0.06,0.0,-0.09,-0.01,-0.14,-0.08,-0.01,0.27,-0.12,-0.12,-0.07,0.1,0.12,-0.04,-0.03,0.02,-0.01,0.0,0.02,0.04,-0.06,-0.7051474810979872,0.7680563356020932
52o,-0.37,-0.18,-0.25,-0.32,-0.34,-0.34,-0.36,-0.33,-0.37,-0.02,-0.02,-0.02,-0.02,-0.02,-0.05,-0.03,-0.02,-0.25,-0.23,-0.24,-0.27,-0.27,-0.29,-0.28,-0.29,-0.28,-0.09,-0.04,-0.04,-0.1,-0.07,-0.06,-0.07,-0.02,-0.02,-0.04,-0.03,-0.03,-0.02,-0.03,-0.07,-0.01,-0.02,-0.02,-0.01,-0.02,-0.02,-0.02,-0.02,-0.02,-0.02,-0.01,-0.01,-0.01,-2.8296444877115277,-1.5288517714132506
52s,-0.3,-0.12,-0.2,-0.23,-0.28,-0.39,-0.32,-0.3,-0.35,-0.02,-0.06,-0.06,-0.09,-0.17,-0.07,-0.07,-0.1,-0.22,-0.23,-0.24,-0.25,-0.25,-0.27,-0.25,-0.29,-0.28,-0.12,-0.11,-0.12,-0.3,-0.18,0.05,-0.1,-0.11,-0.07,-0.13,-0.09,-0.1,-0.08,-0.06,-0.17,-0.04,-0.07,-0.07,-0.09,0.0,-0.06,-0.01,-0.1,-0.07,-0.06,-0.02,0.04,-0.07,-3.4449347995639967,-0.9934232992894068
53o,-0.33,-0.15,-0.24,-0.28,-0.33,-0.33,-0.32,-0.28,-0.37,-0.04,-0.02,-0.03,-0.02,-0.03,0.0,-0.02,-0.02,-0.24,-0.23,-0.23,-0.25,-0.25,-0.14,-0.26,-0.3,-0.26,-0.07,-0.03,-0.04,-0.1,-0.07,-0.08,-0.08,-0.03,-0.02,-0.06,-0.03,-0.02,-0.04,-0.02,-0.04,-0.03,-0.03,-0.03,-0.02,-0.01,-0.02,-0.02,0.01,-0.03,-0.02,-0.03,-0.02,-0.03,-2.652765111046984,-1.318824315028265
53s,-0.26,-0.07,-0.16,-0.21,-0.24,-0.12,-0.24,-0.28,-0.18,-0.03,-0.08,-0.07,-0.04,-0.07,0.01,-0.04,-0.05,-0.23,-0.15,-0.25,-0.2,-0.19,-0.28,-0.28,-0.31,-0.2,-0.08,-0.09,-0.05,0.02,-0.12,-0.13,-0.13,-0.06,-0.06,0.03,-0.09,-0.07,-0.02,0.04,-0.12,-0.1,-0.05,-0.05,-0.03,0.14,0.07,-0.02,-0.1,-0.04,0.04,-0.08,-0.07,-0.08,-2.4634717547361427,-0.6778901118228002
54o,-0.32,-0.13,-0.19,-0.26,-0.3,-0.27,-0.32,-0.31,-0.33,-0.06,-0.02,-0.04,-0.04,-0.07,-0.04,-0.05,-0.05,-0.27,-0.22,-0.24,-0.25,-0.26,-0.23,-0.27,-0.27,-0.27,-0.08,-0.06,-0.07,-0.13,0.01,-0.1,-0.09,-0.06,-0.06,-0.05,-0.05,-0.05,-0.05,-0.05,-0.06,-0.06,-0.03,-0.04,-0.03,-0.11,-0.03,-0.04,-0.06,-0.06,-0.03,-0.04,-0.04,0.03,-2.9137170743958793,-1.036214696727268
54s,-0.15,-0.05,-0.13,-0.11,-0.15,-0.18,-0.06,-0.31,-0.2,0.0,-0.04,-0.03,-0.07,0.06,0.01,0.02,-0.06,-0.2,-0.12,-0.18,-0.16,-0.17,0.36,-0.16,-0.14,-0.18,-0.07,0.0,-0.1,-0.12,-0.02,-0.2,-0.13,-0.01,-0.01,0.04,-0.1,-0.06,-0.12,-0.04,-0.03,-0.14,-0.05,-0.07,-0.07,-0.08,0.0,0.09,-0.01,-0.09,0.12,-0.03,0.01,0.0,-1.697240736231667,-0.19149438203995003
55o,-0.12,0.13,-0.05,-0.03,0.02,-0.06,-0.08,-0.21,0.01,0.08,0.26,0.13,0.06,0.03,0.17,0.09,-0.02,-0.02,0.08,0.02,0.0,-0.02,-0.14,-0.16,0.02,-0.11,0.01,0.09,0.06,-0.03,-0.08,-0.05,0.06,-0.02,0.08,0.02,0.01,-0.15,0.17,-0.04,-0.07,0.05,0.01,-0.03,-0.02,0.01,0.04,0.01,0.0,0.01,0.06,-0.04,0.0,0.01,0.16060873865486028,0.9731027656605337
62o,-0.41,-0.17,-0.26,-0.33,-0.35,-0.38,-0.39,-0.38,-0.39,-0.01,-0.01,-0.01,-0.01,-0.01,-0.02,-0.02,-0.02,-0.27,-0.23,-0.25,-0.25,-0.26,-0.26,-0.28,-0.26,-0.27,-0.09,-0.03,-0.04,-0.06,-0.07,-0.1,-0.07,-0.01,-0.01,-0.02,-0.02,-0.02,-0.03,-0.02,-0.03,-0.02,-0.01,-0.01,-0.01,-0.02,-0.01,-0.01,-0.01,-0.02,-0.02,-0.01,-0.01,-0.01,-2.7705642766831335,-1.5804463827251993
62s,-0.32,-0.11,-0.2,-0.26,-0.22,-0.21,-0.34,-0.31,-0.32,-0.1,-0.08,-0.08,-0.08,0.02,-0.08,-0.1,-0.05,-0.25,-0.22,-0.22,-0.27,-0.26,-0.25,-0.32,-0.32,-0.31,-0.08,-0.07,-0.13,-0.15,-0.15,-0.11,-0.11,-0.08,-0.09,-0.11,-0.07,-0.05,-0.08,-0.08,-0.07,-0.12,-0.07,-0.08,-0.1,-0.06,-0.11,-0.08,-0.07,-0.06,-0.06,-0.07,-0.05,-0.08,-3.4395632689658346,-0.7253777928547763
63o,-0.37,-0.17,-0.25,-0.29,-0.34,-0.36,-0.35,-0.36,-0.33,-0.03,-0.01,-0.02,-0.02,-0.01,-0.03,-0.02,-0.03,-0.25,-0.23,-0.26,-0.25,-0.25,-0.25,-0.28,-0.28,-0.25,-0.1,-0.03,-0.05,-0.11,-0.11,-0.07,-0.07,-0.03,-0.02,-0.04,-0.04,-0.03,-0.02,-0.02,-0.03,-0.01,-0.02,-0.02,-0.02,-0.03,-0.02,-0.01,-0.02,-0.03,-0.03,-0.02,-0.03,-0.02,-2.8069506705745275,-1.4513734756475998
63s,-0.3,-0.06,-0.16,-0.18,-0.19,-0.12,-0.23,-0.16,-0.19,0.05,-0.03,-0.07,-0.06,-0.06,0.01,-0.08,0.07,-0.21,-0.15,-0.19,-0.23,-0.2,-0.31,-0.23,-0.22,-0.28,-0.12,-0.09,-0.11,-0.1,-0.08,-0.06,-0.13,-0.15,-0.09,-0.11,0.01,-0.05,-0.1,-0.05,-0.04,-0.05,-0.03,-0.07,-0.12,-0.12,-0.11,-0.03,-0.07,-0.04,-0.09,-0.08,-0.05,-0.01,-2.653730066504926,-0.31022177997789047
64o,-0.33,-0.16,-0.23,-0.28,-0.3,-0.34,-0.32,-0.31,-0.32,-0.03,-0.02,-0.02,-0.04,-0.04,-0.03,-0.03,-0.02,-0.27,-0.2,-0.25,-0.25,-0.24,-0.28,-0.24,-0.29,-0.28,-0.07,-0.03,-0.05,-0.07,-0.09,-0.08,-0.07,-0.02,-0.03,-0.03,-0.05,-0.03,-0.03,-0.03,-0.04,-0.03,-0.04,-0.02,-0.02,-0.04,-0.02,-0.02,-0.02,-0.02,-0.02,-0.03,-0.03,-0.02,-2.7311565542963776,-1.2865976399284569
64s,-0.21,-0.07,-0.08,-0.16,-0.14,-0.23,-0.26,-0.24,-0.25,-0.03,-0.06,-0.05,-0.03,-0.03,-0.05,-0.06,0.05,-0.18,-0.12,-0.14,-0.22,-0.17,-0.2,-0.2,-0.19,-0.22,0.06,-0.08,-0.07,-0.15,-0.09,-0.08,-0.07,-0.05,-0.06,0.03,-0.03,0.04,-0.04,-0.06,-0.01,-0.2,-0.05,-0.09,-0.02,-0.07,-0.09,-0.09,0.04,-0.03,-0.05,-0.03,0.03,-0.02,-2.1757663073691536,-0.4309510851366303
65o,-0.31,-0.08,-0.19,-0.24,-0.28,-0.28,-0.31,-0.29,-0.33,-0.03,-0.02,-0.03,-0.05,-0.16,-0.08,-0.06,-0.04,-0.27,-0.19,-0.21,-0.25,-0.25,-0.28,-0.27,-0.25,-0.24,-0.07,-0.08,-0.07,-0.15,-0.09,-0.05,-0.07,-0.05,-0.06,-0.06,-0.08,-0.05,-0.05,-0.05,-0.06,-0.01,-0.03,-0.06,-0.04,-0.04,-0.06,-0.07,-0.05,-0.04,-0.04,-0.05,-0.04,-0.05,-2.9228908856089295,-0.8467788342998602
65s,-0.22,-0.04,-0.07,-0.15,-0.14,-0.14,-0.2,-0.18,-0.13,-0.04,0.05,0.0,0.01,0.13,-0.18,-0.07,-0.05,-0.15,-0.13,-0.06,-0.13,-0.18,-0.16,-0.14,-0.26,-0.11,-0.08,-0.05,-0.03,0.07,-0.02,-0.08,-0.12,-0.06,0.0,-0.02,-0.11,-0.1,-0.11,-0.05,0.01,0.06,-0.08,-0.03,-0.06,-0.05,-0.04,-0.1,-0.14,0.08,-0.05,-0.02,0.03,0.07,-1.7023106018297454,0.12553088356518713
66o,-0.06,0.22,0.14,0.08,0.03,-0.07,-0.07,-0.05,-0.04,0.13,0.26,0.19,0.16,0.12,-0.03,0.14,0.03,-0.01,0.21,0.17,0.04,0.01,0.05,0.05,-0.05,-0.07,-0.02,0.17,0.09,-0.04,0.07,0.07,0.02,0.08,0.09,0.02,-0.15,0.03,0.08,0.2,0.03,0.09,0.02,0.02,0.13,0.06,0.08,0.04,0.05,0.09,0.07,-0.02,0.08,0.06,1.4738194943366043,1.4530035303631785
72o,-0.41,-0.19,-0.26,-0.33,-0.37,-0.39,-0.36,-0.35,-0.39,-0.01,-0.02,-0.01,-0.02,-0.03,-0.01,-0.02,-0.02,-0.27,-0.24,-0.25,-0.25,-0.25,-0.3,-0.29,-0.27,-0.27,-0.08,-0.03,-0.04,-0.07,-0.1,-0.08,-0.08,-0.03,-0.02,-0.02,-0.01,-0.01,-0.02,-0.01,-0.02,-0.01,-0.01,-0.02,-0.02,-0.01,0.01,-0.01,-0.01,-0.01,-0.02,-0.02,-0.02,-0.02,-2.809930385977093,-1.6539551309124374
72s,-0.34,-0.17,-0.22,-0.24,-0.37,-0.22,-0.2,-0.32,-0.25,-0.07,-0.07,-0.06,-0.05,0.0,-0.02,-0.05,-0.07,-0.26,-0.24,-0.26,-0.28,-0.25,-0.24,-0.3,-0.27,-0.29,-0.12,-0.13,-0.11,-0.18,-0.16,-0.14,-0.09,-0.08,-0.08,-0.1,-0.17,-0.09,-0.09,-0.08,-0.1,-0.07,-0.08,-0.03,-0.06,-0.1,-0.07,-0.03,-0.05,-0.07,-0.04,-0.07,-0.06,-0.08,-3.441304613886774,-1.0126250614535781
73o,-0.42,-0.16,-0.26,-0.32,-0.37,-0.24,-0.39,-0.33,-0.39,-0.01,-0.02,-0.01,-0.02,-0.03,-0.02,-0.01,-0.02,-0.26,-0.24,-0.24,-0.26,-0.26,-0.32,-0.28,-0.29,-0.29,-0.08,-0.04,-0.04,-0.09,-0.05,-0.08,-0.06,-0.03,-0.02,-0.05,-0.01,-0.01,-0.03,-0.02,-0.03,-0.01,-0.01,-0.02,-0.01,-0.02,-0.02,-0.02,-0.01,-0.01,-0.01,-0.02,-0.01,0.0,-2.764643454868025,-1.5342232187362992
73s,-0.34,-0.09,-0.26,-0.25,-0.29,-0.36,-0.3,-0.31,-0.22,-0.08,-0.06,-0.07,-0.04,-0.03,-0.11,-0.05,-0.04,-0.27,-0.17,-0.2,-0.25,-0.23,0.16,-0.21,-0.29,-0.3,-0.12,-0.1,-0.13,-0.1,-0.13,-0.09,-0.1,-0.1,-0.09,-0.09,-0.16,-0.11,-0.09,-0.06,-0.09,-0.14,-0.08,-0.09,-0.1,-0.13,-0.09,-0.06,-0.05,-0.08,-0.04,-0.08,-0.1,-0.1,-3.299655181555114,-0.5512360827706053
74o,-0.38,-0.13,-0.23,-0.29,-0.34,-0.33,-0.36,-0.32,-0.37,-0.02,-0.04,-0.02,-0.02,-0.03,-0.02,-0.02,-0.02,-0.27,-0.23,-0.25,-0.25,-0.25,-0.29,-0.27,-0.28,-0.26,-0.07,-0.03,-0.06,-0.04,-0.05,-0.05,-0.07,-0.03,-0.02,-0.02,-0.03,-0.04,-0.02,-0.02,-0.03,-0.03,-0.01,-0.02,-0.01,-0.01,0.0,-0.02,-0.01,-0.02,-0.02,-0.01,-0.02,-0.02,-2.6726091346855063,-1.418857770475828
74s,-0.24,-0.09,-0.2,-0.16,-0.24,-0.22,-0.13,-0.25,-0.18,-0.07,-0.07,-0.08,-0.02,-0.07,-0.04,-0.09,-0.05,-0.17,-0.2,-0.2,-0.2,-0.24,0.02,-0.24,-0.19,-0.19,-0.1,-0.07,-0.1,-0.15,-0.03,-0.12,-0.08,-0.1,-0.11,-0.09,-0.16,-0.2,-0.09,-0.08,-0.1,-0.14,-0.17,0.04,0.06,-0.08,-0.06,-0.08,-0.06,-0.07,-0.07,-0.04,-0.06,0.03,-2.770884096624181,-0.47881572260041244
75o,-0.35,-0.1,-0.2,-0.26,-0.29,-0.34,-0.33,-0.32,-0.35,-0.03,-0.02,-0.03,-0.02,-0.04,-0.03,-0.01,-0.03,-0.27,-0.21,-0.25,-0.25,-0.25,-0.24,-0.27,-0.27,-0.23,-0.07,-0.04,-0.04,-0.03,-0.04,-0.05,-0.07,-0.02,-0.03,-0.05,-0.07,-0.04,-0.03,-0.02,-0.03,0.03,-0.01,0.01,-0.02,-0.04,-0.03,-0.04,-0.01,-0.04,-0.02,-0.02,-0.02,-0.02,-2.5729942160617134,-1.2149963129111128
75s,-0.24,0.03,-0.16,-0.18,-0.11,-0.23,-0.13,-0.17,-0.23,0.07,0.01,-0.01,0.01,0.1,-0.07,-0.04,-0.03,-0.16,-0.13,-0.07,-0.18,-0.22,-0.19,-0.1,-0.21,-0.15,-0.14,-0.08,-0.09,-0.2,-0.15,-0.03,-0.08,-0.08,-0.04,-0.28,-0.07,-0.08,-0.11,-0.03,-0.02,-0.04,-0.12,-0.06,-0.06,-0.12,-0.01,-0.04,-0.1,-0.02,0.04,-0.05,-0.14,-0.08,-2.268317244771217,0.1105049418136801
76o,-0.32,-0.04,-0.13,-0.22,-0.26,-0.23,-0.32,-0.3,-0.3,-0.05,-0.01,-0.05,-0.05,-0.08,-0.08,-0.06,-0.03,-0.25,-0.17,-0.18,-0.21,-0.22,-0.3,-0.24,-0.23,-0.24,-0.07,-0.07,-0.08,-0.04,-0.1,-0.1,-0.1,-0.07,-0.04,-0.09,-0.07,-0.05,-0.05,-0.04,-0.05,-0.06,-0.04,-0.05,-0.01,-0.04,-0.05,-0.05,-0.05,-0.04,-0.03,-0.03,-0.02,-0.02,-2.681048815609206,-0.5745994691276719
76s,-0.1,0.04,-0.12,-0.04,-0.17,-0.14,-0.06,-0.14,-0.03,0.12,0.09,0.05,0.0,0.02,0.03,-0.01,0.06,-0.17,-0.03,-0.1,-0.11,-0.1,-0.16,-0.29,-0.07,-0.12,-0.04,0.02,0.02,-0.03,-0.2,0.08,0.05,-0.02,0.03,-0.19,-0.05,-0.04,-0.11,-0.04,-0.15,-0.12,-0.07,0.1,-0.03,0.29,0.13,0.0,0.0,0.0,-0.06,0.03,-0.08,0.0,-0.896109352090653,0.14668373188669456
77o,-0.01,0.3,0.25,0.16,0.15,-0.05,-0.06,-0.03,0.04,0.15,0.41,0.36,0.28,0.13,0.19,0.29,0.16,-0.06,0.3,0.25,0.15,0.18,0.07,-0.09,0.03,0.01,0.03,0.33,0.17,0.03,0.21,0.05,0.0,0.11,0.3,0.16,0.01,0.24,0.19,0.07,0.09,0.03,0.06,0.03,0.14,0.28,0.13,0.05,0.11,0.24,0.03,0.19,0.16,0.16,3.348305636363396,1.9548561507257012
82o,-0.4,-0.18,-0.27,-0.32,-0.37,-0.33,-0.36,-0.36,-0.41,-0.01,-0.02,-0.01,-0.01,-0.02,-0.02,-0.02,-0.01,-0.27,-0.23,-0.25,-0.26,-0.26,-0.25,-0.27,-0.26,-0.28,-0.08,-0.03,-0.04,-0.09,-0.08,-0.04,-0.09,0.02,-0.01,-0.03,-0.01,-0.01,-0.02,-0.01,-0.03,-0.01,0.0,-0.01,-0.01,-0.02,-0.01,-0.01,-0.02,-0.01,-0.01,-0.01,-0.01,-0.01,-2.7083466192265053,-1.653156110006627
82s,-0.35,-0.14,-0.15,-0.22,-0.32,-0.3,-0.15,-0.28,-0.31,-0.03,-0.06,-0.08,-0.08,-0.11,-0.1,-0.06,-0.08,-0.26,-0.22,-0.22,-0.27,-0.25,-0.22,-0.34,-0.25,-0.23,-0.15,-0.1,-0.11,-0.26,-0.28,-0.11,-0.1,-0.08,-0.08,-0.12,-0.06,-0.06,-0.1,-0.09,-0.12,-0.09,-0.09,-0.03,-0.08,-0.1,-0.04,-0.06,-0.06,-0.06,-0.06,-0.06,-0.07,0.05,-3.4368470641140845,-0.8215337479819104
83o,-0.41,-0.16,-0.29,-0.33,-0.38,-0.34,-0.29,-0.38,-0.39,-0.01,-0.02,-0.01,-0.02,0.04,-0.02,-0.02,-0.02,-0.29,-0.23,-0.26,-0.25,-0.25,-0.24,-0.28,-0.28,-0.27,-0.08,-0.03,-0.03,-0.08,-0.08,-0.08,-0.08,-0.04,-0.02,-0.03,-0.03,-0.03,-0.02,-0.01,-0.01,-0.01,-0.02,-0.02,-0.02,-0.01,-0.01,-0.02,-0.01,-0.01,0.0,-0.01,-0.01,-0.01,-2.745854982723214,-1.5733824792618352
83s,-0.31,-0.14,-0.25,-0.22,-0.29,-0.37,-0.28,-0.31,-0.34,-0.12,-0.06,-0.08,-0.1,-0.09,-0.15,-0.06,-0.09,-0.25,-0.19,-0.26,-0.25,-0.24,-0.29,-0.31,-0.25,-0.29,-0.12,-0.11,-0.09,-0.11,-0.19,-0.09,-0.13,-0.07,-0.08,-0.16,-0.12,0.07,-0.17,-0.07,-0.09,-0.14,-0.12,-0.1,-0.09,-0.03,-0.08,-0.06,-0.11,-0.05,-0.05,-0.05,-0.08,-0.08,-3.6357430424649695,-0.819218672414481
84o,-0.38,-0.13,-0.25,-0.29,-0.34,-0.35,-0.36,-0.3,-0.35,-0.02,-0.02,-0.01,-0.01,-0.03,-0.02,-0.04,-0.02,-0.28,-0.22,-0.25,-0.26,-0.26,-0.33,-0.27,-0.3,-0.29,-0.08,-0.03,-0.05,-0.07,-0.11,-0.07,-0.07,-0.03,-0.02,-0.02,-0.04,-0.03,-0.02,-0.02,-0.02,-0.02,-0.03,-0.03,-0.02,-0.03,-0.02,-0.01,-0.02,-0.06,-0.02,-0.02,-0.02,-0.01,-2.8066074002853068,-1.3652622410292365
84s,-0.3,-0.05,-0.15,-0.18,-0.28,-0.17,-0.02,-0.29,-0.28,-0.14,-0.08,-0.04,-0.07,0.19,0.1,-0.08,-0.08,-0.2,-0.17,-0.19,-0.2,-0.22,-0.14,-0.26,-0.19,-0.15,-0.12,-0.08,-0.1,-0.12,-0.11,-0.11,-0.16,-0.1,-0.07,-0.09,-0.07,-0.04,-0.11,-0.08,-0.12,-0.06,-0.11,-0.09,-0.1,-0.07,-0.08,-0.1,-0.08,0.13,-0.13,-0.09,-0.07,-0.14,-2.752137729446895,-0.16279426973636302
85o,-0.36,-0.13,-0.22,-0.27,-0.3,-0.27,-0.32,-0.34,-0.35,-0.02,-0.02,-0.01,-0.02,-0.07,0.0,-0.02,-0.03,-0.25,-0.21,-0.21,-0.23,-0.25,-0.32,-0.29,-0.25,-0.26,-0.07,-0.03,-0.04,-0.07,-0.08,-0.06,-0.05,-0.03,-0.02,-0.03,-0.01,-0.02,-0.03,-0.03,-0.02,-0.04,-0.03,-0.02,-0.02,-0.02,-0.02,-0.03,-0.02,-0.03,-0.03,0.0,-0.02,-0.02,-2.604822194661954,-1.2161362326010792
85s,-0.27,-0.1,-0.12,-0.17,-0.2,-0.12,-0.2,-0.25,-0.26,-0.03,-0.02,0.0,-0.05,-0.22,-0.05,-0.02,-0.1,-0.23,-0.13,-0.09,-0.16,-0.2,-0.29,-0.34,-0.19,-0.22,-0.1,-0.09,-0.09,-0.08,-0.11,-0.07,-0.12,-0.1,-0.04,-0.11,0.0,-0.11,-0.08,-0.05,-0.07,-0.08,-0.12,-0.12,-0.1,-0.04,-0.14,0.01,-0.1,-0.1,-0.11,-0.05,-0.09,-0.11,-2.8510304150466665,-0.018682925933907323
86o,-0.3,-0.06,-0.21,-0.23,-0.27,-0.31,-0.3,-0.35,-0.31,-0.02,-0.03,-0.03,-0.03,-0.05,-0.01,-0.05,-0.04,-0.25,-0.18,-0.21,-0.21,-0.24,-0.22,-0.26,-0.26,-0.23,-0.09,-0.04,-0.06,-0.08,-0.08,-0.09,-0.09,-0.03,-0.04,-0.08,-0.03,-0.03,-0.05,-0.05,-0.05,0.01,-0.02,-0.04,-0.04,-0.04,-0.03,-0.03,-0.03,-0.01,-0.03,-0.03,-0.04,-0.03,-2.6071973719384114,-0.8736369587428919
86s,-0.22,0.07,-0.09,-0.07,-0.13,-0.13,-0.06,-0.17,-0.29,0.0,-0.07,0.05,0.01,-0.1,-0.04,-0.05,-0.05,-0.17,0.0,-0.13,-0.17,-0.15,-0.09,-0.17,-0.19,-0.19,-0.05,-0.04,-0.05,-0.14,-0.23,0.01,-0.09,-0.09,-0.01,0.07,-0.03,-0.05,-0.03,-0.08,-0.24,-0.06,-0.13,-0.04,-0.07,-0.01,0.05,-0.08,-0.02,0.0,-0.08,-0.04,-0.07,-0.02,-1.8709970745627986,0.41457982492105616
87o,-0.31,-0.05,-0.18,-0.19,-0.27,-0.25,-0.21,-0.26,-0.28,-0.08,-0.05,-0.03,-0.03,-0.05,-0.09,-0.04,-0.07,-0.23,-0.13,-0.19,-0.2,-0.22,-0.15,-0.24,-0.22,-0.23,-0.12,-0.07,-0.1,-0.09,-0.12,-0.11,-0.12,-0.08,-0.07,-0.03,-0.1,-0.06,-0.06,-0.08,-0.02,-0.04,-0.07,-0.06,-0.07,-0.04,-0.05,-0.06,-0.06,-0.07,-0.08,-0.08,-0.04,-0.09,-2.797427687190004,-0.3194806105318427
87s,-0.19,0.04,-0.04,-0.04,-0.09,-0.21,0.15,-0.11,-0.11,0.02,0.08,0.08,0.0,-0.14,0.02,0.02,0.02,-0.17,0.0,-0.12,-0.11,-0.03,-0.04,-0.28,-0.07,-0.13,0.11,0.12,0.06,0.04,-0.06,-0.05,-0.01,-0.02,0.02,0.1,-0.22,-0.04,-0.04,-0.09,0.05,-0.05,0.0,0.0,-0.05,0.14,-0.02,-0.03,-0.02,-0.05,-0.01,-0.07,-0.02,0.0,-0.7187500530634223,0.48818813837236047
88o,0.07,0.4,0.4,0.28,0.26,0.46,0.32,0.14,0.15,0.26,0.46,0.5,0.38,0.13,0.17,0.27,0.18,0.1,0.36,0.33,0.29,0.17,0.03,-0.05,0.07,-0.07,0.21,0.37,0.32,0.16,0.25,0.12,0.17,0.09,0.39,0.35,0.23,0.15,0.17,0.14,0.33,0.32,0.19,0.2,0.19,0.19,0.25,0.24,0.15,0.24,0.2,0.26,0.25,0.23,5.7004517963191335,2.3827306156433723
92o,-0.39,-0.15,-0.28,-0.32,-0.36,-0.38,-0.37,-0.4,-0.42,-0.01,-0.01,-0.01,-0.01,-0.03,-0.02,-0.02,-0.02,-0.26,-0.23,-0.25,-0.25,-0.25,-0.32,-0.27,-0.26,-0.28,-0.08,-0.04,-0.04,-0.1,-0.07,-0.07,-0.08,-0.02,-0.02,-0.06,-0.02,-0.02,-0.02,0.01,-0.02,-0.01,-0.02,-0.02,-0.01,-0.01,-0.02,-0.01,-0.01,-0.01,-0.02,-0.02,-0.01,-0.02,-2.8202505707684167,-1.5883998550460414
92s,-0.34,-0.13,-0.2,-0.24,-0.31,-0.2,-0.37,-0.31,-0.24,-0.09,-0.06,-0.06,-0.03,-0.13,0.0,-0.09,-0.04,-0.22,-0.2,-0.19,-0.16,-0.25,-0.31,-0.29,-0.28,-0.31,-0.11,-0.1,-0.12,-0.13,-0.14,-0.07,-0.12,-0.06,-0.11,-0.05,-0.17,-0.05,-0.09,-0.1,-0.11,-0.09,-0.07,-0.06,-0.08,-0.05,-0.05,-0.07,-0.1,-0.08,-0.1,-0.11,-0.06,-0.08,-3.3798889174113795,-0.6516852538181394
93o,-0.41,-0.14,-0.26,-0.31,-0.35,-0.3,-0.35,-0.38,-0.4,-0.02,-0.02,-0.01,-0.02,-0.02,-0.01,-0.01,-0.02,-0.26,-0.24,-0.23,-0.26,-0.26,-0.29,-0.3,-0.27,-0.28,-0.08,-0.03,-0.04,-0.1,-0.08,-0.07,-0.08,-0.03,-0.02,-0.04,-0.03,-0.03,-0.02,-0.02,0.0,-0.01,-0.03,-0.02,-0.02,-0.02,-0.02,-0.02,-0.01,0.0,-0.02,-0.02,-0.01,-0.02,-2.7826536613188773,-1.4703495277370933
93s,-0.37,-0.16,-0.19,-0.24,-0.24,-0.31,0.02,-0.32,-0.32,-0.09,-0.08,-0.09,-0.09,0.0,-0.09,-0.08,-0.03,-0.17,-0.16,-0.2,-0.25,-0.28,-0.36,-0.28,-0.2,-0.29,-0.11,-0.05,-0.12,-0.05,-0.14,-0.19,-0.09,-0.07,-0.07,-0.07,-0.08,-0.06,-0.07,-0.06,-0.07,-0.07,-0.03,-0.06,-0.16,-0.08,-0.06,-0.02,-0.09,-0.09,-0.1,-0.04,-0.06,-0.09,-3.1869124825097335,-0.6873749576550816
94o,-0.42,-0.17,-0.27,-0.3,-0.34,-0.38,-0.36,-0.36,-0.38,-0.02,-0.01,-0.01,-0.02,-0.01,-0.01,-0.02,-0.02,-0.28,-0.22,-0.24,-0.25,-0.25,-0.27,-0.29,-0.28,-0.27,-0.08,-0.03,-0.04,-0.08,-0.07,-0.08,-0.08,-0.02,-0.02,-0.05,-0.03,-0.02,-0.02,-0.02,-0.04,-0.02,-0.01,-0.02,-0.01,-0.02,-0.01,-0.01,-0.02,0.01,-0.01,-0.01,-0.02,0.01,-2.762815960914675,-1.5336034217111167
94s,-0.38,-0.1,-0.22,-0.2,-0.29,-0.21,-0.38,-0.3,-0.34,-0.08,-0.07,-0.06,-0.09,-0.2,-0.06,-0.04,-0.07,-0.29,-0.18,-0.24,-0.21,-0.25,-0.2,-0.24,-0.24,-0.28,-0.1,-0.09,-0.12,-0.15,-0.12,-0.05,-0.15,-0.1,-0.08,-0.08,-0.06,-0.12,-0.12,-0.08,-0.1,-0.06,-0.02,-0.09,-0.04,-0.17,-0.09,-0.09,-0.08,-0.13,-0.08,-0.07,-0.06,-0.11,-3.4828817742695732,-0.588038612052727
95o,-0.39,-0.11,-0.21,-0.28,-0.32,-0.25,-0.35,-0.38,-0.4,-0.02,-0.01,-0.02,-0.02,0.05,-0.01,-0.02,0.01,-0.27,-0.21,-0.24,-0.25,-0.26,-0.3,-0.26,-0.27,-0.28,-0.08,-0.03,-0.04,-0.07,-0.08,-0.08,-0.09,-0.04,-0.02,-0.02,-0.02,-0.03,-0.04,-0.02,-0.02,-0.02,0.0,-0.02,-0.02,-0.02,-0.02,-0.02,-0.03,-0.01,-0.01,-0.02,-0.02,-0.02,-2.63159055902455,-1.2293068779141527
95s,-0.29,-0.05,-0.17,-0.2,-0.23,-0.15,-0.29,-0.26,-0.27,-0.08,-0.02,-0.05,-0.02,-0.03,-0.06,-0.03,-0.04,-0.23,-0.12,-0.15,-0.2,-0.2,-0.3,-0.18,-0.23,-0.17,-0.11,-0.09,-0.11,0.07,-0.09,-0.11,-0.07,-0.09,-0.1,-0.14,-0.13,-0.04,-0.05,-0.1,-0.14,-0.1,-0.09,-0.08,-0.1,-0.06,-0.11,-0.08,-0.08,-0.01,-0.04,-0.07,-0.06,-0.08,-2.7874122231643437,-0.1575204632831168
96o,-0.34,-0.08,-0.19,-0.25,-0.31,-0.26,-0.35,-0.34,-0.34,-0.03,-0.01,-0.02,-0.03,-0.06,-0.07,-0.05,-0.03,-0.29,-0.19,-0.23,-0.23,-0.26,-0.26,-0.28,-0.3,-0.25,-0.09,-0.04,-0.05,-0.08,-0.07,-0.07,-0.09,-0.04,-0.03,-0.04,-0.03,-0.04,-0.03,-0.02,-0.03,-0.05,-0.02,-0.03,-0.02,-0.04,-0.03,-0.04,-0.04,0.01,0.0,-0.04,-0.02,-0.02,-2.698608348792893,-0.9877901943164954
96s,-0.22,0.04,-0.11,-0.15,-0.19,-0.14,-0.19,-0.22,-0.22,-0.03,0.0,-0.04,-0.03,-0.02,-0.04,-0.02,0.03,-0.18,-0.07,-0.07,-0.2,-0.12,-0.16,-0.11,-0.27,-0.22,-0.13,-0.04,-0.04,-0.07,-0.06,-0.03,-0.1,-0.09,-0.07,-0.09,0.01,-0.13,-0.1,-0.08,-0.08,0.04,-0.14,-0.06,-0.08,0.0,-0.05,-0.07,-0.07,-0.03,-0.02,-0.09,-0.1,-0.09,-2.127767947286015,0.32420292518072924
97o,-0.32,-0.05,-0.15,-0.2,-0.27,-0.26,-0.28,-0.27,-0.3,-0.06,-0.02,-0.02,-0.04,-0.02,-0.03,-0.04,-0.03,-0.22,-0.16,-0.19,-0.21,-0.2,-0.24,-0.22,-0.16,-0.25,-0.09,-0.03,-0.07,-0.05,-0.08,-0.09,-0.09,-0.03,-0.04,-0.06,-0.05,-0.04,-0.01,-0.03,-0.04,-0.03,-0.02,-0.04,-0.04,-0.02,-0.04,-0.04,-0.02,-0.05,-0.04,-0.03,-0.02,-0.04,-2.3983371453882625,-0.6299170861671651
97s,-0.13,0.05,0.03,-0.07,-0.09,-0.09,-0.08,-0.08,-0.17,0.04,0.13,0.06,0.02,0.0,0.09,-0.09,0.09,-0.17,-0.05,-0.05,-0.13,-0.17,-0.2,-0.06,-0.13,-0.17,0.03,0.0,-0.07,-0.11,-0.17,-0.01,-0.01,-0.07,-0.03,0.07,-0.02,-0.09,0.02,-0.05,-0.09,-0.09,-0.06,0.0,0.04,0.07,-0.01,-0.05,-0.07,0.01,-0.04,-0.01,-0.02,-0.13,-1.0482866491688185,0.5191134867070354
98o,-0.32,-0.04,-0.1,-0.15,-0.21,-0.2,-0.32,-0.3,-0.22,-0.09,-0.03,-0.04,-0.03,0.1,-0.06,-0.03,-0.06,-0.18,-0.1,-0.1,-0.15,-0.19,-0.19,-0.11,-0.17,-0.21,-0.1,-0.06,-0.08,-0.13,-0.09,-0.09,-0.14,-0.07,-0.05,-0.03,0.0,-0.05,-0.04,-0.08,-0.07,-0.08,-0.06,-0.06,-0.05,-0.05,-0.06,-0.05,-0.08,-0.04,-0.03,-0.05,-0.05,-0.04,-2.3381342052426293,-0.05584962228220589
98s,-0.18,0.08,0.05,0.03,-0.05,-0.07,-0.13,-0.01,-0.11,0.09,0.16,0.12,0.06,0.04,0.1,0.0,0.04,-0.03,0.03,-0.04,-0.06,-0.05,-0.08,-0.1,-0.11,-0.08,-0.11,0.09,-0.03,0.02,0.0,0.06,-0.03,-0.05,0.11,0.1,0.08,0.05,0.08,-0.15,-0.01,-0.04,0.0,0.0,-0.11,0.13,0.03,0.01,0.04,-0.08,-0.1,0.06,0.02,0.05,0.009759704677773602,0.852100601935868
99o,0.16,0.47,0.44,0.47,0.39,0.14,0.25,0.23,0.19,0.23,0.62,0.64,0.62,0.39,0.33,0.41,0.31,0.18,0.53,0.46,0.44,0.4,0.14,0.27,0.3,0.19,0.31,0.59,0.46,0.26,0.45,0.29,0.32,0.15,0.53,0.45,0.43,0.37,0.31,0.31,0.46,0.35,0.28,0.23,0.35,0.65,0.38,0.34,0.25,0.2,0.33,0.27,0.33,0.27,8.777842529541914,2.575352163735899
A2o,-0.35,-0.01,-0.13,-0.19,-0.26,-0.27,-0.23,-0.31,-0.33,-0.14,0.01,-0.04,-0.12,-0.09,-0.12,-0.12,-0.11,-0.27,-0.09,-0.12,-0.19,-0.2,-0.31,-0.29,-0.27,-0.27,-0.16,-0.08,-0.14,-0.22,-0.11,-0.16,-0.16,-0.14,-0.1,-0.07,-0.03,-0.1,-0.14,-0.16,-0.08,-0.14,-0.14,-0.14,-0.14,-0.12,-0.09,-0.13,-0.12,-0.14,-0.11,-0.09,-0.08,-0.06,-3.6121791830479864,0.3978817573908417
A2s,-0.13,0.09,0.04,-0.04,-0.04,-0.13,-0.13,-0.02,-0.04,0.11,0.13,0.12,0.07,-0.1,0.27,0.11,0.06,-0.12,0.07,0.01,-0.04,-0.05,-0.05,-0.14,-0.05,-0.13,-0.01,0.06,-0.02,-0.01,-0.05,0.0,-0.07,-0.04,0.03,-0.14,0.02,0.0,0.07,0.06,0.09,-0.03,0.07,-0.05,0.03,-0.15,0.05,-0.07,0.03,0.02,-0.02,-0.1,0.05,0.0,-0.09689036736436923,0.7985031083859503
A3o,-0.34,0.0,-0.05,-0.18,-0.22,-0.23,-0.27,-0.2,-0.27,-0.1,0.0,-0.06,-0.05,-0.08,-0.15,-0.11,-0.11,-0.28,-0.05,-0.13,-0.16,-0.19,-0.17,-0.23,-0.27,-0.26,-0.17,-0.05,-0.13,-0.17,-0.15,-0.1,-0.12,-0.11,-0.1,-0.15,-0.11,-0.12,-0.12,-0.12,-0.03,-0.09,-0.15,-0.12,-0.12,-0.07,-0.09,-0.1,-0.09,-0.1,-0.1,-0.11,-0.1,-0.12,-3.2140753921665293,0.5734299000233817
A3s,0.02,0.16,0.01,-0.01,-0.06,0.13,-0.11,-0.12,-0.11,0.05,0.19,0.12,0.09,0.08,0.06,0.01,0.07,-0.12,0.12,0.01,0.04,0.0,-0.04,-0.09,-0.06,-0.09,-0.06,0.13,0.03,-0.04,-0.05,0.06,0.01,0.06,0.06,0.0,0.1,0.0,0.07,0.11,0.08,0.0,-0.01,-0.02,-0.09,0.03,-0.03,-0.01,-0.07,-0.08,-0.01,0.11,-0.03,0.0,0.3681216500771805,1.1941793738920286
A4o,-0.3,0.03,-0.05,-0.16,-0.2,-0.08,-0.23,-0.26,-0.3,-0.1,0.02,-0.05,-0.07,-0.03,-0.1,-0.08,-0.09,-0.27,-0.02,-0.12,-0.15,-0.2,-0.22,-0.22,-0.24,-0.24,-0.13,-0.08,-0.12,-0.17,-0.18,-0.15,-0.11,-0.1,-0.09,-0.11,-0.13,-0.07,-0.13,-0.15,-0.01,-0.09,-0.09,-0.12,-0.13,-0.09,-0.12,-0.12,-0.08,-0.09,-0.08,-0.1,-0.09,-0.1,-2.9915820830337814,0.7188411870208778
A4s,-0.05,0.15,0.12,0.02,-0.01,-0.05,-0.06,0.09,-0.18,0.08,0.23,0.13,0.15,0.33,0.09,0.08,0.0,-0.03,0.13,0.06,0.01,0.0,0.05,-0.04,0.14,-0.05,0.02,0.13,0.08,0.25,0.12,0.01,0.0,0.03,0.1,-0.14,0.11,0.03,-0.04,0.07,0.01,0.15,0.02,0.03,0.05,0.02,0.07,0.01,0.18,0.04,0.08,0.03,-0.02,0.16,1.3978139588288236,1.1029182796067114
A5o,-0.3,0.05,-0.05,-0.09,-0.17,-0.31,-0.21,-0.25,-0.27,-0.13,0.04,0.02,-0.03,-0.09,-0.08,-0.1,-0.08,-0.26,-0.02,-0.1,-0.13,-0.16,-0.29,-0.23,-0.23,-0.28,-0.12,-0.05,-0.1,-0.09,-0.14,-0.13,-0.15,-0.15,-0.08,0.03,-0.14,-0.1,-0.08,-0.12,-0.09,-0.15,-0.09,-0.12,-0.15,-0.09,-0.13,-0.1,-0.12,-0.11,-0.11,-0.11,-0.11,-0.08,-2.9508170894044143,0.8898857122601572
A5s,0.01,0.14,0.12,0.06,-0.02,-0.06,0.06,0.01,-0.08,0.16,0.15,0.12,0.18,0.21,0.21,0.18,0.09,0.11,0.13,0.07,0.06,0.09,-0.05,0.03,0.02,-0.01,0.09,0.2,0.07,-0.06,0.0,-0.05,-0.06,0.07,0.11,0.27,0.23,-0.01,0.0,0.0,0.32,0.19,0.14,0.02,0.08,-0.06,0.08,0.07,0.02,0.11,0.1,0.01,0.02,0.2,1.886204949655823,0.909455217088679
A6o,-0.28,0.07,-0.03,-0.15,-0.18,-0.24,-0.25,-0.23,-0.26,-0.09,0.05,0.01,-0.04,-0.06,-0.04,-0.11,-0.09,-0.29,-0.02,-0.12,-0.12,-0.18,-0.17,-0.21,-0.22,-0.25,-0.18,-0.03,-0.14,-0.07,-0.2,-0.13,-0.15,-0.15,-0.09,-0.05,-0.11,-0.13,-0.13,-0.12,-0.07,-0.12,-0.15,-0.12,-0.11,-0.04,-0.16,-0.11,-0.13,-0.09,-0.08,-0.1,-0.09,-0.13,-2.9456675805104897,0.9821151550508427
A6s,-0.15,0.19,0.12,0.07,-0.02,0.09,-0.19,-0.1,-0.16,-0.01,0.2,0.19,0.2,-0.03,0.13,0.12,0.02,0.01,0.13,0.06,0.01,-0.04,0.16,-0.02,-0.14,-0.05,-0.13,0.1,0.05,-0.01,0.0,-0.04,0.07,0.04,0.08,-0.1,0.03,0.05,-0.07,-0.03,0.04,0.03,-0.1,-0.01,0.0,-0.03,-0.01,0.04,0.05,0.09,0.1,-0.02,0.13,0.0,0.5770103436799926,1.4884336549973927
A7o,-0.25,0.09,-0.05,-0.06,-0.14,-0.08,-0.2,-0.27,-0.29,-0.06,0.05,0.06,-0.04,-0.04,-0.11,-0.01,-0.09,-0.22,0.01,-0.03,-0.11,-0.14,-0.29,-0.27,-0.22,-0.24,-0.15,-0.02,-0.09,-0.08,-0.04,-0.1,-0.18,-0.12,-0.06,-0.03,-0.11,-0.09,-0.12,-0.11,0.06,-0.06,-0.09,-0.07,-0.11,-0.05,-0.07,-0.12,-0.15,-0.12,-0.1,-0.11,-0.11,-0.1,-2.39644888254344,1.1433552000201845
A7s,-0.06,0.15,0.16,0.08,0.05,0.01,0.06,-0.08,-0.05,0.08,0.19,0.19,0.13,0.27,0.07,-0.02,0.18,-0.07,0.18,0.07,0.04,-0.01,0.01,0.0,0.03,-0.03,0.03,0.14,0.14,0.25,0.12,0.0,0.11,0.12,0.17,0.19,0.18,-0.03,0.02,-0.01,0.07,-0.01,0.07,0.04,0.1,0.23,0.11,0.06,0.25,0.02,0.18,0.1,0.07,0.01,2.0158650462661325,1.0636893520566104
A8o,-0.28,0.11,0.05,0.0,-0.11,-0.17,-0.18,-0.24,-0.23,-0.09,0.14,0.08,0.02,-0.03,-0.01,0.02,-0.04,-0.21,0.11,-0.02,-0.09,-0.1,-0.2,-0.19,-0.22,-0.2,-0.18,0.01,-0.05,-0.02,-0.04,-0.05,-0.09,-0.08,-0.04,-0.04,-0.05,-0.11,-0.16,-0.11,-0.03,-0.01,-0.08,-0.09,-0.09,-0.07,-0.1,-0.1,-0.08,-0.09,-0.11,-0.16,0.01,-0.06,-1.7716186105921774,1.5059462777792887
A8s,-0.11,0.21,0.06,0.12,0.11,0.07,-0.03,-0.05,-0.01,0.14,0.33,0.2,0.2,0.06,0.16,0.02,0.17,-0.01,0.17,0.14,0.05,0.07,-0.02,0.07,0.01,0.04,0.12,0.26,0.17,0.13,0.11,0.03,0.1,0.03,0.18,-0.01,0.19,0.12,0.01,0.17,0.0,-0.05,0.15,0.04,0.06,0.04,0.18,0.08,0.08,0.14,0.04,0.01,0.08,0.1,2.22064416210344,1.3517919140131762
A9o,-0.19,0.14,0.03,0.01,-0.08,-0.08,-0.07,-0.12,-0.21,-0.03,0.14,0.15,0.07,-0.08,0.01,-0.01,-0.05,-0.22,0.1,0.04,0.0,-0.07,-0.13,-0.13,-0.17,-0.17,-0.08,0.07,-0.01,-0.04,-0.07,-0.07,0.0,-0.11,0.05,0.11,0.01,-0.03,-0.03,-0.13,0.1,-0.11,-0.04,-0.1,-0.07,-0.1,-0.05,-0.1,-0.09,-0.06,0.02,-0.12,-0.08,-0.1,-0.968965927371097,1.64002105662105
A9s,0.05,0.3,0.15,0.14,0.13,0.18,0.03,0.11,0.01,0.19,0.29,0.33,0.38,0.42,0.17,0.19,0.15,0.16,0.25,0.21,0.17,0.12,0.03,0.12,0.04,0.1,0.23,0.25,0.28,0.14,0.08,0.21,0.09,0.07,0.27,0.17,0.21,0.15,0.09,0.13,0.12,0.02,0.24,0.08,0.12,0.09,0.24,0.1,0.2,0.12,0.2,0.19,0.43,0.19,4.175030700739313,1.4010601531249447
AAo,2.81,1.13,1.64,1.97,2.26,2.26,2.79,2.28,2.67,2.96,1.73,2.1,2.36,2.38,2.73,2.6,2.81,2.72,1.16,1.65,1.99,2.2,2.62,2.33,2.7,2.65,2.48,1.92,2.09,2.05,1.95,2.31,2.35,2.53,2.18,2.58,2.21,2.31,2.55,2.73,2.53,2.23,2.2,2.48,2.76,2.43,2.47,2.54,2.79,2.53,2.64,2.77,2.73,2.89,57.07541680970146,-5.100587838984244
AJo,0.1,0.28,0.26,0.25,0.19,0.15,-0.04,0.07,0.0,0.15,0.36,0.38,0.34,0.37,0.33,0.17,0.29,0.03,0.24,0.31,0.23,0.15,0.06,0.04,0.09,0.05,0.03,0.28,0.23,0.22,0.22,0.07,0.08,0.1,0.31,0.13,0.15,0.12,0.08,0.1,0.25,0.2,0.14,0.17,0.07,0.27,0.19,0.18,0.15,0.17,0.2,0.09,0.25,0.19,4.349482762450805,1.859399988132963
AJs,0.25,0.34,0.37,0.39,0.44,0.32,0.34,0.41,0.41,0.49,0.59,0.6,0.55,0.42,0.52,0.52,0.51,0.41,0.34,0.38,0.4,0.42,0.52,0.3,0.33,0.42,0.27,0.4,0.49,0.33,0.28,0.36,0.27,0.41,0.64,0.48,0.44,0.24,0.32,0.4,0.73,0.5,0.45,0.38,0.44,0.72,0.45,0.34,0.51,0.45,0.35,0.51,0.46,0.54,10.41283403326435,0.8912006004093534
AKo,0.42,0.38,0.46,0.47,0.49,0.41,0.62,0.37,0.43,0.61,0.53,0.61,0.7,0.67,0.63,0.61,0.61,0.42,0.34,0.41,0.45,0.43,0.42,0.37,0.53,0.38,0.48,0.56,0.52,0.52,0.52,0.43,0.44,0.42,0.59,0.58,0.65,0.46,0.44,0.55,0.38,0.65,0.51,0.49,0.5,0.5,0.63,0.55,0.5,0.64,0.58,0.57,0.6,0.59,12.438843148965052,0.31066456169865275
AKs,0.78,0.47,0.6,0.72,0.72,0.55,0.58,0.84,0.65,0.99,0.66,0.76,0.93,1.0,0.94,0.96,0.85,0.68,0.46,0.62,0.7,0.7,0.7,0.69,0.63,0.81,0.79,0.74,0.71,0.77,0.68,0.91,0.65,0.9,0.87,0.85,0.8,0.81,0.77,0.83,1.02,1.17,0.76,0.77,0.82,0.73,0.75,0.91,0.86,0.81,1.02,0.82,0.8,1.01,19.026197277677134,-0.9344785794082394
AQo,0.17,0.33,0.31,0.34,0.32,0.18,0.16,0.22,0.21,0.37,0.4,0.45,0.46,0.35,0.41,0.31,0.35,0.18,0.28,0.27,0.31,0.32,0.23,0.27,0.17,0.18,0.21,0.41,0.36,0.38,0.26,0.22,0.26,0.3,0.4,0.41,0.52,0.27,0.28,0.21,0.35,0.26,0.26,0.3,0.31,0.42,0.28,0.34,0.26,0.45,0.34,0.33,0.35,0.3,7.530619902914989,1.0602758893068864
AQs,0.51,0.43,0.51,0.49,0.48,0.78,0.56,0.53,0.45,0.64,0.54,0.8,0.7,1.04,0.61,0.75,0.71,0.57,0.4,0.45,0.53,0.57,0.85,0.43,0.46,0.51,0.51,0.58,0.61,0.6,0.62,0.47,0.67,0.6,0.71,0.4,0.71,0.46,0.61,0.53,0.73,0.76,0.68,0.63,0.5,0.38,0.76,0.71,0.7,0.58,0.62,0.65,0.61,0.64,14.541920757085183,0.30781475068917036
ATo,-0.04,0.21,0.17,0.12,0.1,-0.01,0.1,-0.05,-0.08,0.06,0.27,0.31,0.25,0.22,0.12,0.08,0.1,-0.08,0.19,0.16,0.1,0.12,0.0,-0.11,-0.08,-0.04,-0.07,0.19,0.14,0.11,0.07,-0.03,-0.03,-0.02,0.19,0.18,0.09,0.07,0.02,0.02,-0.03,0.17,0.08,0.03,0.01,0.02,0.05,0.02,0.0,0.07,0.04,0.03,0.03,0.0,1.7216670901649598,1.9676645197759812
ATs,0.23,0.3,0.33,0.25,0.29,0.31,0.28,0.15,0.12,0.46,0.57,0.54,0.47,0.38,0.48,0.32,0.45,0.19,0.29,0.38,0.29,0.29,0.32,0.22,0.16,0.28,0.28,0.34,0.34,0.27,0.38,0.26,0.23,0.24,0.49,0.23,0.29,0.3,0.27,0.25,0.24,0.1,0.36,0.31,0.4,0.45,0.32,0.35,0.28,0.38,0.23,0.26,0.47,0.31,7.6926796401825985,1.224243036085683
J2o,-0.43,-0.13,-0.23,-0.28,-0.33,-0.35,-0.35,-0.39,-0.39,-0.04,-0.03,-0.03,-0.02,-0.05,0.01,-0.03,-0.03,-0.28,-0.22,-0.25,-0.25,-0.26,-0.29,-0.27,-0.29,-0.3,-0.08,-0.06,-0.06,-0.11,-0.11,-0.09,-0.08,-0.04,-0.03,0.0,-0.04,-0.05,-0.04,-0.04,-0.04,-0.05,-0.03,-0.03,-0.03,-0.07,-0.06,-0.01,-0.04,-0.01,-0.03,-0.03,-0.03,-0.02,-3.009672560857406,-1.2976857648654372
J2s,-0.32,-0.08,-0.12,-0.24,-0.23,-0.33,-0.26,-0.31,-0.32,-0.11,-0.05,-0.06,-0.07,-0.22,-0.05,-0.08,-0.13,-0.27,-0.14,-0.22,-0.19,-0.24,-0.21,-0.21,-0.28,-0.21,-0.12,-0.07,-0.11,-0.22,-0.1,-0.1,-0.11,-0.12,-0.07,-0.11,-0.11,-0.14,-0.06,-0.08,-0.12,-0.08,-0.11,-0.08,-0.07,0.0,-0.05,-0.03,-0.01,-0.07,-0.12,-0.08,-0.14,-0.1,-3.3441517930122466,-0.32972690785676617
J3o,-0.42,-0.12,-0.23,-0.28,-0.35,-0.3,-0.36,-0.38,-0.38,-0.03,-0.03,-0.03,-0.04,-0.04,-0.08,-0.04,-0.01,-0.28,-0.21,-0.25,-0.26,-0.26,-0.27,-0.3,-0.3,-0.3,-0.12,-0.05,-0.05,-0.09,-0.06,-0.08,-0.08,-0.04,-0.03,-0.05,-0.04,-0.04,-0.04,-0.03,-0.03,-0.05,-0.04,-0.03,-0.03,-0.03,-0.04,-0.02,-0.04,-0.03,-0.03,-0.03,-0.01,-0.03,-2.99095141228949,-1.2412552590210315
J3s,-0.31,-0.07,-0.17,-0.16,-0.2,-0.22,-0.25,-0.23,-0.27,-0.04,-0.08,-0.04,-0.04,-0.12,-0.21,-0.17,-0.07,-0.27,-0.1,-0.13,-0.21,-0.24,-0.13,-0.23,-0.22,-0.29,-0.08,-0.12,-0.12,-0.1,-0.17,-0.16,-0.16,-0.06,-0.1,0.04,-0.06,-0.09,-0.08,-0.1,-0.05,-0.08,-0.05,-0.1,-0.13,-0.06,-0.09,-0.1,-0.11,-0.09,-0.09,-0.07,-0.13,-0.1,-3.1584507369970836,-0.022041443620564052
J4o,-0.38,-0.11,-0.2,-0.28,-0.33,-0.04,-0.31,-0.35,-0.4,-0.04,-0.04,-0.03,-0.04,-0.07,-0.04,-0.02,-0.04,-0.27,-0.22,-0.21,-0.24,-0.27,-0.28,-0.33,-0.27,-0.28,-0.1,-0.05,-0.05,-0.09,-0.11,-0.08,-0.07,-0.04,-0.05,-0.06,-0.06,-0.05,-0.04,-0.05,-0.03,-0.01,-0.04,-0.02,-0.04,-0.05,-0.03,-0.03,-0.03,-0.01,-0.03,-0.04,-0.03,-0.03,-2.841218802458602,-1.0358775932620774
J4s,-0.2,-0.01,-0.1,-0.18,-0.24,-0.22,-0.3,-0.1,-0.26,-0.09,-0.04,-0.05,-0.03,-0.04,-0.07,-0.06,-0.1,-0.28,-0.15,-0.14,-0.18,-0.2,-0.24,-0.31,-0.2,-0.26,-0.09,-0.06,-0.09,-0.14,-0.14,-0.15,-0.13,-0.03,-0.01,-0.26,-0.09,-0.06,-0.14,-0.12,-0.08,-0.18,-0.07,-0.1,-0.05,-0.02,0.07,-0.08,-0.06,-0.03,-0.11,-0.09,-0.09,0.05,-2.842753548799481,0.026093116186663684
J5o,-0.38,-0.08,-0.21,-0.29,-0.33,-0.36,-0.33,-0.34,-0.37,-0.03,-0.04,-0.04,-0.04,-0.05,-0.05,-0.04,-0.03,-0.28,-0.19,-0.22,-0.24,-0.26,-0.26,-0.29,-0.3,-0.3,-0.11,-0.06,-0.06,-0.1,-0.1,-0.08,-0.08,-0.04,-0.04,-0.11,-0.03,-0.05,-0.04,-0.06,-0.07,-0.04,-0.03,-0.04,-0.05,-0.02,-0.04,-0.05,-0.05,-0.06,-0.03,-0.03,-0.05,-0.05,-3.0458087685371047,-1.005683246733107
J5s,-0.23,-0.01,-0.19,-0.16,-0.22,0.03,-0.19,-0.33,-0.33,-0.11,0.05,0.0,-0.07,0.0,0.08,-0.08,-0.09,-0.25,-0.11,-0.14,-0.13,-0.22,-0.18,-0.23,-0.24,-0.11,-0.17,-0.07,-0.07,-0.05,-0.12,-0.12,-0.1,-0.05,-0.08,-0.09,-0.26,-0.02,-0.11,-0.08,-0.05,-0.03,-0.09,-0.1,-0.1,0.18,0.02,-0.07,-0.15,-0.03,-0.02,-0.17,-0.06,-0.08,-2.4954419184048375,0.18081165639662397
J6o,-0.37,-0.11,-0.2,-0.26,-0.3,-0.36,-0.27,-0.35,-0.39,-0.05,-0.03,-0.03,-0.04,-0.03,-0.03,-0.02,-0.02,-0.28,-0.16,-0.23,-0.23,-0.24,-0.28,-0.31,-0.27,-0.27,-0.07,-0.05,-0.06,-0.07,-0.11,-0.11,-0.09,-0.06,-0.05,-0.07,-0.04,-0.05,-0.05,-0.04,-0.06,-0.05,-0.04,-0.04,-0.04,-0.04,-0.04,-0.03,-0.04,-0.05,-0.04,-0.04,-0.03,-0.04,-2.9242430831250323,-0.9594973281055037
J6s,-0.27,-0.01,-0.11,-0.15,-0.2,-0.14,-0.25,-0.3,-0.23,0.01,-0.03,-0.04,-0.08,-0.05,0.01,-0.08,0.01,-0.2,-0.09,-0.15,-0.19,-0.15,-0.15,-0.17,-0.11,-0.22,-0.19,-0.04,-0.1,-0.18,-0.18,-0.07,-0.12,-0.11,-0.09,-0.26,-0.04,0.0,-0.11,-0.15,-0.13,-0.07,-0.1,-0.05,-0.05,-0.11,-0.15,-0.08,-0.04,-0.07,-0.06,-0.07,-0.1,-0.06,-2.7377877089783724,0.16672712443891774
J7o,-0.35,-0.07,-0.16,-0.25,-0.3,-0.3,-0.26,-0.26,-0.34,-0.05,-0.04,-0.05,-0.04,-0.05,-0.04,-0.05,-0.05,-0.28,-0.11,-0.21,-0.22,-0.24,-0.33,-0.23,-0.25,-0.3,-0.1,-0.05,-0.06,-0.09,-0.03,-0.08,-0.1,-0.06,-0.07,-0.06,-0.06,-0.06,-0.05,-0.06,-0.06,-0.04,-0.04,-0.07,-0.04,-0.06,-0.06,-0.05,-0.05,-0.04,-0.04,-0.04,-0.06,-0.05,-2.841401090224248,-0.6026936500609684
J7s,-0.24,0.07,-0.11,-0.07,-0.16,-0.16,-0.17,-0.25,-0.31,-0.08,0.04,0.06,-0.02,0.09,0.07,0.07,-0.04,-0.15,0.01,-0.08,-0.09,-0.13,-0.19,-0.27,-0.08,-0.19,-0.12,-0.01,-0.04,-0.06,0.03,-0.13,-0.22,-0.02,-0.04,-0.01,-0.07,0.11,-0.07,-0.01,0.13,-0.07,-0.13,-0.13,-0.11,0.03,-0.02,0.0,-0.06,-0.07,-0.05,-0.08,-0.07,-0.02,-1.5993733952395246,0.5512685006381854
J8o,-0.26,-0.01,-0.09,-0.16,-0.23,-0.24,-0.27,-0.29,-0.32,-0.06,0.03,-0.03,-0.04,-0.05,-0.05,-0.08,-0.05,-0.28,-0.06,-0.15,-0.19,-0.17,-0.24,-0.21,-0.26,-0.23,-0.07,-0.07,-0.07,-0.04,-0.04,-0.08,-0.09,-0.08,-0.05,-0.03,-0.07,-0.1,-0.07,-0.07,0.01,-0.09,-0.06,-0.05,-0.08,-0.01,-0.04,-0.02,-0.09,-0.06,-0.09,-0.04,-0.02,-0.06,-2.46059790268874,0.023070792300361312
J8s,-0.23,0.12,-0.01,-0.04,-0.09,-0.13,-0.23,-0.06,-0.16,-0.02,0.21,0.08,0.03,0.18,0.01,0.01,0.06,-0.1,0.03,-0.07,-0.07,-0.07,-0.11,-0.08,-0.18,-0.09,-0.06,0.04,0.01,-0.11,-0.03,0.05,-0.04,-0.18,0.03,-0.03,0.03,0.0,-0.04,-0.12,0.03,0.0,-0.02,-0.02,-0.03,-0.28,-0.03,-0.04,-0.05,0.05,-0.06,0.02,0.02,-0.01,-0.7774893025258043,0.9792387164444215
J9o,-0.27,0.03,-0.09,-0.14,-0.15,-0.17,-0.27,-0.28,-0.26,-0.05,0.09,0.01,-0.01,-0.02,-0.07,0.04,0.01,-0.22,-0.01,-0.01,-0.1,-0.17,-0.09,-0.21,-0.21,-0.22,-0.15,-0.02,-0.05,-0.12,-0.07,-0.1,-0.08,-0.07,-0.03,0.03,-0.09,-0.05,-0.09,-0.07,-0.07,-0.04,-0.07,-0.07,-0.08,-0.02,-0.08,-0.08,-0.09,-0.05,-0.08,-0.09,-0.04,-0.07,-2.0638208987788773,0.6112422078037801
J9s,-0.12,0.12,0.12,0.0,0.01,-0.11,0.07,-0.08,-0.02,0.18,0.25,0.16,0.15,0.06,0.3,0.09,0.0,-0.04,0.13,0.05,0.05,0.01,-0.09,-0.09,-0.1,-0.04,-0.09,0.09,0.13,-0.16,0.0,0.0,-0.06,-0.04,0.11,0.15,0.06,0.0,-0.07,-0.11,0.16,-0.13,0.18,0.01,-0.03,0.06,0.01,0.0,-0.01,0.17,0.05,0.0,0.12,0.07,0.8175993594260537,1.3142561929168726
JJo,0.63,0.73,0.86,0.87,0.9,0.9,0.55,0.79,0.65,0.89,1.0,1.04,1.03,1.03,1.14,0.74,0.91,0.67,0.68,0.87,0.89,0.9,0.77,0.54,0.78,0.67,0.83,0.92,0.96,0.69,0.72,0.78,0.72,0.66,0.96,0.83,0.89,0.89,0.76,0.86,0.94,1.08,0.75,0.87,0.76,0.96,0.94,0.8,0.91,0.93,0.81,1.01,0.97,1.01,20.62512056511156,1.3661448635956348
JTo,-0.19,0.09,0.02,-0.04,-0.08,-0.12,-0.19,-0.2,-0.15,-0.01,0.15,0.14,0.08,0.13,0.06,0.03,0.03,-0.2,0.07,-0.01,-0.02,-0.07,-0.11,-0.07,-0.11,-0.12,-0.12,0.1,-0.03,-0.08,0.03,-0.08,-0.1,-0.11,0.06,0.05,-0.06,-0.05,-0.06,-0.02,0.03,0.01,-0.06,-0.08,-0.07,0.04,0.01,-0.07,-0.02,-0.05,-0.04,0.0,-0.04,-0.03,-0.7183332813278216,1.173079552051688
JTs,0.01,0.15,0.18,0.14,0.12,-0.03,0.2,0.0,0.04,0.15,0.32,0.25,0.25,0.17,0.31,0.25,0.21,0.07,0.18,0.15,0.07,0.13,0.03,0.22,0.07,-0.05,-0.04,0.21,0.21,0.13,0.29,0.03,0.13,0.09,0.31,0.13,0.21,0.15,0.03,0.01,0.1,0.2,0.07,0.16,0.14,0.12,0.23,0.19,0.17,0.17,0.14,0.12,0.45,0.2,3.6170883621551195,0.9537556075126826
K2o,-0.37,-0.09,-0.2,-0.26,-0.3,-0.26,-0.27,-0.32,-0.35,-0.06,-0.06,-0.07,-0.07,-0.03,-0.06,-0.06,-0.05,-0.26,-0.19,-0.22,-0.25,-0.26,-0.29,-0.28,-0.3,-0.29,-0.11,-0.08,-0.11,-0.12,-0.07,-0.12,-0.1,-0.06,-0.08,-0.12,-0.07,-0.07,-0.07,-0.06,-0.12,-0.07,-0.05,-0.07,-0.07,-0.09,-0.07,-0.06,-0.07,-0.04,-0.06,-0.05,-0.06,-0.05,-3.2797855785066568,-0.7827858497786285
K2s,-0.22,0.01,-0.12,-0.13,-0.11,-0.22,-0.04,-0.33,-0.22,-0.12,0.05,0.0,0.04,-0.05,-0.05,-0.11,-0.02,-0.15,-0.05,-0.14,-0.08,-0.17,-0.21,-0.12,-0.17,-0.17,-0.16,-0.06,-0.03,-0.11,-0.19,-0.12,-0.03,-0.03,-0.05,-0.05,-0.12,-0.12,-0.14,-0.07,-0.11,-0.12,-0.02,0.01,-0.09,-0.12,0.0,-0.09,-0.09,0.02,-0.13,-0.05,-0.09,0.0,-2.248252340066927,0.4225171960217578
K3o,-0.38,-0.07,-0.19,-0.26,-0.29,-0.27,-0.32,-0.35,-0.33,-0.05,-0.04,-0.05,-0.05,-0.08,-0.04,-0.03,-0.03,-0.27,-0.16,-0.21,-0.25,-0.26,-0.3,-0.26,-0.25,-0.29,-0.13,-0.07,-0.1,-0.12,-0.11,-0.12,-0.09,-0.06,-0.1,-0.07,-0.07,-0.03,-0.07,-0.07,-0.01,-0.04,-0.08,-0.07,-0.07,-0.09,-0.05,-0.07,-0.08,-0.08,-0.03,-0.06,-0.05,-0.06,-3.152850490759406,-0.6995323044708001
K3s,-0.12,0.02,-0.02,-0.11,-0.13,-0.26,-0.1,-0.23,-0.25,-0.05,0.1,-0.01,-0.05,-0.06,-0.08,-0.09,-0.04,-0.12,-0.05,-0.08,-0.13,-0.17,-0.14,-0.11,-0.06,-0.16,-0.1,-0.04,-0.05,-0.17,-0.12,-0.1,-0.13,-0.12,-0.04,-0.18,-0.01,-0.07,-0.02,-0.1,-0.18,-0.02,-0.13,-0.05,-0.03,-0.07,-0.09,-0.1,-0.09,-0.04,-0.04,-0.01,-0.03,-0.08,-2.091954039460037,0.589160266279596
K4o,-0.37,-0.04,-0.18,-0.21,-0.28,-0.24,-0.32,-0.3,-0.32,0.01,-0.06,-0.06,-0.05,0.06,-0.06,-0.06,-0.06,-0.3,-0.18,-0.19,-0.22,-0.25,-0.26,-0.28,-0.27,-0.29,-0.11,-0.06,-0.1,-0.2,-0.1,-0.14,-0.12,-0.08,-0.06,-0.09,-0.08,-0.07,-0.07,-0.07,-0.04,-0.05,-0.08,-0.05,-0.06,-0.07,-0.07,-0.08,-0.08,-0.05,-0.07,-0.07,-0.05,-0.06,-3.1097042032518405,-0.508701778382559
K4s,-0.07,0.05,0.0,-0.1,-0.11,0.16,-0.05,0.09,-0.2,-0.09,0.15,-0.01,0.01,0.11,-0.15,0.1,-0.06,-0.16,-0.01,-0.04,-0.08,-0.12,-0.19,-0.21,-0.22,-0.18,-0.09,0.04,-0.04,-0.14,-0.15,-0.1,-0.02,-0.09,-0.03,-0.17,-0.03,-0.01,-0.03,0.03,0.0,-0.04,-0.08,-0.12,-0.04,0.06,-0.02,-0.05,-0.07,-0.01,-0.02,-0.06,-0.03,-0.03,-1.204442685480215,0.9659319681393882
K5o,-0.34,-0.04,-0.17,-0.23,-0.26,-0.34,-0.28,-0.28,-0.32,-0.03,-0.03,-0.07,-0.07,-0.05,-0.03,-0.03,-0.05,-0.29,-0.13,-0.19,-0.22,-0.25,-0.26,-0.24,-0.29,-0.25,-0.11,-0.09,-0.09,-0.11,-0.09,-0.1,-0.1,-0.08,-0.07,-0.08,-0.11,-0.09,-0.07,-0.07,-0.11,-0.07,-0.06,-0.06,-0.09,-0.07,-0.07,-0.07,-0.07,-0.06,-0.06,-0.07,-0.07,-0.09,-3.101795520279309,-0.41443881637422925
K5s,-0.13,0.08,0.05,-0.1,-0.14,0.07,-0.21,-0.15,-0.16,0.01,0.09,0.04,-0.02,0.1,0.08,-0.05,-0.08,-0.21,0.02,-0.02,-0.1,-0.16,-0.06,-0.15,-0.24,-0.17,-0.06,0.0,0.01,-0.02,-0.17,-0.07,-0.13,-0.04,-0.05,0.04,0.06,0.02,-0.02,-0.06,0.23,-0.04,-0.08,-0.12,-0.01,-0.06,-0.01,-0.03,0.01,-0.04,-0.07,-0.08,-0.04,0.02,-1.050309164837059,0.8239884568235142
K6o,-0.32,-0.01,-0.13,-0.18,-0.25,-0.3,-0.23,-0.29,-0.31,-0.06,-0.02,-0.05,-0.05,-0.09,-0.05,-0.04,-0.05,-0.27,-0.11,-0.17,-0.18,-0.22,-0.19,-0.19,-0.22,-0.23,-0.1,-0.07,-0.11,-0.12,-0.16,-0.07,-0.13,-0.05,-0.07,-0.04,-0.09,-0.07,-0.06,-0.07,-0.1,-0.05,-0.06,-0.09,-0.06,-0.06,-0.06,-0.07,-0.07,-0.07,-0.06,-0.06,-0.04,-0.06,-2.798381770553173,-0.19629120191095414
K6s,-0.17,0.05,-0.07,-0.02,-0.09,0.13,-0.11,-0.22,-0.22,-0.03,0.03,0.0,0.03,0.1,0.0,0.1,0.16,-0.17,0.05,-0.06,-0.1,-0.14,-0.13,-0.11,-0.07,-0.17,-0.11,0.07,-0.02,-0.14,-0.04,-0.06,0.02,0.03,-0.01,-0.07,-0.09,-0.1,-0.04,-0.03,0.07,0.02,-0.03,-0.08,-0.08,-0.02,-0.07,-0.06,-0.06,-0.07,-0.12,0.07,-0.1,0.01,-1.0360254033675427,0.710725889814721
K7o,-0.32,-0.02,-0.12,-0.16,-0.21,-0.25,-0.27,-0.27,-0.3,-0.04,0.01,-0.04,-0.04,-0.12,-0.03,-0.09,-0.08,-0.26,-0.1,-0.12,-0.16,-0.21,-0.24,-0.3,-0.23,-0.29,-0.13,-0.05,-0.08,-0.1,-0.1,-0.1,-0.13,-0.09,-0.07,-0.16,-0.08,-0.09,-0.08,-0.07,-0.1,-0.05,-0.06,-0.08,-0.07,-0.06,0.02,-0.06,-0.08,-0.05,-0.06,-0.06,-0.06,-0.05,-2.8216265730875283,0.009618185654536912
K7s,-0.12,0.06,0.03,-0.04,0.01,-0.14,-0.07,-0.17,-0.07,0.0,0.15,0.1,0.1,-0.01,0.16,0.11,0.0,-0.07,0.06,-0.03,-0.02,-0.07,0.07,-0.11,-0.11,-0.11,-0.09,0.04,0.03,0.0,0.07,-0.04,-0.12,-0.03,0.06,0.16,0.11,-0.07,0.0,0.12,0.17,-0.02,0.08,0.0,-0.04,-0.03,-0.02,-0.07,-0.04,0.03,-0.04,-0.04,-0.02,0.03,0.009414236350535461,0.8201494191862512
K8o,-0.28,0.01,-0.08,-0.16,-0.19,-0.24,-0.25,-0.26,-0.27,-0.08,0.01,-0.03,-0.06,-0.08,0.01,-0.08,-0.05,-0.27,-0.07,-0.11,-0.17,-0.16,-0.26,-0.28,-0.23,-0.27,-0.13,-0.04,-0.08,-0.1,-0.11,-0.11,-0.13,-0.1,-0.04,-0.09,-0.07,-0.08,-0.09,-0.09,-0.14,-0.06,-0.07,-0.07,-0.06,-0.12,-0.07,-0.09,-0.08,-0.07,-0.09,-0.07,-0.06,-0.06,-2.7584058145979236,0.30082724098930885
K8s,-0.12,0.1,-0.01,0.05,-0.06,0.04,-0.19,0.0,-0.11,0.01,0.13,0.07,0.09,0.06,0.16,0.08,0.04,-0.08,0.09,0.06,0.0,-0.07,-0.07,-0.06,-0.09,-0.13,-0.04,0.03,0.06,0.06,0.02,0.01,0.03,-0.02,0.08,0.0,0.05,0.07,-0.01,-0.03,-0.13,-0.04,0.02,0.06,0.0,0.13,0.0,-0.01,-0.09,0.07,-0.01,0.07,-0.02,0.0,0.21288319693984373,0.9489591605432378
K9o,-0.22,0.08,-0.04,-0.09,-0.11,-0.23,-0.15,-0.25,-0.22,-0.05,0.14,0.04,-0.01,0.04,-0.04,-0.03,-0.07,-0.26,0.03,-0.07,-0.1,-0.14,-0.12,-0.1,-0.16,-0.19,-0.13,0.02,-0.05,-0.14,-0.12,-0.1,-0.11,-0.1,-0.01,-0.09,-0.09,-0.1,-0.09,-0.09,-0.05,-0.06,-0.05,-0.09,-0.1,-0.09,-0.05,-0.07,-0.08,-0.08,-0.07,-0.1,-0.06,-0.06,-1.9739132433027282,1.058641336259743
K9s,-0.02,0.15,0.08,0.12,0.11,0.04,-0.08,-0.01,-0.04,0.02,0.26,0.27,0.23,0.09,0.18,0.12,0.07,-0.07,0.13,0.1,0.11,0.06,0.03,0.03,0.05,-0.03,-0.06,0.22,0.1,-0.01,0.06,0.06,0.07,0.04,0.15,0.25,0.12,-0.04,0.05,0.13,0.19,-0.09,0.0,0.07,0.03,0.07,0.09,0.03,0.02,0.19,0.1,0.07,0.1,0.09,1.8922852406950375,1.3676785862209615
KJo,-0.17,0.19,0.12,0.07,0.05,0.02,0.06,-0.08,-0.08,0.06,0.27,0.26,0.2,0.3,0.15,0.21,0.09,-0.08,0.15,0.08,0.07,0.03,-0.05,-0.03,-0.04,0.0,-0.03,0.19,0.13,0.04,-0.02,-0.03,0.03,-0.02,0.16,0.16,0.16,0.04,0.02,-0.03,0.21,0.11,0.1,0.09,-0.04,0.13,0.09,0.03,0.05,0.11,0.09,0.01,0.1,0.09,1.7882420933243837,1.4089660386424208
KJs,0.12,0.25,0.3,0.26,0.28,0.37,0.3,0.13,0.17,0.4,0.39,0.4,0.41,0.27,0.35,0.43,0.44,0.17,0.25,0.24,0.31,0.3,0.24,0.17,0.31,0.17,0.13,0.35,0.33,0.19,0.27,0.15,0.19,0.27,0.38,0.51,0.22,0.27,0.1,0.32,0.34,0.36,0.42,0.2,0.23,0.52,0.36,0.24,0.24,0.4,0.35,0.29,0.28,0.29,7.045953491051815,0.9382454840627207
KKo,1.73,0.95,1.32,1.49,1.72,1.88,1.64,1.53,1.62,2.09,1.35,1.67,1.72,1.81,1.84,1.78,2.06,1.9,0.98,1.37,1.52,1.73,1.28,1.77,1.74,1.69,1.72,1.55,1.64,1.63,1.58,1.84,1.7,1.7,1.65,1.53,1.61,1.54,1.66,1.59,1.75,1.71,1.73,1.73,1.9,1.8,1.67,1.75,2.01,1.8,1.96,1.97,1.95,1.94,40.7267928531535,-1.8879798718718714
KQo,0.0,0.2,0.17,0.14,0.15,0.23,0.05,0.06,-0.01,0.17,0.36,0.33,0.27,0.25,0.28,0.21,0.22,0.03,0.17,0.2,0.23,0.16,0.11,0.08,0.07,0.06,0.06,0.26,0.21,0.11,0.16,0.06,0.16,0.15,0.25,0.2,0.18,0.1,0.11,0.08,0.26,0.07,0.13,0.15,0.09,0.25,0.13,0.13,0.13,0.16,0.13,0.14,0.2,0.15,3.827604033790419,1.3868210147711548
KQs,0.17,0.37,0.35,0.32,0.3,0.18,0.07,0.29,0.37,0.42,0.5,0.59,0.52,0.3,0.58,0.46,0.68,0.36,0.3,0.36,0.28,0.32,0.67,0.4,0.41,0.35,0.4,0.41,0.44,0.62,0.3,0.38,0.42,0.31,0.45,0.53,0.12,0.31,0.38,0.36,0.36,0.26,0.28,0.44,0.31,0.32,0.37,0.38,0.42,0.4,0.41,0.45,0.42,0.4,9.29115355349197,0.7294305801168954
KTo,-0.16,0.14,0.06,0.06,-0.03,-0.01,-0.05,-0.22,-0.1,0.07,0.2,0.14,0.13,0.15,0.02,0.01,0.04,-0.2,0.1,0.05,-0.01,-0.01,0.11,-0.03,-0.09,-0.07,-0.07,0.11,0.06,0.06,0.0,-0.08,-0.06,-0.09,0.06,0.07,-0.03,-0.04,0.01,-0.06,0.03,-0.03,-0.02,-0.02,-0.06,0.09,0.04,-0.06,-0.06,-0.01,-0.03,-0.04,0.0,0.0,0.08351380395292275,1.5492454143086598
KTs,0.03,0.28,0.2,0.21,0.2,0.35,0.2,0.19,0.01,0.31,0.36,0.39,0.28,0.38,0.16,0.29,0.15,0.15,0.25,0.21,0.17,0.22,0.19,0.09,0.07,0.08,0.11,0.29,0.29,0.2,0.05,0.24,0.1,0.19,0.22,0.02,-0.05,0.22,0.06,0.15,0.25,0.17,0.23,0.37,0.1,0.27,0.21,0.1,0.27,0.23,0.14,0.06,0.28,0.09,4.670228203866426,1.5820419966376136
Q2o,-0.4,-0.11,-0.22,-0.27,-0.33,-0.35,-0.37,-0.33,-0.38,-0.04,-0.06,-0.05,-0.05,-0.02,-0.04,-0.03,-0.03,-0.3,-0.23,-0.24,-0.25,-0.26,-0.29,-0.3,-0.25,-0.28,-0.11,-0.07,-0.07,-0.06,-0.09,-0.1,-0.1,-0.05,-0.05,-0.05,-0.04,-0.05,-0.06,-0.04,-0.07,-0.04,-0.05,-0.04,-0.05,-0.05,0.0,-0.03,-0.05,-0.05,-0.03,-0.04,-0.02,-0.04,-3.0833621698823133,-1.1868104980581182
Q2s,-0.24,-0.01,-0.09,-0.15,-0.22,-0.15,-0.22,-0.27,-0.13,-0.08,-0.07,-0.06,-0.08,-0.11,-0.1,0.01,-0.07,-0.29,-0.16,-0.18,-0.15,-0.17,-0.17,-0.12,-0.17,-0.23,-0.11,-0.08,-0.12,-0.15,-0.13,-0.08,-0.12,-0.1,-0.06,-0.24,0.0,-0.1,-0.13,-0.11,-0.06,0.03,-0.12,-0.08,-0.1,-0.03,-0.04,-0.06,-0.05,-0.25,-0.05,-0.11,-0.06,-0.1,-2.813492243166919,0.08259352875010023
Q3o,-0.34,-0.11,-0.23,-0.28,-0.3,-0.34,-0.32,-0.34,-0.33,-0.04,-0.04,-0.03,-0.05,-0.07,-0.03,-0.04,-0.04,-0.27,-0.19,-0.23,-0.23,-0.28,-0.16,-0.26,-0.28,-0.29,-0.12,-0.06,-0.07,-0.12,-0.11,-0.09,-0.1,-0.03,-0.04,-0.07,-0.09,-0.05,-0.05,-0.05,-0.06,-0.04,-0.04,-0.04,-0.03,-0.06,-0.04,-0.04,-0.05,-0.03,-0.03,-0.05,-0.04,-0.04,-2.997938096928998,-1.0242118904751574
Q3s,-0.33,0.0,-0.12,-0.18,-0.17,-0.24,-0.03,-0.22,-0.23,0.01,-0.01,-0.02,-0.03,-0.06,-0.02,-0.08,-0.01,-0.27,-0.1,-0.08,-0.18,-0.17,-0.19,-0.24,-0.26,-0.24,-0.01,0.01,-0.11,0.13,-0.1,-0.13,-0.17,-0.12,-0.07,0.01,-0.11,-0.12,-0.09,-0.08,-0.08,-0.13,-0.05,-0.12,-0.01,0.02,-0.14,-0.08,-0.07,-0.04,-0.07,-0.13,-0.05,-0.13,-2.4435176388633892,0.2534486227418574
Q4o,-0.39,-0.1,-0.22,-0.27,-0.32,-0.33,-0.26,-0.33,-0.35,-0.05,-0.03,-0.05,-0.06,-0.07,-0.06,-0.05,-0.04,-0.27,-0.2,-0.24,-0.24,-0.23,-0.28,-0.3,-0.28,-0.32,-0.08,-0.06,-0.07,-0.06,-0.11,-0.1,-0.09,-0.05,-0.05,-0.07,-0.05,-0.07,-0.05,-0.03,-0.09,-0.06,-0.06,-0.04,-0.04,-0.01,-0.04,-0.05,-0.04,-0.01,-0.04,-0.04,-0.06,-0.03,-3.0465168275640964,-1.0228091110905322
Q4s,-0.25,-0.03,-0.08,-0.08,-0.17,-0.33,-0.19,-0.22,-0.27,-0.06,-0.02,-0.08,-0.02,-0.11,0.04,-0.06,-0.08,-0.19,-0.04,-0.1,-0.08,-0.19,-0.15,-0.04,-0.16,-0.25,-0.09,-0.09,-0.1,-0.08,-0.12,-0.1,-0.19,-0.11,-0.06,-0.03,-0.07,-0.09,-0.12,-0.1,0.0,-0.15,-0.03,-0.1,-0.12,-0.08,-0.1,-0.06,-0.07,-0.07,-0.01,-0.01,-0.11,-0.05,-2.4569104182300694,0.3609255807974272
Q5o,-0.39,-0.09,-0.21,-0.22,-0.29,-0.18,-0.3,-0.34,-0.34,-0.05,-0.04,-0.03,-0.06,-0.07,-0.06,-0.04,-0.04,-0.31,-0.18,-0.21,-0.24,-0.25,-0.24,-0.3,-0.29,-0.29,-0.1,-0.06,-0.09,-0.08,-0.11,-0.09,-0.09,-0.07,-0.05,-0.07,-0.05,-0.06,-0.04,-0.04,-0.05,-0.02,-0.06,-0.06,-0.05,-0.04,-0.05,-0.04,-0.03,-0.04,-0.05,-0.05,-0.03,-0.04,-2.952626753476714,-0.8132069553508082
Q5s,-0.15,0.04,-0.06,-0.19,-0.19,-0.42,-0.17,-0.25,-0.23,-0.09,-0.02,-0.03,-0.02,-0.02,0.0,0.0,-0.04,-0.21,0.0,-0.07,-0.12,-0.16,-0.11,-0.07,-0.25,-0.2,-0.02,-0.02,-0.08,-0.05,-0.01,-0.12,-0.11,-0.03,-0.02,0.03,0.11,-0.11,-0.08,-0.09,-0.05,-0.08,-0.15,-0.08,-0.05,-0.05,-0.07,-0.07,-0.06,-0.02,-0.07,-0.12,-0.06,-0.06,-2.016900563346467,0.37896039670164106
Q6o,-0.38,-0.07,-0.18,-0.23,-0.28,-0.29,-0.32,-0.34,-0.35,-0.06,-0.03,-0.04,-0.05,0.04,-0.03,-0.04,-0.05,-0.28,-0.13,-0.22,-0.21,-0.26,-0.26,-0.27,-0.29,-0.29,-0.11,-0.07,-0.07,-0.08,-0.03,-0.12,-0.08,-0.06,-0.05,-0.12,-0.08,-0.06,-0.06,-0.06,-0.04,-0.07,-0.05,-0.05,-0.06,-0.08,-0.06,-0.07,-0.05,-0.06,-0.04,-0.05,-0.04,-0.04,-2.959729054204416,-0.6115459062504842
Q6s,-0.15,0.0,-0.08,-0.07,-0.13,-0.05,-0.29,-0.17,-0.2,-0.03,0.07,0.01,-0.02,-0.03,-0.11,-0.07,0.07,-0.2,-0.02,-0.08,-0.13,-0.17,-0.11,-0.03,-0.18,-0.23,-0.16,0.0,-0.08,0.03,-0.1,-0.08,-0.09,-0.09,-0.05,0.0,-0.08,-0.05,-0.07,-0.05,-0.03,-0.03,-0.1,-0.17,-0.13,0.18,0.0,-0.02,-0.03,-0.09,-0.09,-0.07,-0.05,-0.03,-1.7424424777103755,0.5867749859968505
Q7o,-0.34,-0.05,-0.17,-0.18,-0.29,-0.32,-0.33,-0.3,-0.37,-0.05,-0.04,-0.03,-0.06,-0.06,-0.03,-0.03,-0.03,-0.29,-0.12,-0.16,-0.2,-0.24,-0.23,-0.23,-0.26,-0.29,-0.11,-0.07,-0.09,-0.12,-0.1,-0.07,-0.09,-0.07,-0.07,-0.01,-0.06,-0.06,-0.05,-0.06,-0.06,-0.03,-0.08,-0.03,-0.07,-0.03,-0.06,-0.05,-0.05,-0.05,-0.07,-0.06,-0.05,-0.07,-2.855354573871597,-0.4954978422230101
Q7s,-0.17,0.03,-0.01,-0.08,-0.11,-0.1,-0.17,-0.17,-0.17,0.04,0.05,0.1,-0.02,0.08,0.08,0.0,-0.05,-0.2,0.0,-0.11,-0.05,-0.12,-0.2,-0.16,-0.22,-0.2,-0.04,0.0,0.0,-0.13,-0.11,-0.09,-0.09,-0.12,0.0,-0.18,0.01,-0.11,-0.12,-0.1,0.19,-0.02,-0.07,-0.16,-0.08,0.06,-0.05,-0.13,-0.04,-0.11,-0.04,-0.03,-0.09,-0.06,-1.6111969165557798,0.8455541062055175
Q8o,-0.3,-0.04,-0.14,-0.16,-0.23,-0.26,-0.24,-0.29,-0.32,-0.07,0.01,-0.01,-0.05,-0.03,-0.06,-0.05,-0.04,-0.28,-0.08,-0.12,-0.18,-0.19,-0.24,-0.26,-0.24,-0.28,-0.11,-0.05,-0.08,-0.09,-0.11,-0.12,-0.09,-0.1,-0.08,-0.02,-0.08,-0.05,-0.06,-0.08,-0.04,-0.04,-0.08,-0.07,-0.09,-0.09,-0.07,-0.05,-0.03,-0.08,-0.05,-0.07,-0.07,-0.05,-2.709326870602077,-0.05182763898766667
Q8s,-0.18,0.11,0.02,0.01,-0.1,0.09,-0.11,-0.11,-0.16,0.02,0.14,0.08,0.02,0.22,0.01,-0.14,0.06,-0.1,0.04,-0.01,-0.03,-0.09,-0.17,-0.19,-0.15,-0.1,-0.07,0.11,0.03,0.02,0.14,-0.09,-0.03,-0.07,-0.02,0.04,-0.03,-0.02,-0.03,-0.12,0.04,0.22,0.01,0.04,0.02,0.03,-0.03,-0.02,0.02,-0.06,-0.08,-0.06,0.01,-0.07,-0.33904703753830556,1.0250046665539112
Q9o,-0.22,0.02,-0.03,-0.14,-0.18,-0.24,-0.11,-0.24,-0.21,-0.07,0.04,0.07,-0.04,0.1,-0.06,-0.07,-0.03,-0.25,-0.02,-0.09,-0.06,-0.15,-0.22,-0.2,-0.22,-0.2,-0.11,-0.01,-0.06,-0.1,-0.06,-0.1,-0.13,-0.11,-0.03,-0.1,-0.08,-0.02,-0.06,-0.05,-0.02,-0.08,-0.04,-0.09,-0.09,-0.04,-0.04,-0.09,-0.08,-0.06,-0.09,-0.05,-0.07,-0.05,-2.070924986102441,0.6123778149015006
Q9s,-0.13,0.16,0.07,0.04,0.01,-0.15,-0.03,-0.01,-0.14,0.0,0.18,0.21,0.19,0.12,0.17,0.23,0.08,-0.07,0.03,0.01,0.04,0.06,0.04,0.06,0.08,-0.02,-0.04,0.2,0.12,0.29,0.09,-0.02,0.04,0.11,0.11,0.07,0.24,-0.06,0.07,0.07,0.05,0.02,0.0,0.05,0.06,0.31,0.08,0.05,-0.07,0.09,-0.01,-0.01,-0.04,0.01,1.4692912882285205,0.9293391403441082
QJo,-0.11,0.11,0.11,0.05,0.03,0.0,-0.16,-0.07,-0.13,0.02,0.25,0.19,0.17,0.24,0.08,0.02,0.03,-0.1,0.16,0.07,0.03,-0.01,-0.14,-0.11,-0.1,-0.12,-0.1,0.12,0.11,-0.03,0.0,-0.02,-0.02,-0.08,0.14,0.01,0.06,0.06,-0.07,-0.01,0.05,0.06,0.03,-0.01,-0.1,0.01,0.12,-0.03,0.03,0.18,-0.02,-0.03,0.04,0.02,0.5430656047910742,1.5503232887643852
QJs,0.07,0.24,0.29,0.16,0.15,0.29,0.14,0.16,0.06,0.23,0.3,0.31,0.35,0.52,0.41,0.11,0.39,0.17,0.16,0.25,0.22,0.31,0.22,-0.04,0.12,0.06,0.15,0.31,0.27,0.15,0.45,0.2,0.25,0.11,0.34,0.39,0.26,0.18,0.13,0.16,0.3,0.26,0.3,0.2,0.3,0.35,0.29,0.21,0.13,0.25,0.25,0.2,0.21,0.34,5.703339537460105,0.9213174745843212
QQo,1.22,0.85,1.05,1.14,1.3,0.88,1.04,1.16,1.14,1.36,1.2,1.24,1.46,1.39,1.41,1.33,1.36,1.18,0.88,1.04,1.2,1.31,1.23,1.34,1.13,0.99,1.28,1.18,1.27,1.26,1.21,1.09,1.27,1.21,1.32,0.89,1.12,1.16,1.13,1.21,1.07,1.27,1.32,1.2,1.22,1.5,1.19,1.24,1.24,1.51,1.33,1.22,1.26,1.49,29.49660367690465,0.17311759918645955
QTo,-0.16,0.09,0.03,-0.01,-0.04,-0.08,-0.08,-0.09,-0.14,0.01,0.15,0.14,0.06,0.02,0.11,0.01,0.03,-0.16,0.07,-0.01,-0.04,-0.04,-0.01,-0.14,-0.15,-0.14,-0.1,0.09,0.03,-0.04,-0.09,-0.06,-0.12,-0.07,0.07,-0.02,-0.09,-0.08,-0.06,-0.05,0.09,-0.09,-0.04,-0.05,-0.08,0.01,0.02,-0.1,-0.12,-0.03,-0.03,-0.03,0.02,-0.03,-0.6900161517090657,1.3664442944225716
QTs,-0.03,0.2,0.13,0.15,0.16,0.27,0.11,-0.03,0.09,0.07,0.33,0.35,0.3,0.23,0.13,0.31,0.26,0.02,0.19,0.17,0.12,0.11,0.16,-0.09,0.01,0.18,0.04,0.28,0.25,0.4,0.32,0.11,0.1,0.12,0.27,0.27,0.23,0.09,0.24,0.11,0.16,0.18,0.12,0.06,0.02,0.08,0.21,0.11,0.15,0.26,0.29,0.15,0.17,0.12,4.035760610101614,1.222538782175207
T2o,-0.42,-0.15,-0.25,-0.3,-0.35,-0.33,-0.35,-0.37,-0.37,-0.01,-0.02,-0.03,-0.02,-0.06,-0.02,-0.02,-0.01,-0.28,-0.23,-0.26,-0.25,-0.25,-0.28,-0.26,-0.29,-0.28,-0.1,-0.03,-0.04,-0.09,-0.08,-0.06,-0.08,-0.01,-0.03,-0.04,-0.02,-0.02,-0.03,-0.02,-0.03,0.01,-0.02,-0.02,-0.02,0.01,-0.02,-0.02,-0.02,0.0,-0.02,-0.02,-0.02,-0.01,-2.7815558322713696,-1.5043352799701541
T2s,-0.31,-0.08,-0.16,-0.22,-0.26,-0.29,-0.29,-0.32,-0.36,-0.1,-0.12,-0.06,-0.07,-0.08,-0.06,-0.08,-0.08,-0.29,-0.17,-0.2,-0.21,-0.24,0.04,-0.3,-0.31,-0.28,-0.11,-0.06,-0.11,-0.13,-0.14,-0.1,-0.11,-0.1,-0.11,-0.19,-0.1,-0.05,-0.11,-0.08,-0.04,-0.06,-0.06,0.02,-0.07,-0.05,-0.07,-0.04,-0.07,-0.06,-0.05,-0.1,-0.01,-0.06,-3.1733337311877734,-0.5804795043069714
T3o,-0.41,-0.14,-0.21,-0.29,-0.34,-0.39,-0.38,-0.36,-0.41,-0.02,-0.02,-0.02,-0.02,-0.02,-0.02,-0.02,-0.01,-0.28,-0.25,-0.26,-0.26,-0.26,-0.3,-0.29,-0.25,-0.26,-0.09,-0.03,-0.05,-0.09,-0.08,-0.08,-0.07,-0.03,-0.02,-0.04,-0.04,-0.02,-0.02,-0.03,-0.02,-0.02,-0.03,-0.02,-0.01,-0.02,-0.02,-0.02,-0.01,-0.02,-0.02,-0.02,-0.03,-0.02,-2.8436895660091586,-1.4707667790329548
T3s,-0.3,-0.09,-0.19,-0.25,-0.23,-0.37,-0.09,-0.3,-0.33,-0.11,-0.07,-0.05,-0.06,-0.1,0.04,-0.02,-0.06,-0.23,-0.16,-0.21,-0.23,-0.23,-0.24,-0.24,-0.26,-0.25,-0.11,-0.08,-0.09,-0.19,-0.12,-0.1,-0.13,-0.07,-0.08,-0.22,-0.08,-0.07,-0.08,-0.04,-0.07,0.15,-0.12,-0.09,-0.04,-0.13,-0.07,-0.13,-0.03,-0.07,-0.08,-0.05,-0.04,-0.04,-3.0845419629312216,-0.6550755359186796
T4o,-0.41,-0.13,-0.25,-0.3,-0.35,-0.33,-0.36,-0.37,-0.37,-0.01,-0.02,-0.02,-0.02,-0.04,-0.04,-0.02,-0.03,-0.27,-0.23,-0.24,-0.25,-0.25,-0.24,-0.29,-0.28,-0.27,-0.09,-0.03,-0.05,-0.1,-0.1,-0.08,-0.09,-0.03,-0.02,-0.02,-0.02,-0.02,-0.03,-0.01,-0.02,-0.03,-0.03,0.0,0.0,-0.01,-0.02,-0.02,-0.02,-0.02,-0.02,-0.02,-0.02,-0.01,-2.786447728713814,-1.4198186081207194
T4s,-0.33,-0.07,-0.2,-0.18,-0.24,-0.24,-0.31,-0.22,-0.2,-0.06,-0.07,-0.03,-0.08,-0.07,0.04,-0.07,-0.09,-0.26,-0.16,-0.14,-0.25,-0.22,-0.25,-0.16,-0.23,-0.19,-0.12,-0.06,-0.07,-0.06,0.13,-0.14,-0.07,-0.09,-0.06,-0.08,-0.12,-0.11,-0.11,-0.08,-0.11,-0.09,-0.08,-0.12,-0.07,-0.11,-0.07,-0.07,-0.11,-0.07,-0.08,-0.13,-0.07,-0.05,-2.9087519754917754,-0.23844561861499478
T5o,-0.39,-0.11,-0.24,-0.3,-0.33,-0.38,-0.36,-0.35,-0.38,-0.02,-0.03,-0.02,-0.02,-0.02,-0.03,-0.03,-0.02,-0.29,-0.2,-0.23,-0.24,-0.24,-0.28,-0.26,-0.27,-0.29,-0.09,-0.04,-0.04,-0.1,-0.08,-0.08,-0.08,-0.03,-0.03,-0.03,-0.03,-0.03,-0.02,-0.03,-0.03,-0.03,-0.03,-0.03,-0.02,-0.03,-0.02,-0.03,-0.02,-0.03,-0.03,-0.03,-0.02,-0.02,-2.8180811508048778,-1.2599458246544022
T5s,-0.23,-0.04,-0.14,-0.22,-0.24,-0.23,-0.25,-0.25,-0.27,-0.08,-0.05,-0.06,-0.03,-0.09,-0.08,-0.04,-0.07,-0.28,-0.14,-0.2,-0.19,-0.18,0.09,-0.29,-0.18,-0.28,-0.1,-0.06,-0.11,-0.11,-0.11,-0.09,-0.13,-0.07,-0.09,-0.05,0.04,-0.04,-0.09,-0.01,-0.03,-0.16,-0.06,-0.07,-0.09,-0.09,-0.1,-0.07,-0.05,-0.07,-0.19,-0.02,-0.09,-0.04,-2.753350622399664,-0.22049918343982047
T6o,-0.36,-0.1,-0.2,-0.27,-0.28,-0.35,-0.36,-0.34,-0.35,-0.03,-0.02,-0.02,-0.02,-0.03,-0.03,0.02,-0.02,-0.3,-0.19,-0.21,-0.24,-0.23,-0.29,-0.25,-0.24,-0.28,-0.1,-0.01,-0.05,-0.1,-0.08,-0.06,-0.08,-0.04,-0.02,-0.04,0.01,-0.05,-0.03,-0.03,-0.02,-0.02,-0.03,-0.02,-0.01,-0.04,-0.02,-0.02,-0.03,-0.02,-0.02,-0.02,-0.02,-0.02,-2.625170652004619,-1.093479008391604
T6s,-0.31,-0.04,-0.07,-0.17,-0.19,-0.34,-0.13,-0.26,-0.31,-0.05,0.0,0.0,-0.03,0.22,-0.08,-0.09,-0.11,-0.19,-0.08,-0.12,-0.14,-0.17,-0.12,-0.32,-0.14,-0.26,-0.14,-0.06,-0.06,-0.1,-0.04,-0.14,-0.13,-0.12,-0.08,-0.18,-0.23,-0.01,-0.13,-0.11,-0.06,-0.04,-0.01,-0.09,-0.06,-0.02,0.0,-0.12,-0.11,-0.03,-0.08,-0.07,-0.13,-0.07,-2.623597782594643,0.260308155980965
T7o,-0.33,-0.06,-0.17,-0.22,-0.25,-0.27,-0.26,-0.28,-0.34,-0.03,-0.02,-0.01,-0.03,-0.03,-0.08,-0.01,-0.01,-0.26,-0.16,-0.2,-0.2,-0.22,-0.21,-0.27,-0.23,-0.28,-0.07,-0.05,-0.05,-0.1,-0.12,-0.09,-0.05,-0.04,-0.04,-0.07,-0.04,-0.03,-0.04,-0.03,-0.03,-0.01,-0.03,-0.04,-0.03,-0.03,-0.03,-0.03,-0.01,0.02,-0.02,-0.05,-0.03,-0.03,-2.4691654141491135,-0.7560913537928612
T7s,-0.15,0.04,-0.04,-0.08,-0.16,-0.14,-0.19,-0.15,-0.28,-0.09,0.02,0.1,0.04,0.09,0.04,0.01,0.01,-0.17,-0.03,-0.05,-0.07,-0.12,-0.1,-0.13,-0.18,-0.2,-0.12,0.07,-0.06,0.07,-0.06,-0.03,-0.12,-0.07,0.02,0.01,-0.06,-0.09,-0.05,-0.04,0.08,-0.05,-0.03,-0.11,-0.06,0.02,-0.02,-0.09,-0.09,0.06,0.03,0.03,-0.01,0.06,-1.1724456468229796,0.5297237799047025
T8o,-0.29,-0.03,-0.1,-0.19,-0.21,-0.26,-0.15,-0.28,-0.29,-0.04,0.01,0.01,-0.01,0.01,-0.01,-0.03,-0.04,-0.25,-0.06,-0.16,-0.15,-0.2,-0.24,-0.23,-0.26,-0.23,-0.11,-0.04,-0.06,-0.02,-0.12,-0.1,-0.09,-0.06,-0.04,-0.04,-0.1,-0.01,-0.04,-0.04,-0.04,0.0,0.0,-0.06,-0.06,-0.02,-0.03,-0.05,-0.04,-0.04,-0.06,-0.05,-0.03,-0.04,-2.224811117860357,-0.14936893329855927
T8s,-0.16,0.12,0.01,-0.04,-0.09,-0.05,-0.09,-0.11,-0.2,0.08,0.14,0.13,0.07,0.18,0.04,0.05,0.01,-0.13,0.03,0.06,-0.04,-0.09,-0.14,-0.18,-0.13,-0.13,-0.02,0.08,0.04,0.11,-0.1,-0.06,0.0,-0.07,0.08,-0.09,-0.02,-0.07,-0.01,0.02,0.1,-0.03,0.05,-0.06,0.01,-0.11,0.11,-0.05,0.04,0.0,0.07,0.03,0.03,0.06,-0.17679978574648955,0.8264430410101966
T9o,-0.31,0.03,-0.05,-0.13,-0.15,-0.16,-0.23,-0.28,-0.21,-0.07,0.04,0.05,0.01,-0.01,-0.05,-0.03,-0.06,-0.14,0.02,-0.06,-0.13,-0.14,-0.03,0.07,-0.13,-0.24,-0.09,0.0,-0.07,-0.05,-0.13,-0.11,-0.11,-0.07,-0.01,-0.07,0.03,-0.09,-0.08,-0.08,-0.05,-0.01,-0.06,-0.06,-0.07,0.03,0.01,-0.08,-0.07,0.02,-0.09,-0.09,-0.05,-0.05,-1.7232218063725964,0.6455222272944298
T9s,-0.1,0.12,0.1,0.05,-0.01,0.08,0.07,-0.09,-0.13,0.11,0.14,0.26,0.15,0.46,0.05,0.12,0.06,-0.08,0.17,0.03,-0.01,-0.01,-0.12,-0.06,-0.01,-0.13,-0.05,0.16,0.12,0.13,0.07,-0.01,0.02,-0.02,0.14,0.07,0.28,-0.1,-0.04,0.09,0.05,-0.01,0.06,-0.01,-0.1,0.0,0.09,0.04,0.05,0.01,0.09,0.02,0.11,0.06,1.192788196761501,1.3026537157811529
TTo,0.37,0.63,0.64,0.69,0.58,0.51,0.37,0.51,0.37,0.56,0.79,0.83,0.81,0.87,0.75,0.62,0.6,0.38,0.63,0.71,0.65,0.6,0.4,0.42,0.44,0.41,0.43,0.79,0.68,0.56,0.42,0.45,0.38,0.52,0.77,0.8,0.63,0.4,0.55,0.45,0.65,0.27,0.62,0.5,0.42,0.32,0.56,0.46,0.46,0.6,0.65,0.54,0.62,0.5,13.702956963032186,2.7681321523547084
